Date,Open,High,Low,Close,Volume,Dividends,Stock Splits,Symbol,Market_Cap,PE_Ratio,Dividend_Yield,52Week_High,52Week_Low
2024-02-06 00:00:00+05:30,1431.256637826339,1431.256637826339,1409.3934322746634,1417.3099365234375,9047984,0.0,0.0,RELIANCE.NS,19632912072704,23.59408,0.38,1611.8,1114.85
2024-02-07 00:00:00+05:30,1425.3752031215413,1438.8504181404362,1418.7491963623445,1431.554443359375,9296568,0.0,0.0,RELIANCE.NS,19632912072704,23.59408,0.38,1611.8,1114.85
2024-02-08 00:00:00+05:30,1439.3467435794867,1448.752105824393,1417.0368932886952,1439.4708251953125,14694634,0.0,0.0,RELIANCE.NS,19632912072704,23.59408,0.38,1611.8,1114.85
2024-02-09 00:00:00+05:30,1443.31729322881,1461.1602045826953,1440.2896534634558,1450.0177001953125,12556798,0.0,0.0,RELIANCE.NS,19632912072704,23.59408,0.38,1611.8,1114.85
2024-02-12 00:00:00+05:30,1450.017752117624,1450.2659153474917,1431.7529141646626,1441.679443359375,6674430,0.0,0.0,RELIANCE.NS,19632912072704,23.59408,0.38,1611.8,1114.85
2024-02-13 00:00:00+05:30,1444.806250056761,1468.1335924657844,1443.3172707540573,1454.335693359375,7715594,0.0,0.0,RELIANCE.NS,19632912072704,23.59408,0.38,1611.8,1114.85
2024-02-14 00:00:00+05:30,1446.7916226083244,1472.749520552248,1446.7916226083244,1470.4912109375,7117888,0.0,0.0,RELIANCE.NS,19632912072704,23.59408,0.38,1611.8,1114.85
2024-02-15 00:00:00+05:30,1472.4517353218182,1473.8166331337911,1455.7503978374216,1459.79541015625,10006782,0.0,0.0,RELIANCE.NS,19632912072704,23.59408,0.38,1611.8,1114.85
2024-02-16 00:00:00+05:30,1465.6271998466532,1466.1483668657747,1447.8339689108675,1449.843994140625,9767498,0.0,0.0,RELIANCE.NS,19632912072704,23.59408,0.38,1611.8,1114.85
2024-02-19 00:00:00+05:30,1451.3082561823699,1468.6300012389227,1442.8458657695369,1463.17041015625,6729828,0.0,0.0,RELIANCE.NS,19632912072704,23.59408,0.38,1611.8,1114.85
2024-02-20 00:00:00+05:30,1464.1878968342883,1464.659382736365,1451.0600862084646,1460.21728515625,7117496,0.0,0.0,RELIANCE.NS,19632912072704,23.59408,0.38,1611.8,1114.85
2024-02-21 00:00:00+05:30,1463.170510366537,1477.5888193115914,1446.8414171157522,1456.916748046875,12720292,0.0,0.0,RELIANCE.NS,19632912072704,23.59408,0.38,1611.8,1114.85
2024-02-22 00:00:00+05:30,1457.36346935178,1474.0399663973683,1447.2880175600008,1470.863525390625,18493728,0.0,0.0,RELIANCE.NS,19632912072704,23.59408,0.38,1611.8,1114.85
2024-02-23 00:00:00+05:30,1478.556551746289,1486.5474563697878,1472.4517119404402,1482.6512451171875,14438584,0.0,0.0,RELIANCE.NS,19632912072704,23.59408,0.38,1611.8,1114.85
2024-02-26 00:00:00+05:30,1482.5768223248915,1483.5446346905887,1471.607959051116,1476.3974609375,7513106,0.0,0.0,RELIANCE.NS,19632912072704,23.59408,0.38,1611.8,1114.85
2024-02-27 00:00:00+05:30,1472.1291493159843,1488.9297276070065,1467.1907251784094,1474.73486328125,10826044,0.0,0.0,RELIANCE.NS,19632912072704,23.59408,0.38,1611.8,1114.85
2024-02-28 00:00:00+05:30,1472.1042938560004,1480.3185210789975,1439.5205099276588,1444.930419921875,8647950,0.0,0.0,RELIANCE.NS,19632912072704,23.59408,0.38,1611.8,1114.85
2024-02-29 00:00:00+05:30,1454.2365988812116,1468.1088998815815,1443.8385832706604,1450.0675048828125,23628976,0.0,0.0,RELIANCE.NS,19632912072704,23.59408,0.38,1611.8,1114.85
2024-03-01 00:00:00+05:30,1452.7475417409498,1488.979373154373,1451.7548888255137,1481.1622314453125,12132926,0.0,0.0,RELIANCE.NS,19632912072704,23.59408,0.38,1611.8,1114.85
2024-03-04 00:00:00+05:30,1479.5243736818861,1501.337897909408,1476.2982516112518,1496.3250732421875,10024420,0.0,0.0,RELIANCE.NS,19632912072704,23.59408,0.38,1611.8,1114.85
2024-03-05 00:00:00+05:30,1494.712091681268,1496.3251528023525,1475.1320355384912,1489.177978515625,7107668,0.0,0.0,RELIANCE.NS,19632912072704,23.59408,0.38,1611.8,1114.85
2024-03-06 00:00:00+05:30,1482.4773919378927,1497.9131926576536,1467.6372798835923,1491.957275390625,7805676,0.0,0.0,RELIANCE.NS,19632912072704,23.59408,0.38,1611.8,1114.85
2024-03-07 00:00:00+05:30,1491.9325571368477,1492.056638756749,1464.7091224345347,1468.059326171875,8315726,0.0,0.0,RELIANCE.NS,19632912072704,23.59408,0.38,1611.8,1114.85
2024-03-11 00:00:00+05:30,1478.060279979328,1478.060279979328,1452.747629113329,1455.8248291015625,11277130,0.0,0.0,RELIANCE.NS,19632912072704,23.59408,0.38,1611.8,1114.85
2024-03-12 00:00:00+05:30,1455.8247263461558,1477.0675227494196,1454.261346490045,1464.5849609375,9432678,0.0,0.0,RELIANCE.NS,19632912072704,23.59408,0.38,1611.8,1114.85
2024-03-13 00:00:00+05:30,1468.9029635812572,1472.2034859914554,1417.2850129833478,1421.6527099609375,13522134,0.0,0.0,RELIANCE.NS,19632912072704,23.59408,0.38,1611.8,1114.85
2024-03-14 00:00:00+05:30,1429.1223094125826,1437.8825438227764,1415.0266869213976,1420.957763671875,18571102,0.0,0.0,RELIANCE.NS,19632912072704,23.59408,0.38,1611.8,1114.85
2024-03-15 00:00:00+05:30,1415.4733954219128,1422.694969713975,1402.5193474045138,1407.80517578125,19223818,0.0,0.0,RELIANCE.NS,19632912072704,23.59408,0.38,1611.8,1114.85
2024-03-18 00:00:00+05:30,1409.56727675182,1431.1326391984185,1406.1178317705178,1428.899169921875,9169392,0.0,0.0,RELIANCE.NS,19632912072704,23.59408,0.38,1611.8,1114.85
2024-03-19 00:00:00+05:30,1418.252849649116,1427.0378036957165,1406.8373411480031,1414.778564453125,8275764,0.0,0.0,RELIANCE.NS,19632912072704,23.59408,0.38,1611.8,1114.85
2024-03-20 00:00:00+05:30,1417.4587350761735,1434.3835163859578,1413.562644941621,1433.1427001953125,8488806,0.0,0.0,RELIANCE.NS,19632912072704,23.59408,0.38,1611.8,1114.85
2024-03-21 00:00:00+05:30,1441.8532357214951,1447.1887452733042,1434.060934378195,1440.3145751953125,13006936,0.0,0.0,RELIANCE.NS,19632912072704,23.59408,0.38,1611.8,1114.85
2024-03-22 00:00:00+05:30,1439.321893152815,1449.2732629085037,1436.716179238339,1444.3348388671875,19527608,0.0,0.0,RELIANCE.NS,19632912072704,23.59408,0.38,1611.8,1114.85
2024-03-26 00:00:00+05:30,1434.3835274360674,1441.7291835759677,1428.4276096750873,1430.983642578125,11415906,0.0,0.0,RELIANCE.NS,19632912072704,23.59408,0.38,1611.8,1114.85
2024-03-27 00:00:00+05:30,1437.3613782559069,1488.979328303771,1436.368725370371,1481.8818359375,16326644,0.0,0.0,RELIANCE.NS,19632912072704,23.59408,0.38,1611.8,1114.85
2024-03-28 00:00:00+05:30,1481.90676076149,1494.8856495085238,1467.786296896486,1474.933349609375,21854364,0.0,0.0,RELIANCE.NS,19632912072704,23.59408,0.38,1611.8,1114.85
2024-04-01 00:00:00+05:30,1481.5095896793896,1482.9985690062601,1471.60790139039,1473.8662109375,5013880,0.0,0.0,RELIANCE.NS,19632912072704,23.59408,0.38,1611.8,1114.85
2024-04-02 00:00:00+05:30,1473.0968689675985,1483.0233977342266,1464.1629930776332,1476.025146484375,8910166,0.0,0.0,RELIANCE.NS,19632912072704,23.59408,0.38,1611.8,1114.85
2024-04-03 00:00:00+05:30,1471.186101560143,1473.5436523631188,1458.1079713887636,1460.7880859375,7008292,0.0,0.0,RELIANCE.NS,19632912072704,23.59408,0.38,1611.8,1114.85
2024-04-04 00:00:00+05:30,1468.8780939901114,1468.8780939901114,1439.3466709144527,1452.1767578125,14490272,0.0,0.0,RELIANCE.NS,19632912072704,23.59408,0.38,1611.8,1114.85
2024-04-05 00:00:00+05:30,1450.1417667351745,1459.9938949751336,1445.3025839763254,1449.3724365234375,7442298,0.0,0.0,RELIANCE.NS,19632912072704,23.59408,0.38,1611.8,1114.85
2024-04-08 00:00:00+05:30,1452.226356281804,1480.0206375610207,1450.2658910334067,1475.057373046875,8357118,0.0,0.0,RELIANCE.NS,19632912072704,23.59408,0.38,1611.8,1114.85
2024-04-09 00:00:00+05:30,1478.060211901015,1478.8543827139295,1451.7549092714805,1452.896484375,7071414,0.0,0.0,RELIANCE.NS,19632912072704,23.59408,0.38,1611.8,1114.85
2024-04-10 00:00:00+05:30,1455.5766564963697,1476.0749645358123,1455.5766564963697,1468.7044677734375,9138330,0.0,0.0,RELIANCE.NS,19632912072704,23.59408,0.38,1611.8,1114.85
2024-04-12 00:00:00+05:30,1465.0317226594827,1475.5538200544618,1452.3257159957793,1456.370849609375,15551012,0.0,0.0,RELIANCE.NS,19632912072704,23.59408,0.38,1611.8,1114.85
2024-04-15 00:00:00+05:30,1450.2658952456557,1471.2356878788278,1435.6986653849476,1454.062744140625,12902062,0.0,0.0,RELIANCE.NS,19632912072704,23.59408,0.38,1611.8,1114.85
2024-04-16 00:00:00+05:30,1442.6720371000315,1460.3661473678603,1440.2649265731254,1454.98095703125,9366184,0.0,0.0,RELIANCE.NS,19632912072704,23.59408,0.38,1611.8,1114.85
2024-04-18 00:00:00+05:30,1452.7476380801534,1475.0823301585979,1448.628103973215,1453.5665283203125,19005692,0.0,0.0,RELIANCE.NS,19632912072704,23.59408,0.38,1611.8,1114.85
2024-04-19 00:00:00+05:30,1446.0720814485837,1463.1705049395248,1432.4231028577299,1459.323974609375,15741778,0.0,0.0,RELIANCE.NS,19632912072704,23.59408,0.38,1611.8,1114.85
2024-04-22 00:00:00+05:30,1461.6317610616636,1471.9305352298081,1457.0160218672338,1468.9774169921875,10350362,0.0,0.0,RELIANCE.NS,19632912072704,23.59408,0.38,1611.8,1114.85
2024-04-23 00:00:00+05:30,1468.1337674689391,1482.5272357774581,1444.8561033979943,1448.603271484375,14605554,0.0,0.0,RELIANCE.NS,19632912072704,23.59408,0.38,1611.8,1114.85
2024-04-24 00:00:00+05:30,1452.7475596039474,1457.7605053579202,1438.8504186169605,1439.5205078125,10462776,0.0,0.0,RELIANCE.NS,19632912072704,23.59408,0.38,1611.8,1114.85
2024-04-25 00:00:00+05:30,1431.9018276580116,1457.189636393573,1430.9091747445573,1449.2484130859375,15943926,0.0,0.0,RELIANCE.NS,19632912072704,23.59408,0.38,1611.8,1114.85
2024-04-26 00:00:00+05:30,1453.194198141131,1454.236532179651,1439.3467383348082,1441.8780517578125,9413848,0.0,0.0,RELIANCE.NS,19632912072704,23.59408,0.38,1611.8,1114.85
2024-04-29 00:00:00+05:30,1439.3467183436048,1457.1152296530197,1439.3467183436048,1454.2613525390625,7247974,0.0,0.0,RELIANCE.NS,19632912072704,23.59408,0.38,1611.8,1114.85
2024-04-30 00:00:00+05:30,1457.214576809603,1472.178772035999,1452.1272302795285,1456.221923828125,11474262,0.0,0.0,RELIANCE.NS,19632912072704,23.59408,0.38,1611.8,1114.85
2024-05-02 00:00:00+05:30,1461.1850562736174,1466.4708844514234,1453.3679147531318,1455.775146484375,14512646,0.0,0.0,RELIANCE.NS,19632912072704,23.59408,0.38,1611.8,1114.85
2024-05-03 00:00:00+05:30,1460.1925152681529,1464.1134460205978,1405.7455242326487,1423.46435546875,17226958,0.0,0.0,RELIANCE.NS,19632912072704,23.59408,0.38,1611.8,1114.85
2024-05-06 00:00:00+05:30,1424.9533097670264,1429.4202480421582,1407.5818831415143,1409.095703125,7394208,0.0,0.0,RELIANCE.NS,19632912072704,23.59408,0.38,1611.8,1114.85
2024-05-07 00:00:00+05:30,1405.571689953147,1410.311631866643,1381.772860502106,1391.17822265625,14517472,0.0,0.0,RELIANCE.NS,19632912072704,23.59408,0.38,1611.8,1114.85
2024-05-08 00:00:00+05:30,1387.2324157830615,1422.42191231512,1387.2324157830615,1408.1278076171875,9439002,0.0,0.0,RELIANCE.NS,19632912072704,23.59408,0.38,1611.8,1114.85
2024-05-09 00:00:00+05:30,1402.6185253372132,1413.2895438420787,1379.7875090012217,1383.8822021484375,11009612,0.0,0.0,RELIANCE.NS,19632912072704,23.59408,0.38,1611.8,1114.85
2024-05-10 00:00:00+05:30,1386.4879762578594,1399.6406275450738,1377.8766636438304,1397.0845947265625,10505096,0.0,0.0,RELIANCE.NS,19632912072704,23.59408,0.38,1611.8,1114.85
2024-05-13 00:00:00+05:30,1389.6149314683873,1396.6379028351905,1373.8317248456565,1392.394287109375,8456620,0.0,0.0,RELIANCE.NS,19632912072704,23.59408,0.38,1611.8,1114.85
2024-05-14 00:00:00+05:30,1390.681954289976,1416.5901722719507,1389.7389824487905,1409.6416015625,7188300,0.0,0.0,RELIANCE.NS,19632912072704,23.59408,0.38,1611.8,1114.85
2024-05-15 00:00:00+05:30,1410.063563528233,1419.468926315315,1402.6435067088078,1405.86962890625,5046534,0.0,0.0,RELIANCE.NS,19632912072704,23.59408,0.38,1611.8,1114.85
2024-05-16 00:00:00+05:30,1408.1278405018506,1417.0120356183081,1387.75361519461,1414.8778076171875,14711774,0.0,0.0,RELIANCE.NS,19632912072704,23.59408,0.38,1611.8,1114.85
2024-05-17 00:00:00+05:30,1412.5948920294334,1426.6408349602225,1402.8668442157614,1425.15185546875,10916476,0.0,0.0,RELIANCE.NS,19632912072704,23.59408,0.38,1611.8,1114.85
2024-05-21 00:00:00+05:30,1415.1260338425998,1431.231803864575,1415.1260338425998,1425.57373046875,11176128,0.0,0.0,RELIANCE.NS,19632912072704,23.59408,0.38,1611.8,1114.85
2024-05-22 00:00:00+05:30,1425.722543020764,1457.9837617014118,1425.722543020764,1449.91845703125,10281604,0.0,0.0,RELIANCE.NS,19632912072704,23.59408,0.38,1611.8,1114.85
2024-05-23 00:00:00+05:30,1447.8340020088174,1481.2615172416956,1444.3100355832012,1475.1319580078125,14608260,0.0,0.0,RELIANCE.NS,19632912072704,23.59408,0.38,1611.8,1114.85
2024-05-24 00:00:00+05:30,1472.724715385057,1477.5638984586112,1465.2549777906743,1469.37451171875,7094776,0.0,0.0,RELIANCE.NS,19632912072704,23.59408,0.38,1611.8,1114.85
2024-05-27 00:00:00+05:30,1469.3497180106694,1473.990419113941,1450.8119965034373,1455.4774169921875,6629010,0.0,0.0,RELIANCE.NS,19632912072704,23.59408,0.38,1611.8,1114.85
2024-05-28 00:00:00+05:30,1457.2145743340495,1467.637430621861,1442.0766163922278,1445.501220703125,7820162,0.0,0.0,RELIANCE.NS,19632912072704,23.59408,0.38,1611.8,1114.85
2024-05-29 00:00:00+05:30,1435.8724890871501,1447.287997987601,1427.8815843874524,1430.1895751953125,7383556,0.0,0.0,RELIANCE.NS,19632912072704,23.59408,0.38,1611.8,1114.85
2024-05-30 00:00:00+05:30,1424.9532474164846,1429.817270893488,1409.6663684202383,1414.3814697265625,13206858,0.0,0.0,RELIANCE.NS,19632912072704,23.59408,0.38,1611.8,1114.85
2024-05-31 00:00:00+05:30,1420.7841589242364,1431.653659822201,1411.800601617005,1419.8907470703125,31069832,0.0,0.0,RELIANCE.NS,19632912072704,23.59408,0.38,1611.8,1114.85
2024-06-03 00:00:00+05:30,1472.1043222829317,1503.3728901534053,1448.2806515244756,1499.228515625,21527942,0.0,0.0,RELIANCE.NS,19632912072704,23.59408,0.38,1611.8,1114.85
2024-06-04 00:00:00+05:30,1487.0437791255476,1487.0437791255476,1349.3131842665355,1387.0091552734375,36709098,0.0,0.0,RELIANCE.NS,19632912072704,23.59408,0.38,1611.8,1114.85
2024-06-05 00:00:00+05:30,1411.5524616660985,1420.6352601794422,1373.9308915121778,1410.3116455078125,17464890,0.0,0.0,RELIANCE.NS,19632912072704,23.59408,0.38,1611.8,1114.85
2024-06-06 00:00:00+05:30,1424.4569533735907,1433.0929853880773,1410.9072166555904,1421.0819091796875,17855722,0.0,0.0,RELIANCE.NS,19632912072704,23.59408,0.38,1611.8,1114.85
2024-06-07 00:00:00+05:30,1418.004611799037,1461.1850112482903,1416.0193060772324,1459.1500244140625,18558696,0.0,0.0,RELIANCE.NS,19632912072704,23.59408,0.38,1611.8,1114.85
2024-06-10 00:00:00+05:30,1459.150058153404,1482.3781598703026,1457.2888339961758,1460.5894775390625,9251760,0.0,0.0,RELIANCE.NS,19632912072704,23.59408,0.38,1611.8,1114.85
2024-06-11 00:00:00+05:30,1458.20717740815,1462.847878399236,1443.9874724286744,1445.9727783203125,11774902,0.0,0.0,RELIANCE.NS,19632912072704,23.59408,0.38,1611.8,1114.85
2024-06-12 00:00:00+05:30,1446.7915758989445,1465.155654220818,1444.4837064170613,1452.57373046875,10081742,0.0,0.0,RELIANCE.NS,19632912072704,23.59408,0.38,1611.8,1114.85
2024-06-13 00:00:00+05:30,1461.1851486521073,1461.433311890669,1449.3725542618724,1454.4847412109375,9181160,0.0,0.0,RELIANCE.NS,19632912072704,23.59408,0.38,1611.8,1114.85
2024-06-14 00:00:00+05:30,1459.199879544848,1468.8038455887872,1446.518713499826,1466.6944580078125,8157998,0.0,0.0,RELIANCE.NS,19632912072704,23.59408,0.38,1611.8,1114.85
2024-06-18 00:00:00+05:30,1476.4224025999808,1476.4720837189377,1460.5399547367645,1470.1439208984375,7196766,0.0,0.0,RELIANCE.NS,19632912072704,23.59408,0.38,1611.8,1114.85
2024-06-19 00:00:00+05:30,1476.571240472528,1476.571240472528,1445.3026730272272,1447.9332275390625,8725874,0.0,0.0,RELIANCE.NS,19632912072704,23.59408,0.38,1611.8,1114.85
2024-06-20 00:00:00+05:30,1448.2806091505108,1471.9553570393568,1439.4459739347105,1462.87255859375,16113776,0.0,0.0,RELIANCE.NS,19632912072704,23.59408,0.38,1611.8,1114.85
2024-06-21 00:00:00+05:30,1462.7982011333013,1463.8652545834836,1429.9909727182371,1443.515869140625,31170360,0.0,0.0,RELIANCE.NS,19632912072704,23.59408,0.38,1611.8,1114.85
2024-06-24 00:00:00+05:30,1434.9045699529108,1438.8503408924523,1426.9385064042085,1430.88427734375,8878386,0.0,0.0,RELIANCE.NS,19632912072704,23.59408,0.38,1611.8,1114.85
2024-06-25 00:00:00+05:30,1432.3982039886682,1445.2282918111714,1430.4128980926341,1443.46630859375,7045386,0.0,0.0,RELIANCE.NS,19632912072704,23.59408,0.38,1611.8,1114.85
2024-06-26 00:00:00+05:30,1435.425808927042,1507.8149506909176,1434.5075565031482,1502.9013671875,22014882,0.0,0.0,RELIANCE.NS,19632912072704,23.59408,0.38,1611.8,1114.85
2024-06-27 00:00:00+05:30,1502.6284353235128,1526.2039433921725,1494.935374795845,1519.3050537109375,28383030,0.0,0.0,RELIANCE.NS,19632912072704,23.59408,0.38,1611.8,1114.85
2024-06-28 00:00:00+05:30,1519.7764812043604,1569.3842873036351,1519.7764812043604,1553.89892578125,28957336,0.0,0.0,RELIANCE.NS,19632912072704,23.59408,0.38,1611.8,1114.85
2024-07-01 00:00:00+05:30,1551.0450507194453,1567.7960689891884,1544.2454023527885,1548.6875,7724306,0.0,0.0,RELIANCE.NS,19632912072704,23.59408,0.38,1611.8,1114.85
2024-07-02 00:00:00+05:30,1557.968712393485,1561.939323957406,1545.5605512562322,1553.675537109375,7749246,0.0,0.0,RELIANCE.NS,19632912072704,23.59408,0.38,1611.8,1114.85
2024-07-03 00:00:00+05:30,1554.8170660210362,1563.4283787351976,1531.440162014497,1541.019287109375,9049620,0.0,0.0,RELIANCE.NS,19632912072704,23.59408,0.38,1611.8,1114.85
2024-07-04 00:00:00+05:30,1545.5606622734106,1555.983518377374,1539.4062623766438,1542.6075439453125,6837176,0.0,0.0,RELIANCE.NS,19632912072704,23.59408,0.38,1611.8,1114.85
2024-07-05 00:00:00+05:30,1542.4088769403465,1586.755694667964,1536.6267221432645,1576.9532470703125,12269710,0.0,0.0,RELIANCE.NS,19632912072704,23.59408,0.38,1611.8,1114.85
2024-07-08 00:00:00+05:30,1577.325467706802,1596.9800437158895,1570.8980643748457,1589.1380615234375,9500806,0.0,0.0,RELIANCE.NS,19632912072704,23.59408,0.38,1611.8,1114.85
2024-07-09 00:00:00+05:30,1585.8623208770043,1588.7410386525216,1568.887979750272,1578.5911865234375,6960002,0.0,0.0,RELIANCE.NS,19632912072704,23.59408,0.38,1611.8,1114.85
2024-07-10 00:00:00+05:30,1583.2814308954767,1585.7630632323035,1551.6654591589945,1572.5855712890625,7134578,0.0,0.0,RELIANCE.NS,19632912072704,23.59408,0.38,1611.8,1114.85
2024-07-11 00:00:00+05:30,1575.8365135146928,1592.4634499565013,1558.9614138424095,1569.036865234375,11940946,0.0,0.0,RELIANCE.NS,19632912072704,23.59408,0.38,1611.8,1114.85
2024-07-12 00:00:00+05:30,1572.8586162043875,1593.3569240772113,1562.9320865975437,1584.9937744140625,12924784,0.0,0.0,RELIANCE.NS,19632912072704,23.59408,0.38,1611.8,1114.85
2024-07-15 00:00:00+05:30,1592.6620057625546,1594.0517441522056,1573.8512804915936,1585.4901123046875,5329688,0.0,0.0,RELIANCE.NS,19632912072704,23.59408,0.38,1611.8,1114.85
2024-07-16 00:00:00+05:30,1581.792452589091,1588.24469666931,1557.5965372882695,1564.669189453125,9386838,0.0,0.0,RELIANCE.NS,19632912072704,23.59408,0.38,1611.8,1114.85
2024-07-18 00:00:00+05:30,1564.4210812674708,1582.1895936713806,1546.3795650620239,1575.0177001953125,12298374,0.0,0.0,RELIANCE.NS,19632912072704,23.59408,0.38,1611.8,1114.85
2024-07-19 00:00:00+05:30,1574.3475621142547,1578.293333314245,1541.3915329908289,1543.7242431640625,13140390,0.0,0.0,RELIANCE.NS,19632912072704,23.59408,0.38,1611.8,1114.85
2024-07-22 00:00:00+05:30,1525.9557698439748,1526.203933085127,1488.2597977476694,1489.6495361328125,19674376,0.0,0.0,RELIANCE.NS,19632912072704,23.59408,0.38,1611.8,1114.85
2024-07-23 00:00:00+05:30,1489.9719903646578,1494.6870915999891,1452.2511804820083,1476.96826171875,18052044,0.0,0.0,RELIANCE.NS,19632912072704,23.59408,0.38,1611.8,1114.85
2024-07-24 00:00:00+05:30,1474.0895996286229,1498.4095963901725,1465.552808673545,1484.7109375,11913362,0.0,0.0,RELIANCE.NS,19632912072704,23.59408,0.38,1611.8,1114.85
2024-07-25 00:00:00+05:30,1470.1190347480779,1489.4509269223795,1466.2228234080762,1481.435302734375,12519876,0.0,0.0,RELIANCE.NS,19632912072704,23.59408,0.38,1611.8,1114.85
2024-07-26 00:00:00+05:30,1481.4352554076795,1501.3131545447015,1479.4002684339398,1497.9381103515625,9859940,0.0,0.0,RELIANCE.NS,19632912072704,23.59408,0.38,1611.8,1114.85
2024-07-29 00:00:00+05:30,1500.8414953005092,1516.2772962786503,1500.6678537480493,1508.931640625,7538550,0.0,0.0,RELIANCE.NS,19632912072704,23.59408,0.38,1611.8,1114.85
2024-07-30 00:00:00+05:30,1505.8793670988641,1513.7957501477324,1498.9059558839842,1502.0328369140625,8228208,0.0,0.0,RELIANCE.NS,19632912072704,23.59408,0.38,1611.8,1114.85
2024-07-31 00:00:00+05:30,1492.9499231376883,1499.3524857083617,1490.1208866802617,1494.364501953125,10057346,0.0,0.0,RELIANCE.NS,19632912072704,23.59408,0.38,1611.8,1114.85
2024-08-01 00:00:00+05:30,1500.8913109431162,1506.8472288436842,1493.2479314401046,1504.1671142578125,10764222,0.0,0.0,RELIANCE.NS,19632912072704,23.59408,0.38,1611.8,1114.85
2024-08-02 00:00:00+05:30,1493.9426800961044,1498.2358556077295,1482.303848567256,1488.309326171875,10268248,0.0,0.0,RELIANCE.NS,19632912072704,23.59408,0.38,1611.8,1114.85
2024-08-05 00:00:00+05:30,1469.126390399314,1472.997761203301,1422.7198642160924,1436.69140625,17046704,0.0,0.0,RELIANCE.NS,19632912072704,23.59408,0.38,1611.8,1114.85
2024-08-06 00:00:00+05:30,1444.4588830824964,1466.6446510309138,1440.6619130584993,1445.352294921875,10236186,0.0,0.0,RELIANCE.NS,19632912072704,23.59408,0.38,1611.8,1114.85
2024-08-07 00:00:00+05:30,1458.2071184913539,1461.6814036613468,1450.7622216985117,1454.062744140625,8174568,0.0,0.0,RELIANCE.NS,19632912072704,23.59408,0.38,1611.8,1114.85
2024-08-08 00:00:00+05:30,1446.8164580997684,1454.2365143735713,1435.3017085687702,1438.4781494140625,12387192,0.0,0.0,RELIANCE.NS,19632912072704,23.59408,0.38,1611.8,1114.85
2024-08-09 00:00:00+05:30,1449.2732763644294,1465.6520496932055,1445.3026646483625,1463.46826171875,6249776,0.0,0.0,RELIANCE.NS,19632912072704,23.59408,0.38,1611.8,1114.85
2024-08-12 00:00:00+05:30,1459.199797918004,1462.1777566892652,1447.0397996020206,1449.8936767578125,8184584,0.0,0.0,RELIANCE.NS,19632912072704,23.59408,0.38,1611.8,1114.85
2024-08-13 00:00:00+05:30,1450.0178268110735,1459.2742672925806,1447.28803114191,1452.8717041015625,6265064,0.0,0.0,RELIANCE.NS,19632912072704,23.59408,0.38,1611.8,1114.85
2024-08-14 00:00:00+05:30,1452.7972017764512,1461.1850703208015,1443.0194737625147,1451.109619140625,6267466,0.0,0.0,RELIANCE.NS,19632912072704,23.59408,0.38,1611.8,1114.85
2024-08-16 00:00:00+05:30,1457.8598362701878,1469.5235088888628,1447.3377388233519,1467.339599609375,9416902,0.0,0.0,RELIANCE.NS,19632912072704,23.59408,0.38,1611.8,1114.85
2024-08-19 00:00:00+05:30,1476.6025720306277,1492.3397678065596,1474.6105280885965,1482.4791259765625,13797742,5.0,0.0,RELIANCE.NS,19632912072704,23.59408,0.38,1611.8,1114.85
2024-08-20 00:00:00+05:30,1491.268975771349,1497.9423959482733,1484.0976661921165,1489.9990234375,8411808,0.0,0.0,RELIANCE.NS,19632912072704,23.59408,0.38,1611.8,1114.85
2024-08-21 00:00:00+05:30,1487.30978907883,1501.8766102174725,1484.072717714687,1492.7132568359375,7769996,0.0,0.0,RELIANCE.NS,19632912072704,23.59408,0.38,1611.8,1114.85
2024-08-22 00:00:00+05:30,1497.0210123494212,1500.5070892244864,1484.720165407205,1492.1654052734375,10445782,0.0,0.0,RELIANCE.NS,19632912072704,23.59408,0.38,1611.8,1114.85
2024-08-23 00:00:00+05:30,1497.768063961028,1505.3128818837536,1492.4642955105633,1494.008056640625,9249654,0.0,0.0,RELIANCE.NS,19632912072704,23.59408,0.38,1611.8,1114.85
2024-08-26 00:00:00+05:30,1500.9802618699923,1516.941539085057,1497.021098650585,1506.5828857421875,8816114,0.0,0.0,RELIANCE.NS,19632912072704,23.59408,0.38,1611.8,1114.85
2024-08-27 00:00:00+05:30,1504.4912711730515,1507.4544123852302,1493.485179145279,1494.481201171875,6251156,0.0,0.0,RELIANCE.NS,19632912072704,23.59408,0.38,1611.8,1114.85
2024-08-28 00:00:00+05:30,1499.0131426615155,1501.4782728482842,1487.0608784010915,1492.33984375,9610286,0.0,0.0,RELIANCE.NS,19632912072704,23.59408,0.38,1611.8,1114.85
2024-08-29 00:00:00+05:30,1497.1205913811584,1530.885760314005,1488.0568158159556,1514.874755859375,38335358,0.0,0.0,RELIANCE.NS,19632912072704,23.59408,0.38,1611.8,1114.85
2024-08-30 00:00:00+05:30,1527.89778785993,1533.599989641746,1497.3447635789732,1503.6197509765625,41620730,0.0,0.0,RELIANCE.NS,19632912072704,23.59408,0.38,1611.8,1114.85
2024-09-02 00:00:00+05:30,1504.8647654458696,1520.7264647058682,1500.6316718721823,1510.2183837890625,11240852,0.0,0.0,RELIANCE.NS,19632912072704,23.59408,0.38,1611.8,1114.85
2024-09-03 00:00:00+05:30,1515.1984708784905,1516.941509382377,1501.5031683479538,1503.1217041015625,10923800,0.0,0.0,RELIANCE.NS,19632912072704,23.59408,0.38,1611.8,1114.85
2024-09-04 00:00:00+05:30,1494.7301447200666,1511.4633627071519,1493.534966971581,1508.525146484375,11983304,0.0,0.0,RELIANCE.NS,19632912072704,23.59408,0.38,1611.8,1114.85
2024-09-05 00:00:00+05:30,1513.0072347057646,1519.7054581926027,1481.1345314015284,1487.035888671875,16264168,0.0,0.0,RELIANCE.NS,19632912072704,23.59408,0.38,1611.8,1114.85
2024-09-06 00:00:00+05:30,1486.5627588054047,1491.0448575756723,1455.8105811316245,1458.997802734375,19394228,0.0,0.0,RELIANCE.NS,19632912072704,23.59408,0.38,1611.8,1114.85
2024-09-09 00:00:00+05:30,1460.666261949736,1464.07768593117,1449.809597840599,1456.63232421875,9010298,0.0,0.0,RELIANCE.NS,19632912072704,23.59408,0.38,1611.8,1114.85
2024-09-10 00:00:00+05:30,1454.6901127162012,1466.1942153054945,1451.7766997689328,1455.7110595703125,10768260,0.0,0.0,RELIANCE.NS,19632912072704,23.59408,0.38,1611.8,1114.85
2024-09-11 00:00:00+05:30,1457.2300550346945,1462.9073318760024,1441.7917138302157,1445.7259521484375,9760202,0.0,0.0,RELIANCE.NS,19632912072704,23.59408,0.38,1611.8,1114.85
2024-09-12 00:00:00+05:30,1451.2039809867947,1480.088617533546,1440.1232367942907,1473.913330078125,22349376,0.0,0.0,RELIANCE.NS,19632912072704,23.59408,0.38,1611.8,1114.85
2024-09-13 00:00:00+05:30,1470.5268529366479,1477.2500011980833,1463.6542770635715,1466.766845703125,8711328,0.0,0.0,RELIANCE.NS,19632912072704,23.59408,0.38,1611.8,1114.85
2024-09-16 00:00:00+05:30,1471.6723576050656,1475.0090069946318,1458.9232273463058,1465.4969482421875,5481774,0.0,0.0,RELIANCE.NS,19632912072704,23.59408,0.38,1611.8,1114.85
2024-09-17 00:00:00+05:30,1468.1364260685732,1471.5975781970765,1460.790763828237,1466.4432373046875,5935328,0.0,0.0,RELIANCE.NS,19632912072704,23.59408,0.38,1611.8,1114.85
2024-09-18 00:00:00+05:30,1464.1522884024148,1476.10455198121,1454.7399294679985,1457.6282958984375,8574714,0.0,0.0,RELIANCE.NS,19632912072704,23.59408,0.38,1611.8,1114.85
2024-09-19 00:00:00+05:30,1460.4171894563083,1470.6264144806405,1449.7598031867433,1463.82861328125,16955902,0.0,0.0,RELIANCE.NS,19632912072704,23.59408,0.38,1611.8,1114.85
2024-09-20 00:00:00+05:30,1468.136427109257,1489.0528890965668,1465.5218693608433,1480.0140380859375,30897320,0.0,0.0,RELIANCE.NS,19632912072704,23.59408,0.38,1611.8,1114.85
2024-09-23 00:00:00+05:30,1485.0687739665293,1495.5270047691104,1483.026880271187,1487.434326171875,8832314,0.0,0.0,RELIANCE.NS,19632912072704,23.59408,0.38,1611.8,1114.85
2024-09-24 00:00:00+05:30,1482.5786761041754,1494.530939532627,1481.9561623839436,1483.4501953125,17137444,0.0,0.0,RELIANCE.NS,19632912072704,23.59408,0.38,1611.8,1114.85
2024-09-25 00:00:00+05:30,1477.9970102640052,1490.5468626388433,1474.3116560624171,1488.0069580078125,7069002,0.0,0.0,RELIANCE.NS,19632912072704,23.59408,0.38,1611.8,1114.85
2024-09-26 00:00:00+05:30,1484.7202013028073,1498.017070530802,1482.1305684499498,1491.9910888671875,18818998,0.0,0.0,RELIANCE.NS,19632912072704,23.59408,0.38,1611.8,1114.85
2024-09-27 00:00:00+05:30,1493.0369361114394,1527.3747692811157,1486.0647823070499,1520.1038818359375,20597478,0.0,0.0,RELIANCE.NS,19632912072704,23.59408,0.38,1611.8,1114.85
2024-09-30 00:00:00+05:30,1513.3558880158446,1518.9086621673466,1468.5348969230117,1470.701171875,27008814,0.0,0.0,RELIANCE.NS,19632912072704,23.59408,0.38,1611.8,1114.85
2024-10-01 00:00:00+05:30,1474.7599230273088,1482.0308103038055,1457.0057588364782,1458.997802734375,16431642,0.0,0.0,RELIANCE.NS,19632912072704,23.59408,0.38,1611.8,1114.85
2024-10-03 00:00:00+05:30,1430.8602791168494,1443.634334423912,1396.4975195620746,1401.3780517578125,37757294,0.0,0.0,RELIANCE.NS,19632912072704,23.59408,0.38,1611.8,1114.85
2024-10-04 00:00:00+05:30,1398.34020617394,1411.711728297617,1376.2782950115372,1381.0093994140625,37072876,0.0,0.0,RELIANCE.NS,19632912072704,23.59408,0.38,1611.8,1114.85
2024-10-07 00:00:00+05:30,1387.9566419173104,1390.9447078848398,1355.9594355150189,1365.272216796875,22181340,0.0,0.0,RELIANCE.NS,19632912072704,23.59408,0.38,1611.8,1114.85
2024-10-08 00:00:00+05:30,1367.513224520688,1395.4267642320656,1359.669551595401,1391.791259765625,17020808,0.0,0.0,RELIANCE.NS,19632912072704,23.59408,0.38,1611.8,1114.85
2024-10-09 00:00:00+05:30,1391.9656892391695,1395.4019165531051,1367.0402140253339,1369.1318359375,14310610,0.0,0.0,RELIANCE.NS,19632912072704,23.59408,0.38,1611.8,1114.85
2024-10-10 00:00:00+05:30,1374.5352199766685,1380.4864268287754,1363.9774115920343,1365.595947265625,22358646,0.0,0.0,RELIANCE.NS,19632912072704,23.59408,0.38,1611.8,1114.85
2024-10-11 00:00:00+05:30,1364.5501018082973,1377.7723178051706,1363.3797273571677,1366.6417236328125,7980122,0.0,0.0,RELIANCE.NS,19632912072704,23.59408,0.38,1611.8,1114.85
2024-10-14 00:00:00+05:30,1373.962442591221,1374.5849563155427,1362.8070452852592,1367.0650634765625,12221432,0.0,0.0,RELIANCE.NS,19632912072704,23.59408,0.38,1611.8,1114.85
2024-10-15 00:00:00+05:30,1353.1207855156183,1366.243302159234,1335.3666207605413,1338.678466796875,33762794,0.0,0.0,RELIANCE.NS,19632912072704,23.59408,0.38,1611.8,1114.85
2024-10-16 00:00:00+05:30,1334.6695151768993,1358.5740438069333,1332.3039628645522,1348.6884765625,20034438,0.0,0.0,RELIANCE.NS,19632912072704,23.59408,0.38,1611.8,1114.85
2024-10-17 00:00:00+05:30,1360.2671814831224,1363.0062419523483,1346.6715786036464,1351.0291748046875,15543660,0.0,0.0,RELIANCE.NS,19632912072704,23.59408,0.38,1611.8,1114.85
2024-10-18 00:00:00+05:30,1346.796043723323,1362.9814005892638,1335.9891081789099,1353.8927001953125,12082452,0.0,0.0,RELIANCE.NS,19632912072704,23.59408,0.38,1611.8,1114.85
2024-10-21 00:00:00+05:30,1361.686598848784,1368.5342502099143,1352.3239675798945,1363.7532958984375,14067408,0.0,0.0,RELIANCE.NS,19632912072704,23.59408,0.38,1611.8,1114.85
2024-10-22 00:00:00+05:30,1363.7532474009167,1370.5262455038624,1334.8935348257999,1338.006103515625,15831960,0.0,0.0,RELIANCE.NS,19632912072704,23.59408,0.38,1611.8,1114.85
2024-10-23 00:00:00+05:30,1332.1793705575924,1352.0748848775756,1329.689315659354,1333.2003173828125,17214742,0.0,0.0,RELIANCE.NS,19632912072704,23.59408,0.38,1611.8,1114.85
2024-10-24 00:00:00+05:30,1329.9633130042932,1338.3547254831988,1317.8616212723593,1334.4703369140625,22155934,0.0,0.0,RELIANCE.NS,19632912072704,23.59408,0.38,1611.8,1114.85
2024-10-25 00:00:00+05:30,1338.1555171764887,1339.002111534351,1316.7410448137834,1322.5677490234375,18597496,0.0,0.0,RELIANCE.NS,19632912072704,23.59408,0.38,1611.8,1114.85
2024-10-28 00:00:00+05:30,1331.6813526124565,1347.6177038778262,1316.8406011796387,1329.0418701171875,10824350,0.0,2.0,RELIANCE.NS,19632912072704,23.59408,0.38,1611.8,1114.85
2024-10-29 00:00:00+05:30,1322.8167478889227,1337.856655249044,1315.0478495098762,1334.66943359375,12008361,0.0,0.0,RELIANCE.NS,19632912072704,23.59408,0.38,1611.8,1114.85
2024-10-30 00:00:00+05:30,1329.6893351932274,1344.62966480214,1320.0776988278842,1338.553955078125,11984423,0.0,0.0,RELIANCE.NS,19632912072704,23.59408,0.38,1611.8,1114.85
2024-10-31 00:00:00+05:30,1334.6694245700712,1337.6574904459744,1320.8745447599274,1326.7510986328125,9331650,0.0,0.0,RELIANCE.NS,19632912072704,23.59408,0.38,1611.8,1114.85
2024-11-01 00:00:00+05:30,1327.7471304089104,1336.6116286385318,1327.6972806767253,1333.3248291015625,2127335,0.0,0.0,RELIANCE.NS,19632912072704,23.59408,0.38,1611.8,1114.85
2024-11-04 00:00:00+05:30,1332.5280301195805,1334.6695017714562,1279.9878687625326,1296.9700927734375,19796890,0.0,0.0,RELIANCE.NS,19632912072704,23.59408,0.38,1611.8,1114.85
2024-11-05 00:00:00+05:30,1287.8564249120313,1304.3406373759979,1281.0336986406933,1300.1075439453125,16267479,0.0,0.0,RELIANCE.NS,19632912072704,23.59408,0.38,1611.8,1114.85
2024-11-06 00:00:00+05:30,1304.7888451117578,1323.0160966964434,1295.0277806900112,1320.0777587890625,21625209,0.0,0.0,RELIANCE.NS,19632912072704,23.59408,0.38,1611.8,1114.85
2024-11-07 00:00:00+05:30,1318.7331565363688,1318.7331565363688,1297.4182609581876,1300.4561767578125,9611974,0.0,0.0,RELIANCE.NS,19632912072704,23.59408,0.38,1611.8,1114.85
2024-11-08 00:00:00+05:30,1292.4879180085577,1296.4720058402277,1269.9279963447846,1278.6431884765625,19814406,0.0,0.0,RELIANCE.NS,19632912072704,23.59408,0.38,1611.8,1114.85
2024-11-11 00:00:00+05:30,1273.8622221377802,1280.884225507143,1261.9598084895413,1267.6370849609375,9056552,0.0,0.0,RELIANCE.NS,19632912072704,23.59408,0.38,1611.8,1114.85
2024-11-12 00:00:00+05:30,1270.4759075040322,1284.1712099692156,1262.4578817905294,1269.1810302734375,10671091,0.0,0.0,RELIANCE.NS,19632912072704,23.59408,0.38,1611.8,1114.85
2024-11-13 00:00:00+05:30,1265.196886863478,1270.3761523895544,1244.5294313213271,1247.0693359375,14633633,0.0,0.0,RELIANCE.NS,19632912072704,23.59408,0.38,1611.8,1114.85
2024-11-14 00:00:00+05:30,1248.613186761178,1267.537605244334,1246.1231316976048,1262.5574951171875,12612633,0.0,0.0,RELIANCE.NS,19632912072704,23.59408,0.38,1611.8,1114.85
2024-11-18 00:00:00+05:30,1262.55746761959,1267.8364328732807,1238.951794764919,1255.7347412109375,13620611,0.0,0.0,RELIANCE.NS,19632912072704,23.59408,0.38,1611.8,1114.85
2024-11-19 00:00:00+05:30,1255.734688515481,1276.4021442257297,1230.236550606767,1236.710693359375,14183746,0.0,0.0,RELIANCE.NS,19632912072704,23.59408,0.38,1611.8,1114.85
2024-11-21 00:00:00+05:30,1236.7107220331202,1239.0014996478671,1212.407761281373,1218.1348876953125,19433843,0.0,0.0,RELIANCE.NS,19632912072704,23.59408,0.38,1611.8,1114.85
2024-11-22 00:00:00+05:30,1224.509420421979,1263.8024380613526,1217.586994857739,1260.3662109375,20471957,0.0,0.0,RELIANCE.NS,19632912072704,23.59408,0.38,1611.8,1114.85
2024-11-25 00:00:00+05:30,1284.868314871977,1299.260783408558,1277.3483005192684,1281.8802490234375,28923341,0.0,0.0,RELIANCE.NS,19632912072704,23.59408,0.38,1611.8,1114.85
2024-11-26 00:00:00+05:30,1289.7986377983043,1292.687125909721,1279.0914013187908,1290.545654296875,9247557,0.0,0.0,RELIANCE.NS,19632912072704,23.59408,0.38,1611.8,1114.85
2024-11-27 00:00:00+05:30,1288.3543972122054,1298.6632001168684,1280.8842325588682,1288.0555419921875,9572746,0.0,0.0,RELIANCE.NS,19632912072704,23.59408,0.38,1611.8,1114.85
2024-11-28 00:00:00+05:30,1284.818474176107,1291.442044503892,1264.0017125526565,1265.7447509765625,15027412,0.0,0.0,RELIANCE.NS,19632912072704,23.59408,0.38,1611.8,1114.85
2024-11-29 00:00:00+05:30,1274.9081506356404,1294.3305794929802,1270.177046170391,1287.0595703125,13202307,0.0,0.0,RELIANCE.NS,19632912072704,23.59408,0.38,1611.8,1114.85
2024-12-02 00:00:00+05:30,1282.876370557777,1306.133460567327,1271.9699779978703,1303.9422607421875,11024152,0.0,0.0,RELIANCE.NS,19632912072704,23.59408,0.38,1611.8,1114.85
2024-12-03 00:00:00+05:30,1311.7609017834461,1321.5219654799555,1301.8006823317874,1318.035888671875,16869482,0.0,0.0,RELIANCE.NS,19632912072704,23.59408,0.38,1611.8,1114.85
2024-12-04 00:00:00+05:30,1320.7251432865569,1323.1156203515295,1298.8625094957517,1303.742919921875,19608540,0.0,0.0,RELIANCE.NS,19632912072704,23.59408,0.38,1611.8,1114.85
2024-12-05 00:00:00+05:30,1309.1214514378748,1324.6593698468237,1300.9541199209712,1316.7908935546875,16858723,0.0,0.0,RELIANCE.NS,19632912072704,23.59408,0.38,1611.8,1114.85
2024-12-06 00:00:00+05:30,1318.6334884089777,1318.6334884089777,1304.7887589399247,1306.3326416015625,9037514,0.0,0.0,RELIANCE.NS,19632912072704,23.59408,0.38,1611.8,1114.85
2024-12-09 00:00:00+05:30,1297.8166732313093,1309.7689372979064,1287.9560310594236,1289.9979248046875,14650002,0.0,0.0,RELIANCE.NS,19632912072704,23.59408,0.38,1611.8,1114.85
2024-12-10 00:00:00+05:30,1284.121290398709,1289.7488386952925,1275.107243177966,1279.73876953125,16043729,0.0,0.0,RELIANCE.NS,19632912072704,23.59408,0.38,1611.8,1114.85
2024-12-11 00:00:00+05:30,1279.8882324099652,1284.8683422637005,1270.9738844056644,1273.115234375,11724373,0.0,0.0,RELIANCE.NS,19632912072704,23.59408,0.38,1611.8,1114.85
2024-12-12 00:00:00+05:30,1264.9479526569407,1273.1152845047754,1255.5853214463157,1257.876220703125,20906813,0.0,0.0,RELIANCE.NS,19632912072704,23.59408,0.38,1611.8,1114.85
2024-12-13 00:00:00+05:30,1254.9877622795104,1270.1272485556606,1234.6688884780408,1267.78662109375,28630222,0.0,0.0,RELIANCE.NS,19632912072704,23.59408,0.38,1611.8,1114.85
2024-12-16 00:00:00+05:30,1269.9280595585296,1275.904191603511,1261.511722229068,1263.2547607421875,9486781,0.0,0.0,RELIANCE.NS,19632912072704,23.59408,0.38,1611.8,1114.85
2024-12-17 00:00:00+05:30,1256.033537225462,1258.8721754853295,1237.8561365143116,1240.34619140625,17462791,0.0,0.0,RELIANCE.NS,19632912072704,23.59408,0.38,1611.8,1114.85
2024-12-18 00:00:00+05:30,1235.714673937889,1254.9378248920182,1235.714673937889,1248.2645263671875,12670179,0.0,0.0,RELIANCE.NS,19632912072704,23.59408,0.38,1611.8,1114.85
2024-12-19 00:00:00+05:30,1234.0712121990753,1239.947766097918,1224.1109925687356,1225.55517578125,14244653,0.0,0.0,RELIANCE.NS,19632912072704,23.59408,0.38,1611.8,1114.85
2024-12-20 00:00:00+05:30,1219.1309339507777,1234.5692750261348,1196.7204388413884,1200.50537109375,20312896,0.0,0.0,RELIANCE.NS,19632912072704,23.59408,0.38,1611.8,1114.85
2024-12-23 00:00:00+05:30,1210.1667348774333,1222.3181546925216,1208.3738466363206,1217.437744140625,10052824,0.0,0.0,RELIANCE.NS,19632912072704,23.59408,0.38,1611.8,1114.85
2024-12-24 00:00:00+05:30,1217.4377030050357,1228.6429501715868,1216.1428258096823,1217.8858642578125,6734917,0.0,0.0,RELIANCE.NS,19632912072704,23.59408,0.38,1611.8,1114.85
2024-12-26 00:00:00+05:30,1219.3798917928577,1222.8161189414398,1209.4196721335327,1211.7105712890625,10016178,0.0,0.0,RELIANCE.NS,19632912072704,23.59408,0.38,1611.8,1114.85
2024-12-27 00:00:00+05:30,1213.4536884394554,1223.0154756156849,1212.1588111658666,1216.1927490234375,7000397,0.0,0.0,RELIANCE.NS,19632912072704,23.59408,0.38,1611.8,1114.85
2024-12-30 00:00:00+05:30,1211.5611874241417,1218.3340640862093,1203.294156174512,1205.8837890625,8818766,0.0,0.0,RELIANCE.NS,19632912072704,23.59408,0.38,1611.8,1114.85
2024-12-31 00:00:00+05:30,1203.1945530395503,1214.2503727116298,1201.3519366916562,1210.6148681640625,6405475,0.0,0.0,RELIANCE.NS,19632912072704,23.59408,0.38,1611.8,1114.85
2025-01-01 00:00:00+05:30,1210.0172807004092,1221.4218053468785,1206.7802092584152,1216.391845703125,5892590,0.0,0.0,RELIANCE.NS,19632912072704,23.59408,0.38,1611.8,1114.85
2025-01-02 00:00:00+05:30,1216.3918076943417,1239.4994683243335,1215.1467802555553,1236.860107421875,15486276,0.0,0.0,RELIANCE.NS,19632912072704,23.59408,0.38,1611.8,1114.85
2025-01-03 00:00:00+05:30,1238.9518139936486,1257.0296379589822,1230.5852047154665,1246.1729736328125,15521102,0.0,0.0,RELIANCE.NS,19632912072704,23.59408,0.38,1611.8,1114.85
2025-01-06 00:00:00+05:30,1248.961727102304,1256.9797527645217,1210.1667191829588,1213.15478515625,14816766,0.0,0.0,RELIANCE.NS,19632912072704,23.59408,0.38,1611.8,1114.85
2025-01-07 00:00:00+05:30,1217.1388288273843,1239.5493228115217,1216.3918123612464,1235.913818359375,10070505,0.0,0.0,RELIANCE.NS,19632912072704,23.59408,0.38,1611.8,1114.85
2025-01-08 00:00:00+05:30,1244.0314575822304,1265.9937909556584,1240.395953024955,1260.4658203125,19346579,0.0,0.0,RELIANCE.NS,19632912072704,23.59408,0.38,1611.8,1114.85
2025-01-09 00:00:00+05:30,1261.9598138402198,1264.6988742096441,1243.0852464738894,1249.758544921875,12794704,0.0,0.0,RELIANCE.NS,19632912072704,23.59408,0.38,1611.8,1114.85
2025-01-10 00:00:00+05:30,1248.8621307808614,1251.750618829338,1231.0831628192257,1236.959716796875,8120332,0.0,0.0,RELIANCE.NS,19632912072704,23.59408,0.38,1611.8,1114.85
2025-01-13 00:00:00+05:30,1225.1070543419412,1240.2963897717905,1221.5213994754447,1234.9178466796875,13764861,0.0,0.0,RELIANCE.NS,19632912072704,23.59408,0.38,1611.8,1114.85
2025-01-14 00:00:00+05:30,1239.1509590647415,1248.3641626627486,1222.3680125031533,1233.822265625,13095266,0.0,0.0,RELIANCE.NS,19632912072704,23.59408,0.38,1611.8,1114.85
2025-01-15 00:00:00+05:30,1239.9974688456068,1251.9995818882041,1236.90982514039,1247.2186279296875,9578856,0.0,0.0,RELIANCE.NS,19632912072704,23.59408,0.38,1611.8,1114.85
2025-01-16 00:00:00+05:30,1253.8920943102864,1269.9280238633037,1246.3223515830243,1261.4119873046875,14117603,0.0,0.0,RELIANCE.NS,19632912072704,23.59408,0.38,1611.8,1114.85
2025-01-17 00:00:00+05:30,1316.9900509904955,1320.7251333812799,1279.888232575373,1297.169189453125,29366277,0.0,0.0,RELIANCE.NS,19632912072704,23.59408,0.38,1611.8,1114.85
2025-01-20 00:00:00+05:30,1310.764916385877,1310.764916385877,1295.0775703121099,1300.2568359375,14040244,0.0,0.0,RELIANCE.NS,19632912072704,23.59408,0.38,1611.8,1114.85
2025-01-21 00:00:00+05:30,1305.2868371165837,1307.776892128252,1265.1471016946018,1268.6331787109375,14562976,0.0,0.0,RELIANCE.NS,19632912072704,23.59408,0.38,1611.8,1114.85
2025-01-22 00:00:00+05:30,1273.2149526536994,1277.7966294698952,1263.6530443254642,1272.0196533203125,10273590,0.0,0.0,RELIANCE.NS,19632912072704,23.59408,0.38,1611.8,1114.85
2025-01-23 00:00:00+05:30,1264.9478840486133,1272.2686211078578,1256.581275301743,1258.6231689453125,8720682,0.0,0.0,RELIANCE.NS,19632912072704,23.59408,0.38,1611.8,1114.85
2025-01-24 00:00:00+05:30,1260.9638702056575,1267.9360243063209,1238.5533748820974,1241.34228515625,14235970,0.0,0.0,RELIANCE.NS,19632912072704,23.59408,0.38,1611.8,1114.85
2025-01-27 00:00:00+05:30,1234.1708090151494,1235.515414368934,1215.1468135462453,1224.4595947265625,9536019,0.0,0.0,RELIANCE.NS,19632912072704,23.59408,0.38,1611.8,1114.85
2025-01-28 00:00:00+05:30,1233.0752790316255,1239.7984277662488,1213.6528493538253,1229.4896240234375,10568025,0.0,0.0,RELIANCE.NS,19632912072704,23.59408,0.38,1611.8,1114.85
2025-01-29 00:00:00+05:30,1231.0832160878692,1237.8063647194172,1223.1648896668228,1230.585205078125,5928156,0.0,0.0,RELIANCE.NS,19632912072704,23.59408,0.38,1611.8,1114.85
2025-01-30 00:00:00+05:30,1230.635044492625,1251.9996679975989,1227.497550840604,1248.0654296875,9269259,0.0,0.0,RELIANCE.NS,19632912072704,23.59408,0.38,1611.8,1114.85
2025-01-31 00:00:00+05:30,1250.8541794958078,1261.9598488917904,1244.0314532484974,1260.0673828125,6584612,0.0,0.0,RELIANCE.NS,19632912072704,23.59408,0.38,1611.8,1114.85
2025-02-01 00:00:00+05:30,1260.0673469134033,1265.495739501575,1236.0632421918099,1259.5693359375,7118453,0.0,0.0,RELIANCE.NS,19632912072704,23.59408,0.38,1611.8,1114.85
2025-02-03 00:00:00+05:30,1246.0235355947286,1251.003645649064,1232.6270881824535,1240.94384765625,9252345,0.0,0.0,RELIANCE.NS,19632912072704,23.59408,0.38,1611.8,1114.85
2025-02-04 00:00:00+05:30,1243.0852829885687,1283.6731787459128,1241.6409781641657,1280.08740234375,16691069,0.0,0.0,RELIANCE.NS,19632912072704,23.59408,0.38,1611.8,1114.85
2025-02-05 00:00:00+05:30,1277.5476050956522,1285.366353249074,1271.6212014188793,1273.115234375,10112028,0.0,0.0,RELIANCE.NS,19632912072704,23.59408,0.38,1611.8,1114.85
2025-02-06 00:00:00+05:30,1268.6331564996678,1282.8763195509282,1265.2965071593937,1276.4520263671875,9956001,0.0,0.0,RELIANCE.NS,19632912072704,23.59408,0.38,1611.8,1114.85
2025-02-07 00:00:00+05:30,1271.073491533156,1278.5933846345008,1256.979756005846,1261.6610107421875,8764283,0.0,0.0,RELIANCE.NS,19632912072704,23.59408,0.38,1611.8,1114.85
2025-02-10 00:00:00+05:30,1259.469777897567,1261.461821832557,1240.5952102474196,1248.6629638671875,6970972,0.0,0.0,RELIANCE.NS,19632912072704,23.59408,0.38,1611.8,1114.85
2025-02-11 00:00:00+05:30,1259.5196705337273,1259.5196705337273,1225.2066396338644,1229.937744140625,8859714,0.0,0.0,RELIANCE.NS,19632912072704,23.59408,0.38,1611.8,1114.85
2025-02-12 00:00:00+05:30,1214.5989377224967,1222.0193743195214,1188.6027887286011,1211.7105712890625,21131654,0.0,0.0,RELIANCE.NS,19632912072704,23.59408,0.38,1611.8,1114.85
2025-02-13 00:00:00+05:30,1212.2086229517822,1223.1150152108587,1207.1786632211406,1211.2623291015625,8511216,0.0,0.0,RELIANCE.NS,19632912072704,23.59408,0.38,1611.8,1114.85
2025-02-14 00:00:00+05:30,1214.1507532507958,1219.1308629852126,1200.6546072366423,1212.40771484375,10298145,0.0,0.0,RELIANCE.NS,19632912072704,23.59408,0.38,1611.8,1114.85
2025-02-17 00:00:00+05:30,1206.2821918357026,1222.6169765728448,1199.7084711054922,1220.02734375,8166683,0.0,0.0,RELIANCE.NS,19632912072704,23.59408,0.38,1611.8,1114.85
2025-02-18 00:00:00+05:30,1219.9775298877432,1225.0074896525716,1211.2623373341316,1220.525390625,6673250,0.0,0.0,RELIANCE.NS,19632912072704,23.59408,0.38,1611.8,1114.85
2025-02-19 00:00:00+05:30,1214.6488125132394,1227.8461038341088,1212.706618273488,1222.567138671875,6217338,0.0,0.0,RELIANCE.NS,19632912072704,23.59408,0.38,1611.8,1114.85
2025-02-20 00:00:00+05:30,1219.0810452834291,1234.4198079853766,1217.1388510698625,1228.0950927734375,7795582,0.0,0.0,RELIANCE.NS,19632912072704,23.59408,0.38,1611.8,1114.85
2025-02-21 00:00:00+05:30,1223.8121434284387,1235.0672403005465,1217.2882724889691,1223.264404296875,6904025,0.0,0.0,RELIANCE.NS,19632912072704,23.59408,0.38,1611.8,1114.85
2025-02-24 00:00:00+05:30,1211.7105497558396,1218.3838481751116,1205.68456833515,1209.718505859375,7172498,0.0,0.0,RELIANCE.NS,19632912072704,23.59408,0.38,1611.8,1114.85
2025-02-25 00:00:00+05:30,1206.1826029932777,1216.1428226711741,1196.7203942992758,1199.21044921875,11552182,0.0,0.0,RELIANCE.NS,19632912072704,23.59408,0.38,1611.8,1114.85
2025-02-27 00:00:00+05:30,1207.975493883109,1210.166693583284,1195.8738026303336,1202.298095703125,11509215,0.0,0.0,RELIANCE.NS,19632912072704,23.59408,0.38,1611.8,1114.85
2025-02-28 00:00:00+05:30,1197.218393771922,1212.5073065135477,1188.5530513693543,1195.325927734375,23007298,0.0,0.0,RELIANCE.NS,19632912072704,23.59408,0.38,1611.8,1114.85
2025-03-03 00:00:00+05:30,1199.2104168056296,1201.6506219268736,1151.4013636439433,1166.5906982421875,17944938,0.0,0.0,RELIANCE.NS,19632912072704,23.59408,0.38,1611.8,1114.85
2025-03-04 00:00:00+05:30,1157.576687742468,1169.3297956512124,1154.9373267832577,1157.2779541015625,11377373,0.0,0.0,RELIANCE.NS,19632912072704,23.59408,0.38,1611.8,1114.85
2025-03-05 00:00:00+05:30,1156.3815647449799,1178.2940491759787,1152.3974766666165,1170.9234619140625,8664095,0.0,0.0,RELIANCE.NS,19632912072704,23.59408,0.38,1611.8,1114.85
2025-03-06 00:00:00+05:30,1192.2383549047067,1209.1208794668382,1180.4355183146993,1204.7882080078125,14468014,0.0,0.0,RELIANCE.NS,19632912072704,23.59408,0.38,1611.8,1114.85
2025-03-07 00:00:00+05:30,1211.1627762331514,1249.8084792402678,1207.178688153437,1244.828369140625,16474965,0.0,0.0,RELIANCE.NS,19632912072704,23.59408,0.38,1611.8,1114.85
2025-03-10 00:00:00+05:30,1240.0473535020744,1252.9956391209716,1230.4855669004469,1233.4736328125,11931051,0.0,0.0,RELIANCE.NS,19632912072704,23.59408,0.38,1611.8,1114.85
2025-03-11 00:00:00+05:30,1235.0672477916657,1244.5294565449083,1224.858022557904,1242.3382568359375,10089838,0.0,0.0,RELIANCE.NS,19632912072704,23.59408,0.38,1611.8,1114.85
2025-03-12 00:00:00+05:30,1252.995610693361,1257.9757204337955,1239.0513034201438,1252.0494384765625,11977555,0.0,0.0,RELIANCE.NS,19632912072704,23.59408,0.38,1611.8,1114.85
2025-03-13 00:00:00+05:30,1255.0376050433522,1259.1212710412995,1238.901975238559,1242.9359130859375,9505270,0.0,0.0,RELIANCE.NS,19632912072704,23.59408,0.38,1611.8,1114.85
2025-03-17 00:00:00+05:30,1237.208673957254,1252.3980085038181,1228.1946267891797,1233.9217529296875,16640917,0.0,0.0,RELIANCE.NS,19632912072704,23.59408,0.38,1611.8,1114.85
2025-03-18 00:00:00+05:30,1233.9217529296875,1233.9217529296875,1233.9217529296875,1233.9217529296875,0,0.0,0.0,RELIANCE.NS,19632912072704,23.59408,0.38,1611.8,1114.85
2025-03-19 00:00:00+05:30,1236.113132982547,1248.2645525643281,1233.8720835165427,1242.1888427734375,16162399,0.0,0.0,RELIANCE.NS,19632912072704,23.59408,0.38,1611.8,1114.85
2025-03-20 00:00:00+05:30,1246.8700894970418,1267.9359786597456,1245.0773228865291,1264.101318359375,15971477,0.0,0.0,RELIANCE.NS,19632912072704,23.59408,0.38,1611.8,1114.85
2025-03-21 00:00:00+05:30,1269.927977701306,1275.9041093610767,1265.0474458622177,1271.2725830078125,21780769,0.0,0.0,RELIANCE.NS,19632912072704,23.59408,0.38,1611.8,1114.85
2025-03-24 00:00:00+05:30,1285.86434660882,1300.8046759652354,1279.141198398433,1296.920166015625,20299319,0.0,0.0,RELIANCE.NS,19632912072704,23.59408,0.38,1611.8,1114.85
2025-03-25 00:00:00+05:30,1302.497915186312,1302.497915186312,1277.4977874103538,1280.33642578125,13713899,0.0,0.0,RELIANCE.NS,19632912072704,23.59408,0.38,1611.8,1114.85
2025-03-26 00:00:00+05:30,1285.8643858858131,1288.6532960847499,1263.7028966635362,1267.98583984375,12074747,0.0,0.0,RELIANCE.NS,19632912072704,23.59408,0.38,1611.8,1114.85
2025-03-27 00:00:00+05:30,1273.0655062272906,1279.8882324099652,1266.242780044616,1273.115234375,15028056,0.0,0.0,RELIANCE.NS,19632912072704,23.59408,0.38,1611.8,1114.85
2025-03-28 00:00:00+05:30,1274.9081198538831,1290.5954658598978,1263.9518781988888,1270.027587890625,18147129,0.0,0.0,RELIANCE.NS,19632912072704,23.59408,0.38,1611.8,1114.85
2025-04-01 00:00:00+05:30,1259.5693287834792,1272.8164693011493,1244.330265958221,1247.6170654296875,12099648,0.0,0.0,RELIANCE.NS,19632912072704,23.59408,0.38,1611.8,1114.85
2025-04-02 00:00:00+05:30,1242.5873186806543,1250.5554948342144,1238.9518139936486,1246.1729736328125,10142590,0.0,0.0,RELIANCE.NS,19632912072704,23.59408,0.38,1611.8,1114.85
2025-04-03 00:00:00+05:30,1228.145018441354,1246.8204315907722,1228.145018441354,1243.732666015625,7434366,0.0,0.0,RELIANCE.NS,19632912072704,23.59408,0.38,1611.8,1114.85
2025-04-04 00:00:00+05:30,1236.1628160172713,1240.4954871764826,1188.4036122186155,1199.9075927734375,17908652,0.0,0.0,RELIANCE.NS,19632912072704,23.59408,0.38,1611.8,1114.85
2025-04-07 00:00:00+05:30,1127.6960086529814,1166.590714623955,1110.415052053189,1161.062744140625,22156106,0.0,0.0,RELIANCE.NS,19632912072704,23.59408,0.38,1611.8,1114.85
2025-04-08 00:00:00+05:30,1167.3378163352843,1191.8399338970503,1158.6724733291408,1177.4971923828125,19555040,0.0,0.0,RELIANCE.NS,19632912072704,23.59408,0.38,1611.8,1114.85
2025-04-09 00:00:00+05:30,1164.8477193030515,1185.0670143686195,1163.3536863154889,1180.6346435546875,10223104,0.0,0.0,RELIANCE.NS,19632912072704,23.59408,0.38,1611.8,1114.85
2025-04-11 00:00:00+05:30,1190.3957018139643,1217.786306450343,1190.3957018139643,1214.1009521484375,11224242,0.0,0.0,RELIANCE.NS,19632912072704,23.59408,0.38,1611.8,1114.85
2025-04-15 00:00:00+05:30,1246.0235343416643,1246.0235343416643,1232.1788040875913,1235.1668701171875,13378535,0.0,0.0,RELIANCE.NS,19632912072704,23.59408,0.38,1611.8,1114.85
2025-04-16 00:00:00+05:30,1229.1907298200806,1235.9637280756608,1224.1110419207541,1234.3701171875,8248464,0.0,0.0,RELIANCE.NS,19632912072704,23.59408,0.38,1611.8,1114.85
2025-04-17 00:00:00+05:30,1235.266450081142,1275.1073305428426,1222.7165970526498,1269.4300537109375,15398401,0.0,0.0,RELIANCE.NS,19632912072704,23.59408,0.38,1611.8,1114.85
2025-04-21 00:00:00+05:30,1264.947875835223,1295.7249783909904,1261.9598099867933,1290.346435546875,10429964,0.0,0.0,RELIANCE.NS,19632912072704,23.59408,0.38,1611.8,1114.85
2025-04-22 00:00:00+05:30,1294.8286411452223,1298.713151385602,1281.1831879455033,1286.0635986328125,13051707,0.0,0.0,RELIANCE.NS,19632912072704,23.59408,0.38,1611.8,1114.85
2025-04-23 00:00:00+05:30,1291.840547250601,1300.8047453425481,1280.286716249035,1294.82861328125,10480888,0.0,0.0,RELIANCE.NS,19632912072704,23.59408,0.38,1611.8,1114.85
2025-04-24 00:00:00+05:30,1287.2588872304611,1299.3107293954529,1285.1672652984741,1296.4222412109375,10468940,0.0,0.0,RELIANCE.NS,19632912072704,23.59408,0.38,1611.8,1114.85
2025-04-25 00:00:00+05:30,1298.3146947064158,1319.928323767296,1282.9759313802824,1295.22705078125,14431012,0.0,0.0,RELIANCE.NS,19632912072704,23.59408,0.38,1611.8,1114.85
2025-04-28 00:00:00+05:30,1334.669497851195,1369.1318351951852,1314.9482133535364,1363.35498046875,31104496,0.0,0.0,RELIANCE.NS,19632912072704,23.59408,0.38,1611.8,1114.85
2025-04-29 00:00:00+05:30,1365.5461749701867,1405.2874774645995,1364.5501529607263,1394.1319580078125,32538970,0.0,0.0,RELIANCE.NS,19632912072704,23.59408,0.38,1611.8,1114.85
2025-04-30 00:00:00+05:30,1396.4228227174156,1406.7814756764847,1363.5540972183608,1399.410888671875,25480745,0.0,0.0,RELIANCE.NS,19632912072704,23.59408,0.38,1611.8,1114.85
2025-05-02 00:00:00+05:30,1408.3751233126775,1421.024554216323,1403.4945911426703,1414.152099609375,13007841,0.0,0.0,RELIANCE.NS,19632912072704,23.59408,0.38,1611.8,1114.85
2025-05-05 00:00:00+05:30,1425.3074680112338,1433.773654928142,1421.2238021682567,1425.6063232421875,12685649,0.0,0.0,RELIANCE.NS,19632912072704,23.59408,0.38,1611.8,1114.85
2025-05-06 00:00:00+05:30,1425.3074785225756,1426.3035005201455,1404.9886054552057,1415.2476806640625,14084117,0.0,0.0,RELIANCE.NS,19632912072704,23.59408,0.38,1611.8,1114.85
2025-05-07 00:00:00+05:30,1415.2476117092147,1418.733688530858,1397.1199392858432,1400.4068603515625,13440169,0.0,0.0,RELIANCE.NS,19632912072704,23.59408,0.38,1611.8,1114.85
2025-05-08 00:00:00+05:30,1398.51446598441,1415.1481063364454,1392.438756100913,1401.4029541015625,16106175,0.0,0.0,RELIANCE.NS,19632912072704,23.59408,0.38,1611.8,1114.85
2025-05-09 00:00:00+05:30,1379.9884666950659,1389.251519832932,1369.032224808638,1371.721435546875,13668904,0.0,0.0,RELIANCE.NS,19632912072704,23.59408,0.38,1611.8,1114.85
2025-05-12 00:00:00+05:30,1394.430721507353,1433.275577320772,1394.430721507353,1430.7855224609375,10674081,0.0,0.0,RELIANCE.NS,19632912072704,23.59408,0.38,1611.8,1114.85
2025-05-13 00:00:00+05:30,1427.7974767909468,1441.9409399606418,1406.7814377941193,1410.0682373046875,11407896,0.0,0.0,RELIANCE.NS,19632912072704,23.59408,0.38,1611.8,1114.85
2025-05-14 00:00:00+05:30,1414.3512435205853,1424.2118856620737,1409.8691445094285,1418.7337646484375,5570160,0.0,0.0,RELIANCE.NS,19632912072704,23.59408,0.38,1611.8,1114.85
2025-05-15 00:00:00+05:30,1419.3313670179805,1455.5865925696291,1407.0802476372012,1448.4151611328125,20177211,0.0,0.0,RELIANCE.NS,19632912072704,23.59408,0.38,1611.8,1114.85
2025-05-16 00:00:00+05:30,1447.4191020051853,1455.1881221330052,1441.542669553187,1450.6064453125,9036695,0.0,0.0,RELIANCE.NS,19632912072704,23.59408,0.38,1611.8,1114.85
2025-05-19 00:00:00+05:30,1446.3234565863577,1448.81351147394,1432.4787270944578,1435.0684814453125,6195791,0.0,0.0,RELIANCE.NS,19632912072704,23.59408,0.38,1611.8,1114.85
2025-05-20 00:00:00+05:30,1432.4787356808251,1439.2517336495314,1416.1440727881434,1418.932861328125,11270560,0.0,0.0,RELIANCE.NS,19632912072704,23.59408,0.38,1611.8,1114.85
2025-05-21 00:00:00+05:30,1418.235682967954,1430.486680037078,1412.458707007589,1423.5145263671875,6136364,0.0,0.0,RELIANCE.NS,19632912072704,23.59408,0.38,1611.8,1114.85
2025-05-22 00:00:00+05:30,1415.5464438973825,1418.1361984129633,1391.3431818014155,1403.79345703125,12134466,0.0,0.0,RELIANCE.NS,19632912072704,23.59408,0.38,1611.8,1114.85
2025-05-23 00:00:00+05:30,1401.0045498118507,1428.0964217220903,1401.0045498118507,1421.124267578125,6474883,0.0,0.0,RELIANCE.NS,19632912072704,23.59408,0.38,1611.8,1114.85
2025-05-26 00:00:00+05:30,1426.3034970063507,1435.2676949623963,1419.430920923106,1429.0924072265625,4842944,0.0,0.0,RELIANCE.NS,19632912072704,23.59408,0.38,1611.8,1114.85
2025-05-27 00:00:00+05:30,1420.4269591196573,1431.2836233071982,1408.275539274527,1416.44287109375,12640414,0.0,0.0,RELIANCE.NS,19632912072704,23.59408,0.38,1611.8,1114.85
2025-05-28 00:00:00+05:30,1414.4508509493858,1416.9409060075968,1405.0882196135674,1407.279541015625,5944611,0.0,0.0,RELIANCE.NS,19632912072704,23.59408,0.38,1611.8,1114.85
2025-05-29 00:00:00+05:30,1406.4826358531975,1414.3512339364067,1402.996558868143,1412.1600341796875,13771917,0.0,0.0,RELIANCE.NS,19632912072704,23.59408,0.38,1611.8,1114.85
2025-05-30 00:00:00+05:30,1412.3591925541664,1424.9090454066043,1404.0921613404494,1415.2476806640625,13788484,0.0,0.0,RELIANCE.NS,19632912072704,23.59408,0.38,1611.8,1114.85
2025-06-02 00:00:00+05:30,1406.4826830156508,1411.8612262898896,1390.0483195350275,1408.0762939453125,8098668,0.0,0.0,RELIANCE.NS,19632912072704,23.59408,0.38,1611.8,1114.85
2025-06-03 00:00:00+05:30,1416.6421539546416,1420.8253977642241,1397.8173136420837,1399.908935546875,11252626,0.0,0.0,RELIANCE.NS,19632912072704,23.59408,0.38,1611.8,1114.85
2025-06-04 00:00:00+05:30,1409.0722382665938,1420.0284799827916,1400.506473605418,1417.8372802734375,8126827,0.0,0.0,RELIANCE.NS,19632912072704,23.59408,0.38,1611.8,1114.85
2025-06-05 00:00:00+05:30,1422.3193687346825,1448.913106617055,1417.9368477633755,1436.662109375,13716817,0.0,0.0,RELIANCE.NS,19632912072704,23.59408,0.38,1611.8,1114.85
2025-06-06 00:00:00+05:30,1435.2676355449807,1445.7258660607492,1431.28354772945,1437.7576904296875,8182161,0.0,0.0,RELIANCE.NS,19632912072704,23.59408,0.38,1611.8,1114.85
2025-06-09 00:00:00+05:30,1451.204075048637,1451.70208605586,1439.5506661134996,1443.0367431640625,7885125,0.0,0.0,RELIANCE.NS,19632912072704,23.59408,0.38,1611.8,1114.85
2025-06-10 00:00:00+05:30,1444.2318404180787,1448.1163503747662,1430.2875329933524,1432.777587890625,7913181,0.0,0.0,RELIANCE.NS,19632912072704,23.59408,0.38,1611.8,1114.85
2025-06-11 00:00:00+05:30,1440.0485867347081,1462.7578142878924,1437.3592545136698,1443.13623046875,8195700,0.0,0.0,RELIANCE.NS,19632912072704,23.59408,0.38,1611.8,1114.85
2025-06-12 00:00:00+05:30,1447.7179200254843,1451.2039968882907,1428.6939248911115,1435.865234375,8828114,0.0,0.0,RELIANCE.NS,19632912072704,23.59408,0.38,1611.8,1114.85
2025-06-13 00:00:00+05:30,1418.335338487147,1429.7895915718395,1408.6739736495979,1422.2198486328125,9757276,0.0,0.0,RELIANCE.NS,19632912072704,23.59408,0.38,1611.8,1114.85
2025-06-16 00:00:00+05:30,1421.223780491138,1436.6621211041454,1418.7337255535563,1432.0804443359375,8458093,0.0,0.0,RELIANCE.NS,19632912072704,23.59408,0.38,1611.8,1114.85
2025-06-17 00:00:00+05:30,1442.2398094911548,1442.2398094911548,1420.12817043809,1425.506591796875,10366599,0.0,0.0,RELIANCE.NS,19632912072704,23.59408,0.38,1611.8,1114.85
2025-06-18 00:00:00+05:30,1424.3114328610282,1437.0605628519918,1420.028489708749,1424.4110107421875,6681735,0.0,0.0,RELIANCE.NS,19632912072704,23.59408,0.38,1611.8,1114.85
2025-06-19 00:00:00+05:30,1424.4110453044384,1434.1721095891817,1420.0285241646616,1427.598388671875,10007230,0.0,0.0,RELIANCE.NS,19632912072704,23.59408,0.38,1611.8,1114.85
2025-06-20 00:00:00+05:30,1425.3075053013417,1465.148385952672,1422.4190171371765,1460.367431640625,29010635,0.0,0.0,RELIANCE.NS,19632912072704,23.59408,0.38,1611.8,1114.85
2025-06-23 00:00:00+05:30,1447.2199506188397,1457.9770367383994,1436.2637087352834,1451.0048828125,5989078,0.0,0.0,RELIANCE.NS,19632912072704,23.59408,0.38,1611.8,1114.85
2025-06-24 00:00:00+05:30,1459.1721495093714,1469.1323689599471,1437.359244595668,1445.0286865234375,16402744,0.0,0.0,RELIANCE.NS,19632912072704,23.59408,0.38,1611.8,1114.85
2025-06-25 00:00:00+05:30,1458.1762135192969,1466.5428226679085,1454.690136506102,1461.463134765625,7525851,0.0,0.0,RELIANCE.NS,19632912072704,23.59408,0.38,1611.8,1114.85
2025-06-26 00:00:00+05:30,1463.2558362824063,1492.8377614283193,1459.2717484446844,1489.3516845703125,14657893,0.0,0.0,RELIANCE.NS,19632912072704,23.59408,0.38,1611.8,1114.85
2025-06-27 00:00:00+05:30,1493.4353527246628,1515.9454247275912,1490.9452978220222,1509.3717041015625,11117052,0.0,0.0,RELIANCE.NS,19632912072704,23.59408,0.38,1611.8,1114.85
2025-06-30 00:00:00+05:30,1507.7781788170053,1518.734421010171,1490.0489382705405,1494.630615234375,8409527,0.0,0.0,RELIANCE.NS,19632912072704,23.59408,0.38,1611.8,1114.85
2025-07-01 00:00:00+05:30,1494.630607775488,1525.3081343971446,1494.132596769193,1522.320068359375,10368523,0.0,0.0,RELIANCE.NS,19632912072704,23.59408,0.38,1611.8,1114.85
2025-07-02 00:00:00+05:30,1522.3200879079554,1523.9136988316197,1502.6983810571346,1512.75830078125,6361002,0.0,0.0,RELIANCE.NS,19632912072704,23.59408,0.38,1611.8,1114.85
2025-07-03 00:00:00+05:30,1514.7502729656235,1525.8060926058627,1506.9812529023668,1511.76220703125,11283291,0.0,0.0,RELIANCE.NS,19632912072704,23.59408,0.38,1611.8,1114.85
2025-07-04 00:00:00+05:30,1517.9375659885409,1523.913698138102,1511.1645675851503,1521.2244873046875,6603501,0.0,0.0,RELIANCE.NS,19632912072704,23.59408,0.38,1611.8,1114.85
2025-07-07 00:00:00+05:30,1520.5271677380254,1538.65484117058,1518.933556847784,1535.367919921875,7251074,0.0,0.0,RELIANCE.NS,19632912072704,23.59408,0.38,1611.8,1114.85
2025-07-08 00:00:00+05:30,1529.8897875590692,1538.7544076502807,1524.1128113419518,1531.4833984375,7171261,0.0,0.0,RELIANCE.NS,19632912072704,23.59408,0.38,1611.8,1114.85
2025-07-09 00:00:00+05:30,1530.586937987722,1544.8301010282516,1504.0927774643353,1512.9573974609375,8870660,0.0,0.0,RELIANCE.NS,19632912072704,23.59408,0.38,1611.8,1114.85
2025-07-10 00:00:00+05:30,1513.654605815878,1518.6347158851345,1501.5031858807802,1511.16455078125,10047129,0.0,0.0,RELIANCE.NS,19632912072704,23.59408,0.38,1611.8,1114.85
2025-07-11 00:00:00+05:30,1505.9852937598653,1508.9733598189127,1484.3716645666439,1489.2520751953125,7234991,0.0,0.0,RELIANCE.NS,19632912072704,23.59408,0.38,1611.8,1114.85
2025-07-14 00:00:00+05:30,1486.263916129696,1494.0329360309418,1473.2160528053016,1477.7977294921875,10311846,0.0,0.0,RELIANCE.NS,19632912072704,23.59408,0.38,1611.8,1114.85
2025-07-15 00:00:00+05:30,1480.2878335086834,1490.5469086437597,1476.503022895967,1479.4910888671875,8132454,0.0,0.0,RELIANCE.NS,19632912072704,23.59408,0.38,1611.8,1114.85
2025-07-16 00:00:00+05:30,1467.1403332858122,1485.068728397248,1465.6463003598592,1479.690185546875,10409983,0.0,0.0,RELIANCE.NS,19632912072704,23.59408,0.38,1611.8,1114.85
2025-07-17 00:00:00+05:30,1481.4830970988435,1483.674296790977,1468.0368005528198,1470.52685546875,11854613,0.0,0.0,RELIANCE.NS,19632912072704,23.59408,0.38,1611.8,1114.85
2025-07-18 00:00:00+05:30,1478.8934598804974,1478.8934598804974,1463.2558421043927,1470.12841796875,10296318,0.0,0.0,RELIANCE.NS,19632912072704,23.59408,0.38,1611.8,1114.85
2025-07-21 00:00:00+05:30,1459.1722169809668,1470.128458883213,1417.4388712363768,1422.9169921875,22442744,0.0,0.0,RELIANCE.NS,19632912072704,23.59408,0.38,1611.8,1114.85
2025-07-22 00:00:00+05:30,1421.721828538219,1426.2039275426996,1405.0881881707605,1407.179931640625,20396320,0.0,0.0,RELIANCE.NS,19632912072704,23.59408,0.38,1611.8,1114.85
2025-07-23 00:00:00+05:30,1420.3273163904719,1420.3273163904719,1408.7734859597779,1418.932861328125,8354596,0.0,0.0,RELIANCE.NS,19632912072704,23.59408,0.38,1611.8,1114.85
2025-07-24 00:00:00+05:30,1413.554298653669,1417.3392306864348,1390.4466381154343,1397.3192138671875,14740507,0.0,0.0,RELIANCE.NS,19632912072704,23.59408,0.38,1611.8,1114.85
2025-07-25 00:00:00+05:30,1393.3351272649268,1395.4267490386208,1378.593953801798,1386.1636962890625,11854722,0.0,0.0,RELIANCE.NS,19632912072704,23.59408,0.38,1611.8,1114.85
2025-07-28 00:00:00+05:30,1386.7614543919697,1402.199795115413,1379.490445288333,1382.080078125,7748361,0.0,0.0,RELIANCE.NS,19632912072704,23.59408,0.38,1611.8,1114.85
2025-07-29 00:00:00+05:30,1377.4984422704579,1414.550412474214,1377.4984422704579,1411.4627685546875,10750072,0.0,0.0,RELIANCE.NS,19632912072704,23.59408,0.38,1611.8,1114.85
2025-07-30 00:00:00+05:30,1412.458776601272,1417.6381639620695,1395.7256799199,1404.4906005859375,7209849,0.0,0.0,RELIANCE.NS,19632912072704,23.59408,0.38,1611.8,1114.85
2025-07-31 00:00:00+05:30,1382.5780559389787,1397.0203743336986,1376.7015020683227,1384.669677734375,17065827,0.0,0.0,RELIANCE.NS,19632912072704,23.59408,0.38,1611.8,1114.85
2025-08-01 00:00:00+05:30,1381.3828853186424,1400.3073026227253,1378.7932525308158,1388.15576171875,10321171,0.0,0.0,RELIANCE.NS,19632912072704,23.59408,0.38,1611.8,1114.85
2025-08-04 00:00:00+05:30,1389.5502251510159,1410.466686507784,1386.1637261382157,1405.885009765625,6312820,0.0,0.0,RELIANCE.NS,19632912072704,23.59408,0.38,1611.8,1114.85
2025-08-05 00:00:00+05:30,1405.38696851784,1405.38696851784,1382.5780415934858,1386.1636962890625,9315972,0.0,0.0,RELIANCE.NS,19632912072704,23.59408,0.38,1611.8,1114.85
2025-08-06 00:00:00+05:30,1386.3630773472378,1390.3471654369864,1377.797312271222,1387.259521484375,5834312,0.0,0.0,RELIANCE.NS,19632912072704,23.59408,0.38,1611.8,1114.85
2025-08-07 00:00:00+05:30,1382.1796145349972,1388.1557462486337,1360.5659868045632,1383.8729248046875,9976705,0.0,0.0,RELIANCE.NS,19632912072704,23.59408,0.38,1611.8,1114.85
2025-08-08 00:00:00+05:30,1379.4904158119157,1391.6418351007062,1359.569976594415,1362.35888671875,8793606,0.0,0.0,RELIANCE.NS,19632912072704,23.59408,0.38,1611.8,1114.85
2025-08-11 00:00:00+05:30,1364.5501609316866,1382.4785572067015,1355.7851185633474,1380.6856689453125,9997486,0.0,0.0,RELIANCE.NS,19632912072704,23.59408,0.38,1611.8,1114.85
2025-08-12 00:00:00+05:30,1376.4028464986861,1396.3232867936674,1369.7294260490362,1374.9088134765625,12244664,0.0,0.0,RELIANCE.NS,19632912072704,23.59408,0.38,1611.8,1114.85
2025-08-13 00:00:00+05:30,1382.4785186353236,1386.2634508216695,1372.0202877666845,1377.0999755859375,7457021,0.0,0.0,RELIANCE.NS,19632912072704,23.59408,0.38,1611.8,1114.85
2025-08-14 00:00:00+05:30,1377.300048828125,1380.699951171875,1370.0999755859375,1373.800048828125,7126128,5.5,0.0,RELIANCE.NS,19632912072704,23.59408,0.38,1611.8,1114.85
2025-08-18 00:00:00+05:30,1390.0,1394.9000244140625,1377.0,1381.699951171875,11785109,0.0,0.0,RELIANCE.NS,19632912072704,23.59408,0.38,1611.8,1114.85
2025-08-19 00:00:00+05:30,1390.0,1421.0,1389.0999755859375,1420.0999755859375,14384719,0.0,0.0,RELIANCE.NS,19632912072704,23.59408,0.38,1611.8,1114.85
2025-08-20 00:00:00+05:30,1413.0,1424.9000244140625,1410.0,1413.0,8725641,0.0,0.0,RELIANCE.NS,19632912072704,23.59408,0.38,1611.8,1114.85
2025-08-21 00:00:00+05:30,1425.0,1431.9000244140625,1420.300048828125,1424.800048828125,11021323,0.0,0.0,RELIANCE.NS,19632912072704,23.59408,0.38,1611.8,1114.85
2025-08-22 00:00:00+05:30,1420.0,1423.4000244140625,1407.9000244140625,1409.199951171875,5818868,0.0,0.0,RELIANCE.NS,19632912072704,23.59408,0.38,1611.8,1114.85
2025-08-25 00:00:00+05:30,1414.699951171875,1419.5,1405.699951171875,1412.5999755859375,5979407,0.0,0.0,RELIANCE.NS,19632912072704,23.59408,0.38,1611.8,1114.85
2025-08-26 00:00:00+05:30,1408.0,1410.0,1381.5999755859375,1384.9000244140625,12145259,0.0,0.0,RELIANCE.NS,19632912072704,23.59408,0.38,1611.8,1114.85
2025-08-28 00:00:00+05:30,1389.9000244140625,1392.199951171875,1366.5,1385.9000244140625,13161813,0.0,0.0,RELIANCE.NS,19632912072704,23.59408,0.38,1611.8,1114.85
2025-08-29 00:00:00+05:30,1381.0999755859375,1403.5,1350.0,1357.199951171875,18758842,0.0,0.0,RELIANCE.NS,19632912072704,23.59408,0.38,1611.8,1114.85
2025-09-01 00:00:00+05:30,1356.0,1363.199951171875,1340.5999755859375,1353.9000244140625,11232238,0.0,0.0,RELIANCE.NS,19632912072704,23.59408,0.38,1611.8,1114.85
2025-09-02 00:00:00+05:30,1354.800048828125,1384.5,1354.5,1366.5,11517006,0.0,0.0,RELIANCE.NS,19632912072704,23.59408,0.38,1611.8,1114.85
2025-09-03 00:00:00+05:30,1369.699951171875,1376.5,1360.5,1372.5999755859375,7847563,0.0,0.0,RELIANCE.NS,19632912072704,23.59408,0.38,1611.8,1114.85
2025-09-04 00:00:00+05:30,1371.800048828125,1374.0,1357.0999755859375,1359.300048828125,13223177,0.0,0.0,RELIANCE.NS,19632912072704,23.59408,0.38,1611.8,1114.85
2025-09-05 00:00:00+05:30,1363.0,1381.0,1359.300048828125,1375.0,5777575,0.0,0.0,RELIANCE.NS,19632912072704,23.59408,0.38,1611.8,1114.85
2025-09-08 00:00:00+05:30,1380.0,1386.0,1372.4000244140625,1378.5,6986720,0.0,0.0,RELIANCE.NS,19632912072704,23.59408,0.38,1611.8,1114.85
2025-09-09 00:00:00+05:30,1376.5999755859375,1381.199951171875,1368.699951171875,1376.199951171875,9754452,0.0,0.0,RELIANCE.NS,19632912072704,23.59408,0.38,1611.8,1114.85
2025-09-10 00:00:00+05:30,1383.9000244140625,1388.5,1374.0999755859375,1377.0,7790815,0.0,0.0,RELIANCE.NS,19632912072704,23.59408,0.38,1611.8,1114.85
2025-09-11 00:00:00+05:30,1376.0,1385.5,1375.0,1383.300048828125,9766072,0.0,0.0,RELIANCE.NS,19632912072704,23.59408,0.38,1611.8,1114.85
2025-09-12 00:00:00+05:30,1383.300048828125,1396.300048828125,1380.5,1395.0,7403368,0.0,0.0,RELIANCE.NS,19632912072704,23.59408,0.38,1611.8,1114.85
2025-09-15 00:00:00+05:30,1393.0,1400.800048828125,1388.5999755859375,1399.300048828125,5396697,0.0,0.0,RELIANCE.NS,19632912072704,23.59408,0.38,1611.8,1114.85
2025-09-16 00:00:00+05:30,1404.699951171875,1408.0,1398.199951171875,1405.300048828125,8686961,0.0,0.0,RELIANCE.NS,19632912072704,23.59408,0.38,1611.8,1114.85
2025-09-17 00:00:00+05:30,1407.0,1416.199951171875,1406.9000244140625,1413.800048828125,7519417,0.0,0.0,RELIANCE.NS,19632912072704,23.59408,0.38,1611.8,1114.85
2025-09-18 00:00:00+05:30,1420.4000244140625,1422.0,1410.699951171875,1415.0,9332642,0.0,0.0,RELIANCE.NS,19632912072704,23.59408,0.38,1611.8,1114.85
2025-09-19 00:00:00+05:30,1414.9000244140625,1417.0,1403.5999755859375,1407.4000244140625,13461373,0.0,0.0,RELIANCE.NS,19632912072704,23.59408,0.38,1611.8,1114.85
2025-09-22 00:00:00+05:30,1403.9000244140625,1410.699951171875,1388.0,1390.5999755859375,7757970,0.0,0.0,RELIANCE.NS,19632912072704,23.59408,0.38,1611.8,1114.85
2025-09-23 00:00:00+05:30,1391.0,1395.0,1376.800048828125,1389.800048828125,14014702,0.0,0.0,RELIANCE.NS,19632912072704,23.59408,0.38,1611.8,1114.85
2025-09-24 00:00:00+05:30,1385.300048828125,1396.0,1380.4000244140625,1383.0,5922759,0.0,0.0,RELIANCE.NS,19632912072704,23.59408,0.38,1611.8,1114.85
2025-09-25 00:00:00+05:30,1381.300048828125,1384.5,1369.0,1372.4000244140625,11411143,0.0,0.0,RELIANCE.NS,19632912072704,23.59408,0.38,1611.8,1114.85
2025-09-26 00:00:00+05:30,1372.0,1382.699951171875,1366.0,1377.5999755859375,9879109,0.0,0.0,RELIANCE.NS,19632912072704,23.59408,0.38,1611.8,1114.85
2025-09-29 00:00:00+05:30,1381.5999755859375,1389.0,1368.0,1372.800048828125,14231999,0.0,0.0,RELIANCE.NS,19632912072704,23.59408,0.38,1611.8,1114.85
2025-09-30 00:00:00+05:30,1377.0999755859375,1377.0999755859375,1362.800048828125,1364.0,14604684,0.0,0.0,RELIANCE.NS,19632912072704,23.59408,0.38,1611.8,1114.85
2025-10-01 00:00:00+05:30,1367.0,1378.5999755859375,1362.699951171875,1368.699951171875,12045916,0.0,0.0,RELIANCE.NS,19632912072704,23.59408,0.38,1611.8,1114.85
2025-10-03 00:00:00+05:30,1363.199951171875,1371.5999755859375,1356.9000244140625,1363.4000244140625,12842347,0.0,0.0,RELIANCE.NS,19632912072704,23.59408,0.38,1611.8,1114.85
2025-10-06 00:00:00+05:30,1360.0,1377.4000244140625,1359.0,1375.0,12396580,0.0,0.0,RELIANCE.NS,19632912072704,23.59408,0.38,1611.8,1114.85
2025-10-07 00:00:00+05:30,1376.0,1395.9000244140625,1375.9000244140625,1384.800048828125,11244040,0.0,0.0,RELIANCE.NS,19632912072704,23.59408,0.38,1611.8,1114.85
2025-10-08 00:00:00+05:30,1384.800048828125,1389.0,1364.5,1367.4000244140625,8525081,0.0,0.0,RELIANCE.NS,19632912072704,23.59408,0.38,1611.8,1114.85
2025-10-09 00:00:00+05:30,1374.0,1380.0,1369.0999755859375,1377.800048828125,8826633,0.0,0.0,RELIANCE.NS,19632912072704,23.59408,0.38,1611.8,1114.85
2025-10-10 00:00:00+05:30,1377.800048828125,1388.0,1375.0999755859375,1381.699951171875,6373084,0.0,0.0,RELIANCE.NS,19632912072704,23.59408,0.38,1611.8,1114.85
2025-10-13 00:00:00+05:30,1376.9000244140625,1377.699951171875,1367.800048828125,1375.0,7600682,0.0,0.0,RELIANCE.NS,19632912072704,23.59408,0.38,1611.8,1114.85
2025-10-14 00:00:00+05:30,1380.0,1388.0,1370.0999755859375,1375.9000244140625,9768174,0.0,0.0,RELIANCE.NS,19632912072704,23.59408,0.38,1611.8,1114.85
2025-10-15 00:00:00+05:30,1383.0,1384.0,1372.699951171875,1374.300048828125,10882743,0.0,0.0,RELIANCE.NS,19632912072704,23.59408,0.38,1611.8,1114.85
2025-10-16 00:00:00+05:30,1375.0999755859375,1400.5,1375.0,1398.300048828125,12315932,0.0,0.0,RELIANCE.NS,19632912072704,23.59408,0.38,1611.8,1114.85
2025-10-17 00:00:00+05:30,1401.0,1423.300048828125,1399.0999755859375,1416.800048828125,19335561,0.0,0.0,RELIANCE.NS,19632912072704,23.59408,0.38,1611.8,1114.85
2025-10-20 00:00:00+05:30,1440.0,1473.800048828125,1433.300048828125,1466.800048828125,24721978,0.0,0.0,RELIANCE.NS,19632912072704,23.59408,0.38,1611.8,1114.85
2025-10-21 00:00:00+05:30,1468.0,1474.0,1460.0,1465.199951171875,2066169,0.0,0.0,RELIANCE.NS,19632912072704,23.59408,0.38,1611.8,1114.85
2025-10-23 00:00:00+05:30,1475.0,1482.9000244140625,1444.5999755859375,1448.4000244140625,18707090,0.0,0.0,RELIANCE.NS,19632912072704,23.59408,0.38,1611.8,1114.85
2025-10-24 00:00:00+05:30,1450.0,1459.800048828125,1441.0,1451.5999755859375,9700837,0.0,0.0,RELIANCE.NS,19632912072704,23.59408,0.38,1611.8,1114.85
2025-10-27 00:00:00+05:30,1463.0,1485.0,1458.0,1484.0999755859375,14113867,0.0,0.0,RELIANCE.NS,19632912072704,23.59408,0.38,1611.8,1114.85
2025-10-28 00:00:00+05:30,1484.0999755859375,1492.0,1477.5999755859375,1486.9000244140625,17631577,0.0,0.0,RELIANCE.NS,19632912072704,23.59408,0.38,1611.8,1114.85
2025-10-29 00:00:00+05:30,1490.0,1508.300048828125,1488.0999755859375,1504.199951171875,11884745,0.0,0.0,RELIANCE.NS,19632912072704,23.59408,0.38,1611.8,1114.85
2025-10-30 00:00:00+05:30,1500.0,1503.0999755859375,1484.0,1488.5,9318663,0.0,0.0,RELIANCE.NS,19632912072704,23.59408,0.38,1611.8,1114.85
2025-10-31 00:00:00+05:30,1490.4000244140625,1497.5,1482.300048828125,1486.4000244140625,8758053,0.0,0.0,RELIANCE.NS,19632912072704,23.59408,0.38,1611.8,1114.85
2025-11-03 00:00:00+05:30,1486.0,1495.0,1479.300048828125,1484.699951171875,8452085,0.0,0.0,RELIANCE.NS,19632912072704,23.59408,0.38,1611.8,1114.85
2025-11-04 00:00:00+05:30,1483.9000244140625,1492.800048828125,1470.0999755859375,1473.0999755859375,10007806,0.0,0.0,RELIANCE.NS,19632912072704,23.59408,0.38,1611.8,1114.85
2025-11-06 00:00:00+05:30,1484.0,1501.5999755859375,1476.199951171875,1496.0999755859375,16772678,0.0,0.0,RELIANCE.NS,19632912072704,23.59408,0.38,1611.8,1114.85
2025-11-07 00:00:00+05:30,1494.5999755859375,1498.4000244140625,1475.9000244140625,1478.0,7821765,0.0,0.0,RELIANCE.NS,19632912072704,23.59408,0.38,1611.8,1114.85
2025-11-10 00:00:00+05:30,1477.9000244140625,1501.0,1475.5,1489.300048828125,7068438,0.0,0.0,RELIANCE.NS,19632912072704,23.59408,0.38,1611.8,1114.85
2025-11-11 00:00:00+05:30,1497.0,1498.800048828125,1480.199951171875,1493.4000244140625,7127506,0.0,0.0,RELIANCE.NS,19632912072704,23.59408,0.38,1611.8,1114.85
2025-11-12 00:00:00+05:30,1505.0,1524.699951171875,1500.0,1511.5,12384459,0.0,0.0,RELIANCE.NS,19632912072704,23.59408,0.38,1611.8,1114.85
2025-11-13 00:00:00+05:30,1515.0,1522.0999755859375,1506.800048828125,1510.9000244140625,7196443,0.0,0.0,RELIANCE.NS,19632912072704,23.59408,0.38,1611.8,1114.85
2025-11-14 00:00:00+05:30,1505.5,1520.9000244140625,1505.5,1518.9000244140625,7682823,0.0,0.0,RELIANCE.NS,19632912072704,23.59408,0.38,1611.8,1114.85
2025-11-17 00:00:00+05:30,1520.9000244140625,1523.699951171875,1511.5,1518.300048828125,5871416,0.0,0.0,RELIANCE.NS,19632912072704,23.59408,0.38,1611.8,1114.85
2025-11-18 00:00:00+05:30,1521.699951171875,1527.800048828125,1510.5,1519.4000244140625,11045042,0.0,0.0,RELIANCE.NS,19632912072704,23.59408,0.38,1611.8,1114.85
2025-11-19 00:00:00+05:30,1517.4000244140625,1522.300048828125,1512.0,1518.9000244140625,5692366,0.0,0.0,RELIANCE.NS,19632912072704,23.59408,0.38,1611.8,1114.85
2025-11-20 00:00:00+05:30,1530.0,1550.9000244140625,1526.699951171875,1549.0999755859375,18171724,0.0,0.0,RELIANCE.NS,19632912072704,23.59408,0.38,1611.8,1114.85
2025-11-21 00:00:00+05:30,1541.0,1557.800048828125,1540.0999755859375,1546.5999755859375,9615271,0.0,0.0,RELIANCE.NS,19632912072704,23.59408,0.38,1611.8,1114.85
2025-11-24 00:00:00+05:30,1550.0,1550.0,1531.800048828125,1535.9000244140625,18433951,0.0,0.0,RELIANCE.NS,19632912072704,23.59408,0.38,1611.8,1114.85
2025-11-25 00:00:00+05:30,1535.9000244140625,1559.5999755859375,1525.0999755859375,1539.699951171875,15033482,0.0,0.0,RELIANCE.NS,19632912072704,23.59408,0.38,1611.8,1114.85
2025-11-26 00:00:00+05:30,1542.300048828125,1571.5999755859375,1540.5,1569.9000244140625,14054299,0.0,0.0,RELIANCE.NS,19632912072704,23.59408,0.38,1611.8,1114.85
2025-11-27 00:00:00+05:30,1575.0,1575.5,1556.0,1563.4000244140625,9794643,0.0,0.0,RELIANCE.NS,19632912072704,23.59408,0.38,1611.8,1114.85
2025-11-28 00:00:00+05:30,1568.0,1581.300048828125,1563.0,1567.5,8959508,0.0,0.0,RELIANCE.NS,19632912072704,23.59408,0.38,1611.8,1114.85
2025-12-01 00:00:00+05:30,1575.0,1577.5,1563.5999755859375,1566.0999755859375,8920233,0.0,0.0,RELIANCE.NS,19632912072704,23.59408,0.38,1611.8,1114.85
2025-12-02 00:00:00+05:30,1561.0999755859375,1567.5,1542.0,1546.300048828125,11389150,0.0,0.0,RELIANCE.NS,19632912072704,23.59408,0.38,1611.8,1114.85
2025-12-03 00:00:00+05:30,1545.199951171875,1552.4000244140625,1533.0,1538.800048828125,6090883,0.0,0.0,RELIANCE.NS,19632912072704,23.59408,0.38,1611.8,1114.85
2025-12-04 00:00:00+05:30,1536.0,1560.5,1517.5999755859375,1535.5999755859375,11867930,0.0,0.0,RELIANCE.NS,19632912072704,23.59408,0.38,1611.8,1114.85
2025-12-05 00:00:00+05:30,1530.4000244140625,1545.800048828125,1520.5999755859375,1540.5999755859375,10183266,0.0,0.0,RELIANCE.NS,19632912072704,23.59408,0.38,1611.8,1114.85
2025-12-08 00:00:00+05:30,1539.199951171875,1551.0,1535.0,1543.0,11301491,0.0,0.0,RELIANCE.NS,19632912072704,23.59408,0.38,1611.8,1114.85
2025-12-09 00:00:00+05:30,1540.300048828125,1542.5,1520.0999755859375,1529.4000244140625,11503971,0.0,0.0,RELIANCE.NS,19632912072704,23.59408,0.38,1611.8,1114.85
2025-12-10 00:00:00+05:30,1534.0,1547.5,1531.4000244140625,1536.9000244140625,7991629,0.0,0.0,RELIANCE.NS,19632912072704,23.59408,0.38,1611.8,1114.85
2025-12-11 00:00:00+05:30,1536.9000244140625,1550.0,1524.0,1545.0,4706197,0.0,0.0,RELIANCE.NS,19632912072704,23.59408,0.38,1611.8,1114.85
2025-12-12 00:00:00+05:30,1550.800048828125,1559.800048828125,1546.0999755859375,1556.5,5106655,0.0,0.0,RELIANCE.NS,19632912072704,23.59408,0.38,1611.8,1114.85
2025-12-15 00:00:00+05:30,1551.199951171875,1558.5999755859375,1546.5,1556.199951171875,5774543,0.0,0.0,RELIANCE.NS,19632912072704,23.59408,0.38,1611.8,1114.85
2025-12-16 00:00:00+05:30,1545.0,1551.699951171875,1538.800048828125,1542.300048828125,11731856,0.0,0.0,RELIANCE.NS,19632912072704,23.59408,0.38,1611.8,1114.85
2025-12-17 00:00:00+05:30,1550.0,1550.0,1539.300048828125,1544.4000244140625,7116649,0.0,0.0,RELIANCE.NS,19632912072704,23.59408,0.38,1611.8,1114.85
2025-12-18 00:00:00+05:30,1535.199951171875,1551.5,1535.199951171875,1544.4000244140625,6580829,0.0,0.0,RELIANCE.NS,19632912072704,23.59408,0.38,1611.8,1114.85
2025-12-19 00:00:00+05:30,1554.4000244140625,1574.199951171875,1551.0,1565.0999755859375,13937275,0.0,0.0,RELIANCE.NS,19632912072704,23.59408,0.38,1611.8,1114.85
2025-12-22 00:00:00+05:30,1573.5,1577.5,1565.300048828125,1575.4000244140625,10184852,0.0,0.0,RELIANCE.NS,19632912072704,23.59408,0.38,1611.8,1114.85
2025-12-23 00:00:00+05:30,1580.9000244140625,1580.9000244140625,1568.0999755859375,1570.699951171875,7506564,0.0,0.0,RELIANCE.NS,19632912072704,23.59408,0.38,1611.8,1114.85
2025-12-24 00:00:00+05:30,1572.699951171875,1575.699951171875,1553.5999755859375,1558.199951171875,8815745,0.0,0.0,RELIANCE.NS,19632912072704,23.59408,0.38,1611.8,1114.85
2025-12-26 00:00:00+05:30,1554.699951171875,1561.0,1554.300048828125,1559.199951171875,2311495,0.0,0.0,RELIANCE.NS,19632912072704,23.59408,0.38,1611.8,1114.85
2025-12-29 00:00:00+05:30,1554.9000244140625,1558.0999755859375,1543.5999755859375,1545.5999755859375,5972105,0.0,0.0,RELIANCE.NS,19632912072704,23.59408,0.38,1611.8,1114.85
2025-12-30 00:00:00+05:30,1547.0,1553.5999755859375,1537.800048828125,1539.800048828125,8815884,0.0,0.0,RELIANCE.NS,19632912072704,23.59408,0.38,1611.8,1114.85
2025-12-31 00:00:00+05:30,1541.0,1577.0,1541.0,1570.4000244140625,5771830,0.0,0.0,RELIANCE.NS,19632912072704,23.59408,0.38,1611.8,1114.85
2026-01-01 00:00:00+05:30,1573.699951171875,1592.5,1571.0999755859375,1575.5999755859375,6408128,0.0,0.0,RELIANCE.NS,19632912072704,23.59408,0.38,1611.8,1114.85
2026-01-02 00:00:00+05:30,1580.0,1594.5999755859375,1578.199951171875,1592.300048828125,6602230,0.0,0.0,RELIANCE.NS,19632912072704,23.59408,0.38,1611.8,1114.85
2026-01-05 00:00:00+05:30,1593.0,1611.800048828125,1575.300048828125,1578.0999755859375,8704973,0.0,0.0,RELIANCE.NS,19632912072704,23.59408,0.38,1611.8,1114.85
2026-01-06 00:00:00+05:30,1569.0,1569.0,1496.300048828125,1507.5999755859375,27417125,0.0,0.0,RELIANCE.NS,19632912072704,23.59408,0.38,1611.8,1114.85
2026-01-07 00:00:00+05:30,1510.0,1520.0,1498.0,1504.199951171875,11199340,0.0,0.0,RELIANCE.NS,19632912072704,23.59408,0.38,1611.8,1114.85
2026-01-08 00:00:00+05:30,1500.0,1503.9000244140625,1468.800048828125,1470.5999755859375,16518684,0.0,0.0,RELIANCE.NS,19632912072704,23.59408,0.38,1611.8,1114.85
2026-01-09 00:00:00+05:30,1465.0,1479.9000244140625,1465.0,1475.300048828125,8335311,0.0,0.0,RELIANCE.NS,19632912072704,23.59408,0.38,1611.8,1114.85
2026-01-12 00:00:00+05:30,1475.300048828125,1485.300048828125,1451.0,1483.199951171875,8883745,0.0,0.0,RELIANCE.NS,19632912072704,23.59408,0.38,1611.8,1114.85
2026-01-13 00:00:00+05:30,1485.0,1485.800048828125,1444.699951171875,1452.800048828125,13499760,0.0,0.0,RELIANCE.NS,19632912072704,23.59408,0.38,1611.8,1114.85
2026-01-14 00:00:00+05:30,1444.0,1467.0,1440.199951171875,1458.800048828125,8321764,0.0,0.0,RELIANCE.NS,19632912072704,23.59408,0.38,1611.8,1114.85
2026-01-15 00:00:00+05:30,1458.800048828125,1458.800048828125,1458.800048828125,1458.800048828125,0,0.0,0.0,RELIANCE.NS,19632912072704,23.59408,0.38,1611.8,1114.85
2026-01-16 00:00:00+05:30,1458.800048828125,1480.0,1455.0999755859375,1457.9000244140625,17167161,0.0,0.0,RELIANCE.NS,19632912072704,23.59408,0.38,1611.8,1114.85
2026-01-19 00:00:00+05:30,1450.5999755859375,1450.5999755859375,1403.300048828125,1413.5999755859375,20392765,0.0,0.0,RELIANCE.NS,19632912072704,23.59408,0.38,1611.8,1114.85
2026-01-20 00:00:00+05:30,1410.699951171875,1416.0,1390.0,1394.0,13189498,0.0,0.0,RELIANCE.NS,19632912072704,23.59408,0.38,1611.8,1114.85
2026-01-21 00:00:00+05:30,1389.5,1412.9000244140625,1373.0,1404.5999755859375,17352720,0.0,0.0,RELIANCE.NS,19632912072704,23.59408,0.38,1611.8,1114.85
2026-01-22 00:00:00+05:30,1410.0999755859375,1419.5,1395.0,1402.5,15721693,0.0,0.0,RELIANCE.NS,19632912072704,23.59408,0.38,1611.8,1114.85
2026-01-23 00:00:00+05:30,1401.800048828125,1407.0,1381.0,1386.0999755859375,9837802,0.0,0.0,RELIANCE.NS,19632912072704,23.59408,0.38,1611.8,1114.85
2026-01-27 00:00:00+05:30,1380.0,1391.5999755859375,1368.0,1380.5,26302396,0.0,0.0,RELIANCE.NS,19632912072704,23.59408,0.38,1611.8,1114.85
2026-01-28 00:00:00+05:30,1385.0,1409.9000244140625,1384.9000244140625,1396.699951171875,11121657,0.0,0.0,RELIANCE.NS,19632912072704,23.59408,0.38,1611.8,1114.85
2026-01-29 00:00:00+05:30,1402.9000244140625,1402.9000244140625,1384.0,1391.0,20846683,0.0,0.0,RELIANCE.NS,19632912072704,23.59408,0.38,1611.8,1114.85
2026-01-30 00:00:00+05:30,1382.5999755859375,1398.0,1378.5,1395.4000244140625,11239835,0.0,0.0,RELIANCE.NS,19632912072704,23.59408,0.38,1611.8,1114.85
2026-02-02 00:00:00+05:30,1340.0,1392.9000244140625,1335.5,1390.4000244140625,15711165,0.0,0.0,RELIANCE.NS,19632912072704,23.59408,0.38,1611.8,1114.85
2026-02-03 00:00:00+05:30,1473.9000244140625,1489.5,1430.199951171875,1437.0999755859375,25456171,0.0,0.0,RELIANCE.NS,19632912072704,23.59408,0.38,1611.8,1114.85
2026-02-04 00:00:00+05:30,1444.0,1464.0,1440.300048828125,1456.800048828125,8333387,0.0,0.0,RELIANCE.NS,19632912072704,23.59408,0.38,1611.8,1114.85
2026-02-05 00:00:00+05:30,1457.0,1461.5,1439.5,1443.4000244140625,11763658,0.0,0.0,RELIANCE.NS,19632912072704,23.59408,0.38,1611.8,1114.85
2026-02-06 00:00:00+05:30,1441.5,1452.800048828125,1433.5,1450.800048828125,8275846,0.0,0.0,RELIANCE.NS,19632912072704,23.59408,0.38,1611.8,1114.85
2024-02-06 00:00:00+05:30,3748.4299374253883,3891.821123658746,3741.8652615279707,3878.78564453125,4474396,0.0,0.0,TCS.NS,10642966708224,22.296675,2.11,4090.0,2866.6
2024-02-07 00:00:00+05:30,3894.7280181656797,3896.603639652877,3820.594033092657,3829.456298828125,2124267,0.0,0.0,TCS.NS,10642966708224,22.296675,2.11,4090.0,2866.6
2024-02-08 00:00:00+05:30,3835.6456317898123,3899.4167572083225,3831.9413254430674,3877.003173828125,2345173,0.0,0.0,TCS.NS,10642966708224,22.296675,2.11,4090.0,2866.6
2024-02-09 00:00:00+05:30,3879.3008122308597,3924.5034728185747,3845.0240130368975,3876.62841796875,2100596,0.0,0.0,TCS.NS,10642966708224,22.296675,2.11,4090.0,2866.6
2024-02-12 00:00:00+05:30,3873.1584686878864,3900.9177589811775,3850.228812262782,3864.43701171875,1013716,0.0,0.0,TCS.NS,10642966708224,22.296675,2.11,4090.0,2866.6
2024-02-13 00:00:00+05:30,3868.8911494158424,3910.670430925413,3827.674187966924,3891.4453125,1257415,0.0,0.0,TCS.NS,10642966708224,22.296675,2.11,4090.0,2866.6
2024-02-14 00:00:00+05:30,3851.5884779156377,3858.997090733716,3797.6643636034514,3845.11767578125,1391283,0.0,0.0,TCS.NS,10642966708224,22.296675,2.11,4090.0,2866.6
2024-02-15 00:00:00+05:30,3871.2826692770527,3888.444422362778,3829.081186690457,3848.025146484375,1091582,0.0,0.0,TCS.NS,10642966708224,22.296675,2.11,4090.0,2866.6
2024-02-16 00:00:00+05:30,3857.450096117476,3889.992312550588,3845.1179762463685,3871.56396484375,1307556,0.0,0.0,TCS.NS,10642966708224,22.296675,2.11,4090.0,2866.6
2024-02-19 00:00:00+05:30,3866.640258482223,3871.5637647018066,3802.8224229354896,3848.58740234375,772291,0.0,0.0,TCS.NS,10642966708224,22.296675,2.11,4090.0,2866.6
2024-02-20 00:00:00+05:30,3828.236868254403,3843.1479657037125,3760.620630178596,3779.986328125,1193648,0.0,0.0,TCS.NS,10642966708224,22.296675,2.11,4090.0,2866.6
2024-02-21 00:00:00+05:30,3763.434169375059,3810.653027573639,3733.0491956484493,3743.271240234375,1885939,0.0,0.0,TCS.NS,10642966708224,22.296675,2.11,4090.0,2866.6
2024-02-22 00:00:00+05:30,3724.0461165985157,3840.2877016688244,3724.0461165985157,3832.926025390625,2982052,0.0,0.0,TCS.NS,10642966708224,22.296675,2.11,4090.0,2866.6
2024-02-23 00:00:00+05:30,3873.1583931027276,3873.1583931027276,3794.757322908657,3800.10302734375,2538072,0.0,0.0,TCS.NS,10642966708224,22.296675,2.11,4090.0,2866.6
2024-02-26 00:00:00+05:30,3785.0039771663946,3798.1333269385277,3735.065557497388,3752.2275390625,1379284,0.0,0.0,TCS.NS,10642966708224,22.296675,2.11,4090.0,2866.6
2024-02-27 00:00:00+05:30,3750.3049902620937,3867.5313277921664,3750.3049902620937,3849.150146484375,2960475,0.0,0.0,TCS.NS,10642966708224,22.296675,2.11,4090.0,2866.6
2024-02-28 00:00:00+05:30,3840.897439611253,3896.5094287124366,3834.7077976577866,3862.79541015625,1939225,0.0,0.0,TCS.NS,10642966708224,22.296675,2.11,4090.0,2866.6
2024-02-29 00:00:00+05:30,3844.0863254782985,3880.754817970432,3811.778790417747,3840.428955078125,3772719,0.0,0.0,TCS.NS,10642966708224,22.296675,2.11,4090.0,2866.6
2024-03-01 00:00:00+05:30,3851.7765458152944,3882.536555650418,3832.645068891089,3839.7255859375,2043265,0.0,0.0,TCS.NS,10642966708224,22.296675,2.11,4090.0,2866.6
2024-03-04 00:00:00+05:30,3849.712918034811,3861.8105844645606,3822.4225351204777,3826.924072265625,1749271,0.0,0.0,TCS.NS,10642966708224,22.296675,2.11,4090.0,2866.6
2024-03-05 00:00:00+05:30,3809.386993519725,3811.2626148853183,3732.4865175304053,3762.59033203125,2070859,0.0,0.0,TCS.NS,10642966708224,22.296675,2.11,4090.0,2866.6
2024-03-06 00:00:00+05:30,3745.662745858388,3818.765041667535,3712.2765944807757,3811.5439453125,1744204,0.0,0.0,TCS.NS,10642966708224,22.296675,2.11,4090.0,2866.6
2024-03-07 00:00:00+05:30,3812.200473461429,3867.5313044415575,3786.598195707899,3853.089111328125,2688905,0.0,0.0,TCS.NS,10642966708224,22.296675,2.11,4090.0,2866.6
2024-03-11 00:00:00+05:30,3834.70829378674,3894.7281839316047,3834.70829378674,3865.984375,2304068,0.0,0.0,TCS.NS,10642966708224,22.296675,2.11,4090.0,2866.6
2024-03-12 00:00:00+05:30,3865.983989585085,3966.8925114142617,3864.764560938834,3931.536865234375,4039801,0.0,0.0,TCS.NS,10642966708224,22.296675,2.11,4090.0,2866.6
2024-03-13 00:00:00+05:30,3943.4942087066347,3977.25539574907,3874.9401512123873,3890.976806640625,2837260,0.0,0.0,TCS.NS,10642966708224,22.296675,2.11,4090.0,2866.6
2024-03-14 00:00:00+05:30,3895.1500154804917,3962.2501875616867,3831.8945009176455,3945.932373046875,2919608,0.0,0.0,TCS.NS,10642966708224,22.296675,2.11,4090.0,2866.6
2024-03-15 00:00:00+05:30,3931.8653458631275,3975.3796720157243,3917.2354069378816,3956.85791015625,3373143,0.0,0.0,TCS.NS,10642966708224,22.296675,2.11,4090.0,2866.6
2024-03-18 00:00:00+05:30,3953.106408331295,3990.1499296240027,3861.76374108121,3894.2587890625,1526904,0.0,0.0,TCS.NS,10642966708224,22.296675,2.11,4090.0,2866.6
2024-03-19 00:00:00+05:30,3799.3061435498735,3805.636366683218,3719.9205479866505,3729.955078125,8931209,0.0,0.0,TCS.NS,10642966708224,22.296675,2.11,4090.0,2866.6
2024-03-20 00:00:00+05:30,3738.113180569138,3768.123120804515,3713.9176204628307,3723.9521484375,1817913,0.0,0.0,TCS.NS,10642966708224,22.296675,2.11,4090.0,2866.6
2024-03-21 00:00:00+05:30,3741.9116546616547,3759.120343748554,3702.476668668117,3725.875,3829582,0.0,0.0,TCS.NS,10642966708224,22.296675,2.11,4090.0,2866.6
2024-03-22 00:00:00+05:30,3654.6483605203457,3693.098599879169,3615.260310445454,3667.683837890625,5852485,0.0,0.0,TCS.NS,10642966708224,22.296675,2.11,4090.0,2866.6
2024-03-26 00:00:00+05:30,3634.016313190079,3701.257291825828,3630.68703955033,3636.36083984375,3440925,0.0,0.0,TCS.NS,10642966708224,22.296675,2.11,4090.0,2866.6
2024-03-27 00:00:00+05:30,3646.6767441445086,3652.7725134223638,3591.2520426658625,3602.036865234375,1968575,0.0,0.0,TCS.NS,10642966708224,22.296675,2.11,4090.0,2866.6
2024-03-28 00:00:00+05:30,3610.6650016041267,3671.5288233376846,3601.661927465741,3635.235595703125,4311783,0.0,0.0,TCS.NS,10642966708224,22.296675,2.11,4090.0,2866.6
2024-04-01 00:00:00+05:30,3655.3048258696854,3688.690979343402,3646.2550439346555,3673.170166015625,1569676,0.0,0.0,TCS.NS,10642966708224,22.296675,2.11,4090.0,2866.6
2024-04-02 00:00:00+05:30,3648.083912259489,3666.699547713614,3632.141129095373,3642.26953125,2142666,0.0,0.0,TCS.NS,10642966708224,22.296675,2.11,4090.0,2866.6
2024-04-03 00:00:00+05:30,3611.509094088183,3733.424488071944,3611.509094088183,3701.8203125,3973090,0.0,0.0,TCS.NS,10642966708224,22.296675,2.11,4090.0,2866.6
2024-04-04 00:00:00+05:30,3728.6414957560305,3778.1110105154908,3690.519582126367,3754.337646484375,3394637,0.0,0.0,TCS.NS,10642966708224,22.296675,2.11,4090.0,2866.6
2024-04-05 00:00:00+05:30,3730.610695693873,3753.1181508715135,3714.1990096268437,3731.782958984375,1636819,0.0,0.0,TCS.NS,10642966708224,22.296675,2.11,4090.0,2866.6
2024-04-08 00:00:00+05:30,3735.299831392985,3781.8620387375217,3713.7301863711327,3725.499755859375,2302538,0.0,0.0,TCS.NS,10642966708224,22.296675,2.11,4090.0,2866.6
2024-04-09 00:00:00+05:30,3736.237662579727,3766.1070236289547,3680.953770065772,3701.11669921875,1876992,0.0,0.0,TCS.NS,10642966708224,22.296675,2.11,4090.0,2866.6
2024-04-10 00:00:00+05:30,3710.3540167302876,3742.0520629416483,3674.342178842318,3736.84716796875,2101965,0.0,0.0,TCS.NS,10642966708224,22.296675,2.11,4090.0,2866.6
2024-04-12 00:00:00+05:30,3724.0463102085732,3763.76268515537,3700.1321372268762,3752.5556640625,4354821,0.0,0.0,TCS.NS,10642966708224,22.296675,2.11,4090.0,2866.6
2024-04-15 00:00:00+05:30,3752.555521752734,3811.450077595125,3675.326950485817,3696.099365234375,4200329,0.0,0.0,TCS.NS,10642966708224,22.296675,2.11,4090.0,2866.6
2024-04-16 00:00:00+05:30,3659.337150142385,3684.376648663715,3622.6219548397376,3631.953125,3051420,0.0,0.0,TCS.NS,10642966708224,22.296675,2.11,4090.0,2866.6
2024-04-18 00:00:00+05:30,3635.7048405060677,3691.2231923226304,3610.571466067614,3621.8251953125,3476284,0.0,0.0,TCS.NS,10642966708224,22.296675,2.11,4090.0,2866.6
2024-04-19 00:00:00+05:30,3599.3176775438415,3612.962869820078,3564.5248069516724,3588.25146484375,2957749,0.0,0.0,TCS.NS,10642966708224,22.296675,2.11,4090.0,2866.6
2024-04-22 00:00:00+05:30,3598.379760081903,3636.8299998951316,3574.934491903105,3624.263427734375,1728883,0.0,0.0,TCS.NS,10642966708224,22.296675,2.11,4090.0,2866.6
2024-04-23 00:00:00+05:30,3635.9390541705266,3652.772710601142,3620.5121138030436,3633.735107421875,1807586,0.0,0.0,TCS.NS,10642966708224,22.296675,2.11,4090.0,2866.6
2024-04-24 00:00:00+05:30,3648.0837008405756,3655.586186600659,3586.6101623523527,3592.7998046875,1317312,0.0,0.0,TCS.NS,10642966708224,22.296675,2.11,4090.0,2866.6
2024-04-25 00:00:00+05:30,3574.1837976912666,3632.7500252586483,3573.996281358353,3612.634033203125,2856271,0.0,0.0,TCS.NS,10642966708224,22.296675,2.11,4090.0,2866.6
2024-04-26 00:00:00+05:30,3615.4006982107267,3635.704436508526,3566.0719945433134,3583.702880859375,2039178,0.0,0.0,TCS.NS,10642966708224,22.296675,2.11,4090.0,2866.6
2024-04-29 00:00:00+05:30,3599.3174341023114,3636.6423454168485,3581.6865473099597,3629.514892578125,1110693,0.0,0.0,TCS.NS,10642966708224,22.296675,2.11,4090.0,2866.6
2024-04-30 00:00:00+05:30,3631.2033055362826,3640.346960554097,3573.059037730691,3583.046630859375,2203078,0.0,0.0,TCS.NS,10642966708224,22.296675,2.11,4090.0,2866.6
2024-05-02 00:00:00+05:30,3543.095825813969,3630.3591588386275,3543.095825813969,3623.044189453125,2491044,0.0,0.0,TCS.NS,10642966708224,22.296675,2.11,4090.0,2866.6
2024-05-03 00:00:00+05:30,3648.2239953859785,3651.4596252829774,3561.4298032069573,3604.38134765625,2962234,0.0,0.0,TCS.NS,10642966708224,22.296675,2.11,4090.0,2866.6
2024-05-06 00:00:00+05:30,3613.384573734727,3694.927167103904,3613.384573734727,3677.20263671875,2053831,0.0,0.0,TCS.NS,10642966708224,22.296675,2.11,4090.0,2866.6
2024-05-07 00:00:00+05:30,3686.3464581217104,3739.9891860111734,3670.1222867238534,3731.501953125,2062112,0.0,0.0,TCS.NS,10642966708224,22.296675,2.11,4090.0,2866.6
2024-05-08 00:00:00+05:30,3714.6681858171114,3736.5192209369857,3693.66131770256,3729.626220703125,1247685,0.0,0.0,TCS.NS,10642966708224,22.296675,2.11,4090.0,2866.6
2024-05-09 00:00:00+05:30,3715.6060738380834,3724.0463703208047,3666.886852709913,3713.91796875,1726486,0.0,0.0,TCS.NS,10642966708224,22.296675,2.11,4090.0,2866.6
2024-05-10 00:00:00+05:30,3716.168496140127,3726.4844130760093,3643.4412359506214,3651.74072265625,1672489,0.0,0.0,TCS.NS,10642966708224,22.296675,2.11,4090.0,2866.6
2024-05-13 00:00:00+05:30,3642.925840662716,3709.0414982162547,3629.327584853832,3702.289306640625,931326,0.0,0.0,TCS.NS,10642966708224,22.296675,2.11,4090.0,2866.6
2024-05-14 00:00:00+05:30,3691.2232635754413,3700.4138550943817,3650.8035270075748,3658.58740234375,1058317,0.0,0.0,TCS.NS,10642966708224,22.296675,2.11,4090.0,2866.6
2024-05-15 00:00:00+05:30,3661.6818959693137,3682.7357004952323,3634.485385536964,3639.08056640625,1115021,0.0,0.0,TCS.NS,10642966708224,22.296675,2.11,4090.0,2866.6
2024-05-16 00:00:00+05:30,3675.637702384871,3693.0187445265583,3630.67337116967,3684.942138671875,2599399,28.0,0.0,TCS.NS,10642966708224,22.296675,2.11,4090.0,2866.6
2024-05-17 00:00:00+05:30,3701.992923226846,3702.9375501529057,3617.9211268075583,3621.794189453125,2765804,0.0,0.0,TCS.NS,10642966708224,22.296675,2.11,4090.0,2866.6
2024-05-21 00:00:00+05:30,3618.487832180219,3631.8542103330115,3599.0757035999536,3608.66357421875,1908117,0.0,0.0,TCS.NS,10642966708224,22.296675,2.11,4090.0,2866.6
2024-05-22 00:00:00+05:30,3622.644183451547,3628.548101612322,3606.160490071024,3619.810302734375,1311168,0.0,0.0,TCS.NS,10642966708224,22.296675,2.11,4090.0,2866.6
2024-05-23 00:00:00+05:30,3628.2645114562283,3688.7679082914883,3613.6700725144915,3677.857421875,2095742,0.0,0.0,TCS.NS,10642966708224,22.296675,2.11,4090.0,2866.6
2024-05-24 00:00:00+05:30,3663.4993323947815,3668.742057896385,3631.429294761055,3636.34130859375,1309452,0.0,0.0,TCS.NS,10642966708224,22.296675,2.11,4090.0,2866.6
2024-05-27 00:00:00+05:30,3641.536837624862,3691.9327769001197,3628.642772199506,3634.027099609375,1841538,0.0,0.0,TCS.NS,10642966708224,22.296675,2.11,4090.0,2866.6
2024-05-28 00:00:00+05:30,3644.3707893386604,3655.7063127891693,3617.921234620806,3627.27294921875,1801993,0.0,0.0,TCS.NS,10642966708224,22.296675,2.11,4090.0,2866.6
2024-05-29 00:00:00+05:30,3635.774149635783,3635.774149635783,3589.5819894414226,3593.02978515625,1568095,0.0,0.0,TCS.NS,10642966708224,22.296675,2.11,4090.0,2866.6
2024-05-30 00:00:00+05:30,3567.8558516313005,3584.2922676744465,3509.714018991741,3529.220703125,2919230,0.0,0.0,TCS.NS,10642966708224,22.296675,2.11,4090.0,2866.6
2024-05-31 00:00:00+05:30,3532.9042615855815,3542.161650427461,3451.4301994032935,3467.677734375,10956800,0.0,0.0,TCS.NS,10642966708224,22.296675,2.11,4090.0,2866.6
2024-06-03 00:00:00+05:30,3526.102804543788,3543.8145562369846,3491.3404937629207,3497.811279296875,2156773,0.0,0.0,TCS.NS,10642966708224,22.296675,2.11,4090.0,2866.6
2024-06-04 00:00:00+05:30,3495.1196584791387,3537.6278705417226,3392.627636061575,3509.2890625,3395997,0.0,0.0,TCS.NS,10642966708224,22.296675,2.11,4090.0,2866.6
2024-06-05 00:00:00+05:30,3510.2334721952598,3574.2792205302862,3495.1194421750433,3538.997314453125,2799670,0.0,0.0,TCS.NS,10642966708224,22.296675,2.11,4090.0,2866.6
2024-06-06 00:00:00+05:30,3571.634109972148,3627.2725390345563,3534.3213495003415,3618.298583984375,4328036,0.0,0.0,TCS.NS,10642966708224,22.296675,2.11,4090.0,2866.6
2024-06-07 00:00:00+05:30,3624.8172940661507,3698.2147670737463,3624.8172940661507,3678.330322265625,4552445,0.0,0.0,TCS.NS,10642966708224,22.296675,2.11,4090.0,2866.6
2024-06-10 00:00:00+05:30,3679.3219869872228,3689.6183285403354,3629.1622034653205,3645.031982421875,1734661,0.0,0.0,TCS.NS,10642966708224,22.296675,2.11,4090.0,2866.6
2024-06-11 00:00:00+05:30,3632.0904200618043,3665.1050839975637,3628.3119124726636,3638.79736328125,1419898,0.0,0.0,TCS.NS,10642966708224,22.296675,2.11,4090.0,2866.6
2024-06-12 00:00:00+05:30,3659.862538168497,3677.9050050406395,3615.512349289223,3619.479736328125,2177001,0.0,0.0,TCS.NS,10642966708224,22.296675,2.11,4090.0,2866.6
2024-06-13 00:00:00+05:30,3643.2373816521504,3674.598951255727,3638.7031260249514,3663.405029296875,1932323,0.0,0.0,TCS.NS,10642966708224,22.296675,2.11,4090.0,2866.6
2024-06-14 00:00:00+05:30,3673.6538756786167,3673.6538756786167,3616.031636949793,3619.857421875,1860730,0.0,0.0,TCS.NS,10642966708224,22.296675,2.11,4090.0,2866.6
2024-06-18 00:00:00+05:30,3614.1898098741085,3629.256562858962,3584.9063758687394,3603.84619140625,1774045,0.0,0.0,TCS.NS,10642966708224,22.296675,2.11,4090.0,2866.6
2024-06-19 00:00:00+05:30,3615.7010098615556,3621.557881055292,3582.9225030243783,3591.18798828125,1509050,0.0,0.0,TCS.NS,10642966708224,22.296675,2.11,4090.0,2866.6
2024-06-20 00:00:00+05:30,3585.8035709865335,3598.981069597492,3570.736818650082,3577.5380859375,2846526,0.0,0.0,TCS.NS,10642966708224,22.296675,2.11,4090.0,2866.6
2024-06-21 00:00:00+05:30,3615.087002922448,3663.074093663598,3587.7401013764106,3599.73681640625,4642195,0.0,0.0,TCS.NS,10642966708224,22.296675,2.11,4090.0,2866.6
2024-06-24 00:00:00+05:30,3597.8476118252383,3643.4258585651314,3581.363918973201,3605.451904296875,1702154,0.0,0.0,TCS.NS,10642966708224,22.296675,2.11,4090.0,2866.6
2024-06-25 00:00:00+05:30,3605.6406325261373,3634.593352796922,3582.875033532891,3625.90283203125,1338808,0.0,0.0,TCS.NS,10642966708224,22.296675,2.11,4090.0,2866.6
2024-06-26 00:00:00+05:30,3631.6179924136177,3652.8248194664434,3628.3117983770853,3642.339599609375,1639845,0.0,0.0,TCS.NS,10642966708224,22.296675,2.11,4090.0,2866.6
2024-06-27 00:00:00+05:30,3618.8657792176605,3723.719368748634,3606.6801840344065,3716.303955078125,4526556,0.0,0.0,TCS.NS,10642966708224,22.296675,2.11,4090.0,2866.6
2024-06-28 00:00:00+05:30,3700.8593836882187,3740.722593484322,3682.0141228075263,3687.965087890625,2731571,0.0,0.0,TCS.NS,10642966708224,22.296675,2.11,4090.0,2866.6
2024-07-01 00:00:00+05:30,3668.9307461619287,3780.113282123888,3668.9307461619287,3757.91455078125,2658723,0.0,0.0,TCS.NS,10642966708224,22.296675,2.11,4090.0,2866.6
2024-07-02 00:00:00+05:30,3772.462155624164,3800.61185331036,3762.023982045802,3794.944091796875,2307449,0.0,0.0,TCS.NS,10642966708224,22.296675,2.11,4090.0,2866.6
2024-07-03 00:00:00+05:30,3797.4002085008037,3803.162524946505,3735.9994588608656,3745.681884765625,1821198,0.0,0.0,TCS.NS,10642966708224,22.296675,2.11,4090.0,2866.6
2024-07-04 00:00:00+05:30,3778.3658747158024,3823.2356509992096,3761.598747788845,3798.29736328125,2518001,0.0,0.0,TCS.NS,10642966708224,22.296675,2.11,4090.0,2866.6
2024-07-05 00:00:00+05:30,3787.953678275629,3803.7761780539627,3767.171887521997,3789.654052734375,1668616,0.0,0.0,TCS.NS,10642966708224,22.296675,2.11,4090.0,2866.6
2024-07-08 00:00:00+05:30,3799.2895303521054,3808.0273294957547,3757.7732227074534,3772.084228515625,1758882,0.0,0.0,TCS.NS,10642966708224,22.296675,2.11,4090.0,2866.6
2024-07-09 00:00:00+05:30,3764.3379893103715,3785.072502499781,3754.9862757638116,3764.810302734375,1305801,0.0,0.0,TCS.NS,10642966708224,22.296675,2.11,4090.0,2866.6
2024-07-10 00:00:00+05:30,3763.1102154389605,3781.624995321451,3685.9342421919528,3692.688232421875,2669716,0.0,0.0,TCS.NS,10642966708224,22.296675,2.11,4090.0,2866.6
2024-07-11 00:00:00+05:30,3713.3279506703648,3759.614663868749,3679.8882542002434,3706.43212890625,4872189,0.0,0.0,TCS.NS,10642966708224,22.296675,2.11,4090.0,2866.6
2024-07-12 00:00:00+05:30,3759.615592975855,3967.3864934720764,3751.3973839095465,3952.2724609375,13509164,0.0,0.0,TCS.NS,10642966708224,22.296675,2.11,4090.0,2866.6
2024-07-15 00:00:00+05:30,4001.156311371623,4005.2180225102193,3926.8610373129627,3938.338623046875,4848030,0.0,0.0,TCS.NS,10642966708224,22.296675,2.11,4090.0,2866.6
2024-07-16 00:00:00+05:30,3940.9836318368075,3962.2847850425974,3915.3841492662273,3947.07666015625,2029521,0.0,0.0,TCS.NS,10642966708224,22.296675,2.11,4090.0,2866.6
2024-07-18 00:00:00+05:30,3929.6474707764414,4085.5108920932958,3929.6474707764414,4076.583984375,5613364,0.0,0.0,TCS.NS,10642966708224,22.296675,2.11,4090.0,2866.6
2024-07-19 00:00:00+05:30,4087.8043639433604,4126.955499689888,4057.3641651955472,4073.60205078125,3903354,10.0,0.0,TCS.NS,10642966708224,22.296675,2.11,4090.0,2866.6
2024-07-22 00:00:00+05:30,4071.282329598796,4090.2187458114163,4038.1907573413023,4059.352294921875,1896386,0.0,0.0,TCS.NS,10642966708224,22.296675,2.11,4090.0,2866.6
2024-07-23 00:00:00+05:30,4055.2336119896318,4129.748596183281,4039.4215192139973,4073.5546875,2365208,0.0,0.0,TCS.NS,10642966708224,22.296675,2.11,4090.0,2866.6
2024-07-24 00:00:00+05:30,4059.494423388743,4108.350472060897,4041.1261912304362,4077.247314453125,1809793,0.0,0.0,TCS.NS,10642966708224,22.296675,2.11,4090.0,2866.6
2024-07-25 00:00:00+05:30,4066.5954836949645,4112.042883745572,4046.901795265646,4092.633056640625,2810342,0.0,0.0,TCS.NS,10642966708224,22.296675,2.11,4090.0,2866.6
2024-07-26 00:00:00+05:30,4118.670552129421,4187.2679052166895,4106.4090376287495,4154.5078125,3552210,0.0,0.0,TCS.NS,10642966708224,22.296675,2.11,4090.0,2866.6
2024-07-29 00:00:00+05:30,4180.21383187482,4195.362964674367,4138.553716676068,4148.11669921875,1746803,0.0,0.0,TCS.NS,10642966708224,22.296675,2.11,4090.0,2866.6
2024-07-30 00:00:00+05:30,4157.585227320139,4164.118198879963,4097.177778242139,4133.20458984375,1797906,0.0,0.0,TCS.NS,10642966708224,22.296675,2.11,4090.0,2866.6
2024-07-31 00:00:00+05:30,4118.670902108038,4179.267439518362,4113.936797622856,4152.14111328125,2330091,0.0,0.0,TCS.NS,10642966708224,22.296675,2.11,4090.0,2866.6
2024-08-01 00:00:00+05:30,4165.443616342355,4184.285259071731,4132.920227203137,4163.26611328125,2202244,0.0,0.0,TCS.NS,10642966708224,22.296675,2.11,4090.0,2866.6
2024-08-02 00:00:00+05:30,4132.872664673588,4164.117750110982,4042.9246914447235,4055.280517578125,2811282,0.0,0.0,TCS.NS,10642966708224,22.296675,2.11,4090.0,2866.6
2024-08-05 00:00:00+05:30,4013.5734389112836,4013.5734389112836,3891.9069640587004,3934.087646484375,2787771,0.0,0.0,TCS.NS,10642966708224,22.296675,2.11,4090.0,2866.6
2024-08-06 00:00:00+05:30,3949.14268931395,4031.7999662691227,3939.532087639672,3949.37939453125,2203067,0.0,0.0,TCS.NS,10642966708224,22.296675,2.11,4090.0,2866.6
2024-08-07 00:00:00+05:30,4003.1587050867174,4019.207504026678,3957.995163908957,3977.073974609375,1237666,0.0,0.0,TCS.NS,10642966708224,22.296675,2.11,4090.0,2866.6
2024-08-08 00:00:00+05:30,3958.6580478204482,4006.945912072743,3938.7748095989155,3950.6572265625,2441283,0.0,0.0,TCS.NS,10642966708224,22.296675,2.11,4090.0,2866.6
2024-08-09 00:00:00+05:30,3992.7435074037467,4027.4443989451242,3981.902223791584,4003.86865234375,1302536,0.0,0.0,TCS.NS,10642966708224,22.296675,2.11,4090.0,2866.6
2024-08-12 00:00:00+05:30,4005.051951129163,4013.5733382592252,3963.7233160113306,3972.528564453125,936912,0.0,0.0,TCS.NS,10642966708224,22.296675,2.11,4090.0,2866.6
2024-08-13 00:00:00+05:30,3988.956544779889,4008.8397841438527,3960.5519171170845,3973.76025390625,1495593,0.0,0.0,TCS.NS,10642966708224,22.296675,2.11,4090.0,2866.6
2024-08-14 00:00:00+05:30,3985.168737449799,4077.1999039105713,3965.42743135513,4066.83203125,3226545,0.0,0.0,TCS.NS,10642966708224,22.296675,2.11,4090.0,2866.6
2024-08-16 00:00:00+05:30,4118.671156901704,4191.576370483643,4095.0954075700097,4181.20849609375,3457058,0.0,0.0,TCS.NS,10642966708224,22.296675,2.11,4090.0,2866.6
2024-08-19 00:00:00+05:30,4185.894947757169,4255.249574521071,4156.87498137627,4251.2255859375,2055210,0.0,0.0,TCS.NS,10642966708224,22.296675,2.11,4090.0,2866.6
2024-08-20 00:00:00+05:30,4265.428244901237,4322.23750010525,4260.694140300903,4282.7548828125,2212298,0.0,0.0,TCS.NS,10642966708224,22.296675,2.11,4090.0,2866.6
2024-08-21 00:00:00+05:30,4277.736095114591,4317.502566118313,4253.6393224018875,4309.45458984375,1896990,0.0,0.0,TCS.NS,10642966708224,22.296675,2.11,4090.0,2866.6
2024-08-22 00:00:00+05:30,4317.5030108146375,4318.402675534502,4258.042847258311,4262.58740234375,1829872,0.0,0.0,TCS.NS,10642966708224,22.296675,2.11,4090.0,2866.6
2024-08-23 00:00:00+05:30,4260.693506184104,4266.374430859017,4218.086571122263,4226.51318359375,1809253,0.0,0.0,TCS.NS,10642966708224,22.296675,2.11,4090.0,2866.6
2024-08-26 00:00:00+05:30,4250.278746663329,4310.0703901887255,4246.491463306979,4263.013671875,1844164,0.0,0.0,TCS.NS,10642966708224,22.296675,2.11,4090.0,2866.6
2024-08-27 00:00:00+05:30,4265.428242149461,4270.162346746741,4248.1959164894,4257.99560546875,930697,0.0,0.0,TCS.NS,10642966708224,22.296675,2.11,4090.0,2866.6
2024-08-28 00:00:00+05:30,4259.509780281284,4319.869602119113,4220.263875901587,4266.42138671875,1848058,0.0,0.0,TCS.NS,10642966708224,22.296675,2.11,4090.0,2866.6
2024-08-29 00:00:00+05:30,4222.821074859477,4313.715878264525,4222.821074859477,4271.8662109375,2133641,0.0,0.0,TCS.NS,10642966708224,22.296675,2.11,4090.0,2866.6
2024-08-30 00:00:00+05:30,4260.693828489569,4348.038051973605,4249.14242918416,4311.58544921875,3637222,0.0,0.0,TCS.NS,10642966708224,22.296675,2.11,4090.0,2866.6
2024-09-02 00:00:00+05:30,4332.653000126362,4344.01485239942,4272.056454670049,4280.625,1216500,0.0,0.0,TCS.NS,10642966708224,22.296675,2.11,4090.0,2866.6
2024-09-03 00:00:00+05:30,4280.62427113772,4313.6210706253505,4256.811818932973,4272.38720703125,1717263,0.0,0.0,TCS.NS,10642966708224,22.296675,2.11,4090.0,2866.6
2024-09-04 00:00:00+05:30,4238.869372185236,4248.384735865379,4200.759836723105,4241.046875,1265505,0.0,0.0,TCS.NS,10642966708224,22.296675,2.11,4090.0,2866.6
2024-09-05 00:00:00+05:30,4242.704111797141,4259.746886626945,4217.281880213047,4237.9228515625,1688793,0.0,0.0,TCS.NS,10642966708224,22.296675,2.11,4090.0,2866.6
2024-09-06 00:00:00+05:30,4236.028665064455,4278.635596658736,4203.883917302406,4219.7431640625,1649179,0.0,0.0,TCS.NS,10642966708224,22.296675,2.11,4090.0,2866.6
2024-09-09 00:00:00+05:30,4218.086627772867,4251.462060686222,4194.889518372097,4212.92626953125,1184938,0.0,0.0,TCS.NS,10642966708224,22.296675,2.11,4090.0,2866.6
2024-09-10 00:00:00+05:30,4206.204954860188,4298.519998376398,4204.311312941907,4268.126953125,1385591,0.0,0.0,TCS.NS,10642966708224,22.296675,2.11,4090.0,2866.6
2024-09-11 00:00:00+05:30,4281.00383317773,4307.420045613886,4233.473235852587,4241.142578125,1325919,0.0,0.0,TCS.NS,10642966708224,22.296675,2.11,4090.0,2866.6
2024-09-12 00:00:00+05:30,4270.398636628928,4291.5601745835365,4195.6469473824145,4277.45263671875,2742216,0.0,0.0,TCS.NS,10642966708224,22.296675,2.11,4090.0,2866.6
2024-09-13 00:00:00+05:30,4289.098178257309,4305.194131685647,4265.427658509752,4282.091796875,1458786,0.0,0.0,TCS.NS,10642966708224,22.296675,2.11,4090.0,2866.6
2024-09-16 00:00:00+05:30,4286.258044672285,4304.2947971775275,4255.43921052289,4273.2392578125,1155120,0.0,0.0,TCS.NS,10642966708224,22.296675,2.11,4090.0,2866.6
2024-09-17 00:00:00+05:30,4273.239388269134,4294.590014445038,4228.502101148829,4266.04345703125,1699364,0.0,0.0,TCS.NS,10642966708224,22.296675,2.11,4090.0,2866.6
2024-09-18 00:00:00+05:30,4257.900566019319,4257.900566019319,4091.2129384450927,4115.025390625,2961779,0.0,0.0,TCS.NS,10642966708224,22.296675,2.11,4090.0,2866.6
2024-09-19 00:00:00+05:30,4156.590712046438,4187.031372404745,4054.097354431545,4067.684326171875,2927551,0.0,0.0,TCS.NS,10642966708224,22.296675,2.11,4090.0,2866.6
2024-09-20 00:00:00+05:30,4087.3314750703935,4100.3978822358085,4002.6857702859393,4057.033203125,5447908,0.0,0.0,TCS.NS,10642966708224,22.296675,2.11,4090.0,2866.6
2024-09-23 00:00:00+05:30,4071.329248327135,4080.2292709651647,4026.8286728221638,4041.50439453125,1702319,0.0,0.0,TCS.NS,10642966708224,22.296675,2.11,4090.0,2866.6
2024-09-24 00:00:00+05:30,4025.551067266487,4062.808562887148,4014.5206960245882,4044.156005859375,3012026,0.0,0.0,TCS.NS,10642966708224,22.296675,2.11,4090.0,2866.6
2024-09-25 00:00:00+05:30,4026.2131833235376,4061.482255162534,4014.5198549622787,4047.421875,2713073,0.0,0.0,TCS.NS,10642966708224,22.296675,2.11,4090.0,2866.6
2024-09-26 00:00:00+05:30,4033.456837871287,4087.2360774502895,4033.456837871287,4064.228515625,3964251,0.0,0.0,TCS.NS,10642966708224,22.296675,2.11,4090.0,2866.6
2024-09-27 00:00:00+05:30,4104.468587471434,4145.181886032281,4071.37701220358,4079.5673828125,3012477,0.0,0.0,TCS.NS,10642966708224,22.296675,2.11,4090.0,2866.6
2024-09-30 00:00:00+05:30,4058.925803968104,4070.145722382854,4033.5035742219807,4041.50439453125,2503416,0.0,0.0,TCS.NS,10642966708224,22.296675,2.11,4090.0,2866.6
2024-10-01 00:00:00+05:30,4029.2435420878182,4067.305927628493,4017.313968463482,4059.873291015625,1823365,0.0,0.0,TCS.NS,10642966708224,22.296675,2.11,4090.0,2866.6
2024-10-03 00:00:00+05:30,4035.9187010687683,4051.4464707512293,3986.1158312368952,4007.656005859375,3350119,0.0,0.0,TCS.NS,10642966708224,22.296675,2.11,4090.0,2866.6
2024-10-04 00:00:00+05:30,4000.318271301223,4069.436196462167,3999.4186065272825,4026.119140625,2965463,0.0,0.0,TCS.NS,10642966708224,22.296675,2.11,4090.0,2866.6
2024-10-07 00:00:00+05:30,4046.6175121163583,4068.7258712834955,4004.483984564525,4045.62353515625,1472619,0.0,0.0,TCS.NS,10642966708224,22.296675,2.11,4090.0,2866.6
2024-10-08 00:00:00+05:30,4045.3872397570553,4051.825437221579,3980.388074704301,4027.066162109375,1541867,0.0,0.0,TCS.NS,10642966708224,22.296675,2.11,4090.0,2866.6
2024-10-09 00:00:00+05:30,4033.457373684306,4066.5961079751396,4020.864839579762,4026.782470703125,1082504,0.0,0.0,TCS.NS,10642966708224,22.296675,2.11,4090.0,2866.6
2024-10-10 00:00:00+05:30,4027.065497608203,4065.5065138830532,3975.3218342504942,4002.590087890625,2378875,0.0,0.0,TCS.NS,10642966708224,22.296675,2.11,4090.0,2866.6
2024-10-11 00:00:00+05:30,3922.6790858954605,4016.367201197805,3893.753891609714,3928.549560546875,5759183,0.0,0.0,TCS.NS,10642966708224,22.296675,2.11,4090.0,2866.6
2024-10-14 00:00:00+05:30,3919.8384463197513,3943.887604227915,3902.985219568291,3916.66650390625,2137590,0.0,0.0,TCS.NS,10642966708224,22.296675,2.11,4090.0,2866.6
2024-10-15 00:00:00+05:30,3911.364268047913,3948.1959706652674,3877.231559755508,3897.8720703125,2759474,0.0,0.0,TCS.NS,10642966708224,22.296675,2.11,4090.0,2866.6
2024-10-16 00:00:00+05:30,3867.7635041374742,3896.168132074836,3850.910045329815,3877.184326171875,2359151,0.0,0.0,TCS.NS,10642966708224,22.296675,2.11,4090.0,2866.6
2024-10-17 00:00:00+05:30,3894.0847950246857,3910.323143238336,3875.29053893895,3890.487060546875,2522659,0.0,0.0,TCS.NS,10642966708224,22.296675,2.11,4090.0,2866.6
2024-10-18 00:00:00+05:30,3881.944647481302,3935.238244757566,3872.4533402747466,3913.313232421875,2361000,10.0,0.0,TCS.NS,10642966708224,22.296675,2.11,4090.0,2866.6
2024-10-21 00:00:00+05:30,3922.3776803062365,3929.3538837407996,3862.9620049373275,3872.31103515625,1595450,0.0,0.0,TCS.NS,10642966708224,22.296675,2.11,4090.0,2866.6
2024-10-22 00:00:00+05:30,3859.1654759681237,3881.75483326371,3802.5499216715493,3811.234375,1928049,0.0,0.0,TCS.NS,10642966708224,22.296675,2.11,4090.0,2866.6
2024-10-23 00:00:00+05:30,3796.143361546141,3904.2965301967497,3791.919544419266,3859.40283203125,1966476,0.0,0.0,TCS.NS,10642966708224,22.296675,2.11,4090.0,2866.6
2024-10-24 00:00:00+05:30,3800.3195802607424,3871.504387583309,3800.3195802607424,3841.986328125,2676744,0.0,0.0,TCS.NS,10642966708224,22.296675,2.11,4090.0,2866.6
2024-10-25 00:00:00+05:30,3850.6711865496663,3883.843261907162,3827.5597587126654,3851.145751953125,1759676,0.0,0.0,TCS.NS,10642966708224,22.296675,2.11,4090.0,2866.6
2024-10-28 00:00:00+05:30,3861.9653632236445,3923.7063623671393,3844.928513292037,3882.75146484375,1532534,0.0,0.0,TCS.NS,10642966708224,22.296675,2.11,4090.0,2866.6
2024-10-29 00:00:00+05:30,3887.497254393904,3894.7580119042254,3853.5658302619245,3867.945068359375,1445885,0.0,0.0,TCS.NS,10642966708224,22.296675,2.11,4090.0,2866.6
2024-10-30 00:00:00+05:30,3867.7074369038137,3898.0796180034267,3853.517979890609,3876.866455078125,1935002,0.0,0.0,TCS.NS,10642966708224,22.296675,2.11,4090.0,2866.6
2024-10-31 00:00:00+05:30,3862.962154926698,3870.839986500922,3758.557772361112,3766.577880859375,3740372,0.0,0.0,TCS.NS,10642966708224,22.296675,2.11,4090.0,2866.6
2024-11-01 00:00:00+05:30,3786.889338989994,3795.5262896074955,3773.791288560614,3781.526611328125,154895,0.0,0.0,TCS.NS,10642966708224,22.296675,2.11,4090.0,2866.6
2024-11-04 00:00:00+05:30,3764.5373521831416,3788.834960428504,3714.1859193893415,3762.49658203125,2269192,0.0,0.0,TCS.NS,10642966708224,22.296675,2.11,4090.0,2866.6
2024-11-05 00:00:00+05:30,3740.61911840681,3783.234994421101,3740.61911840681,3769.330322265625,967590,0.0,0.0,TCS.NS,10642966708224,22.296675,2.11,4090.0,2866.6
2024-11-06 00:00:00+05:30,3799.9398000465167,3938.7024316660963,3773.031851752117,3929.06884765625,3792017,0.0,0.0,TCS.NS,10642966708224,22.296675,2.11,4090.0,2866.6
2024-11-07 00:00:00+05:30,3957.5902722464216,3991.853518092011,3877.2462233751357,3939.746337890625,3724349,0.0,0.0,TCS.NS,10642966708224,22.296675,2.11,4090.0,2866.6
2024-11-08 00:00:00+05:30,3943.637967299403,3957.6376448006463,3908.187843785678,3936.044921875,1648039,0.0,0.0,TCS.NS,10642966708224,22.296675,2.11,4090.0,2866.6
2024-11-11 00:00:00+05:30,3918.201520379155,4018.903916361986,3908.1879134815194,3985.115234375,1406487,0.0,0.0,TCS.NS,10642966708224,22.296675,2.11,4090.0,2866.6
2024-11-12 00:00:00+05:30,4001.5350272065516,4003.4332886046573,3952.51251928902,3983.881103515625,1587640,0.0,0.0,TCS.NS,10642966708224,22.296675,2.11,4090.0,2866.6
2024-11-13 00:00:00+05:30,3965.5632315109633,3983.264427096759,3920.9063521955636,3939.224853515625,1098813,0.0,0.0,TCS.NS,10642966708224,22.296675,2.11,4090.0,2866.6
2024-11-14 00:00:00+05:30,3924.655300859059,3948.383567490613,3907.049112395529,3935.000732421875,1825432,0.0,0.0,TCS.NS,10642966708224,22.296675,2.11,4090.0,2866.6
2024-11-18 00:00:00+05:30,3998.687803877484,3998.687803877484,3787.2214288591285,3815.031005859375,3313944,0.0,0.0,TCS.NS,10642966708224,22.296675,2.11,4090.0,2866.6
2024-11-19 00:00:00+05:30,3815.4104775297365,3921.9504005395133,3809.9057047468586,3834.06103515625,1776233,0.0,0.0,TCS.NS,10642966708224,22.296675,2.11,4090.0,2866.6
2024-11-21 00:00:00+05:30,3839.1386042394874,3884.2698145282143,3819.3018656674813,3865.6669921875,2384347,0.0,0.0,TCS.NS,10642966708224,22.296675,2.11,4090.0,2866.6
2024-11-22 00:00:00+05:30,3863.9112312507355,4038.504015740722,3847.776008717878,4028.680419921875,3096553,0.0,0.0,TCS.NS,10642966708224,22.296675,2.11,4090.0,2866.6
2024-11-25 00:00:00+05:30,4062.2798980460716,4107.933183046781,4035.8942467022307,4095.594482421875,4052167,0.0,0.0,TCS.NS,10642966708224,22.296675,2.11,4090.0,2866.6
2024-11-26 00:00:00+05:30,4101.240893559863,4144.47407361588,4090.7531850402665,4131.28125,2060669,0.0,0.0,TCS.NS,10642966708224,22.296675,2.11,4090.0,2866.6
2024-11-27 00:00:00+05:30,4137.2131813248125,4154.724363536381,4104.088151292946,4112.15576171875,1558993,0.0,0.0,TCS.NS,10642966708224,22.296675,2.11,4090.0,2866.6
2024-11-28 00:00:00+05:30,4099.2955217974695,4119.179995477792,4017.670281030027,4028.96484375,2558544,0.0,0.0,TCS.NS,10642966708224,22.296675,2.11,4090.0,2866.6
2024-11-29 00:00:00+05:30,4005.330857885733,4080.0276163707545,3982.2194366688827,4053.59423828125,2017425,0.0,0.0,TCS.NS,10642966708224,22.296675,2.11,4090.0,2866.6
2024-12-02 00:00:00+05:30,4052.7879830735096,4070.0623467391047,4014.87002722247,4059.099609375,1670944,0.0,0.0,TCS.NS,10642966708224,22.296675,2.11,4090.0,2866.6
2024-12-03 00:00:00+05:30,4094.882078988639,4104.990228133534,4048.469681005338,4083.8720703125,2010905,0.0,0.0,TCS.NS,10642966708224,22.296675,2.11,4090.0,2866.6
2024-12-04 00:00:00+05:30,4094.122934068909,4163.789504813234,4070.8692297125376,4132.89501953125,3302642,0.0,0.0,TCS.NS,10642966708224,22.296675,2.11,4090.0,2866.6
2024-12-05 00:00:00+05:30,4176.934278953506,4260.647793669346,4138.209931031042,4236.966796875,3746747,0.0,0.0,TCS.NS,10642966708224,22.296675,2.11,4090.0,2866.6
2024-12-06 00:00:00+05:30,4226.479320621802,4237.868889866684,4188.276807112925,4219.36083984375,1842087,0.0,0.0,TCS.NS,10642966708224,22.296675,2.11,4090.0,2866.6
2024-12-09 00:00:00+05:30,4205.07650413352,4242.0448686697655,4190.934085246633,4225.67236328125,2066639,0.0,0.0,TCS.NS,10642966708224,22.296675,2.11,4090.0,2866.6
2024-12-10 00:00:00+05:30,4200.994991803812,4265.20359458783,4187.659890094591,4207.0693359375,2087828,0.0,0.0,TCS.NS,10642966708224,22.296675,2.11,4090.0,2866.6
2024-12-11 00:00:00+05:30,4206.405086397892,4222.350297163338,4182.819095248504,4202.22900390625,1635256,0.0,0.0,TCS.NS,10642966708224,22.296675,2.11,4090.0,2866.6
2024-12-12 00:00:00+05:30,4204.696352489294,4256.851270827812,4200.852558457947,4228.330078125,1914642,0.0,0.0,TCS.NS,10642966708224,22.296675,2.11,4090.0,2866.6
2024-12-13 00:00:00+05:30,4209.347069742307,4266.247172902569,4170.859544659024,4246.3154296875,1967048,0.0,0.0,TCS.NS,10642966708224,22.296675,2.11,4090.0,2866.6
2024-12-16 00:00:00+05:30,4232.1737900519,4247.359881247422,4173.327686669254,4190.60205078125,1646224,0.0,0.0,TCS.NS,10642966708224,22.296675,2.11,4090.0,2866.6
2024-12-17 00:00:00+05:30,4185.666657040545,4207.449393387959,4098.346627007046,4108.3125,3225027,0.0,0.0,TCS.NS,10642966708224,22.296675,2.11,4090.0,2866.6
2024-12-18 00:00:00+05:30,4092.366754522636,4140.107840205238,4071.3908747482337,4126.677734375,1575404,0.0,0.0,TCS.NS,10642966708224,22.296675,2.11,4090.0,2866.6
2024-12-19 00:00:00+05:30,4064.178110702765,4142.006836783481,4045.1954945855173,4054.591796875,3015763,0.0,0.0,TCS.NS,10642966708224,22.296675,2.11,4090.0,2866.6
2024-12-20 00:00:00+05:30,4108.7866456248585,4159.090570831168,3941.2650833812017,3958.159423828125,4116989,0.0,0.0,TCS.NS,10642966708224,22.296675,2.11,4090.0,2866.6
2024-12-23 00:00:00+05:30,3986.3959798160035,4002.4839296244636,3905.577598089669,3946.769775390625,2195338,0.0,0.0,TCS.NS,10642966708224,22.296675,2.11,4090.0,2866.6
2024-12-24 00:00:00+05:30,3946.7700890546093,4003.4333784366027,3946.7700890546093,3966.891845703125,1181886,0.0,0.0,TCS.NS,10642966708224,22.296675,2.11,4090.0,2866.6
2024-12-26 00:00:00+05:30,3966.8918629397335,3986.3017716323247,3932.390868416551,3957.02099609375,1208464,0.0,0.0,TCS.NS,10642966708224,22.296675,2.11,4090.0,2866.6
2024-12-27 00:00:00+05:30,3951.2310760757846,3968.2681573970385,3936.2822676568094,3952.987060546875,858100,0.0,0.0,TCS.NS,10642966708224,22.296675,2.11,4090.0,2866.6
2024-12-30 00:00:00+05:30,3939.8413510297137,3985.684176313855,3902.825255464751,3947.244384765625,1527169,0.0,0.0,TCS.NS,10642966708224,22.296675,2.11,4090.0,2866.6
2024-12-31 00:00:00+05:30,3924.655496583325,3929.353878987766,3826.9425360658684,3886.50048828125,1555429,0.0,0.0,TCS.NS,10642966708224,22.296675,2.11,4090.0,2866.6
2025-01-01 00:00:00+05:30,3886.1208416217773,3923.706511928217,3877.62616777211,3903.2529296875,763161,0.0,0.0,TCS.NS,10642966708224,22.296675,2.11,4090.0,2866.6
2025-01-02 00:00:00+05:30,3910.4184830195177,3970.2137171045247,3888.541205767093,3963.33251953125,1720835,0.0,0.0,TCS.NS,10642966708224,22.296675,2.11,4090.0,2866.6
2025-01-03 00:00:00+05:30,3967.3190100554248,3967.3190100554248,3884.127566106747,3891.3408203125,1791953,0.0,0.0,TCS.NS,10642966708224,22.296675,2.11,4090.0,2866.6
2025-01-06 00:00:00+05:30,3896.656302584134,3938.560332599053,3859.545197490021,3886.6904296875,2085593,0.0,0.0,TCS.NS,10642966708224,22.296675,2.11,4090.0,2866.6
2025-01-07 00:00:00+05:30,3905.6253667734477,3929.7331926762554,3807.48511819948,3823.383056640625,2669054,0.0,0.0,TCS.NS,10642966708224,22.296675,2.11,4090.0,2866.6
2025-01-08 00:00:00+05:30,3829.6473413152235,3916.113240154538,3813.3698426153405,3899.408447265625,2181277,0.0,0.0,TCS.NS,10642966708224,22.296675,2.11,4090.0,2866.6
2025-01-09 00:00:00+05:30,3892.3851104960186,3927.2656647049257,3820.535960823577,3833.396728515625,2392472,0.0,0.0,TCS.NS,10642966708224,22.296675,2.11,4090.0,2866.6
2025-01-10 00:00:00+05:30,3986.34932419694,4078.4150109700595,3957.875400452676,4048.65966796875,7894300,0.0,0.0,TCS.NS,10642966708224,22.296675,2.11,4090.0,2866.6
2025-01-13 00:00:00+05:30,4029.060163870238,4103.045093599212,4012.3553694421994,4072.815185546875,4003771,0.0,0.0,TCS.NS,10642966708224,22.296675,2.11,4090.0,2866.6
2025-01-14 00:00:00+05:30,4083.160276521042,4094.4548391766625,4004.4296994802094,4017.717529296875,3441709,0.0,0.0,TCS.NS,10642966708224,22.296675,2.11,4090.0,2866.6
2025-01-15 00:00:00+05:30,4003.4336440894426,4039.9279080856195,3993.4204997024085,4033.42626953125,1653474,0.0,0.0,TCS.NS,10642966708224,22.296675,2.11,4090.0,2866.6
2025-01-16 00:00:00+05:30,4043.2968742708517,4075.567318807286,3978.613708278282,3992.328369140625,2637705,0.0,0.0,TCS.NS,10642966708224,22.296675,2.11,4090.0,2866.6
2025-01-17 00:00:00+05:30,4020.939695681563,4021.6165011799776,3963.08887255939,3986.52880859375,1761466,76.0,0.0,TCS.NS,10642966708224,22.296675,2.11,4090.0,2866.6
2025-01-20 00:00:00+05:30,4007.3107665807174,4007.3107665807174,3932.206591942462,3941.58251953125,1287799,0.0,0.0,TCS.NS,10642966708224,22.296675,2.11,4090.0,2866.6
2025-01-21 00:00:00+05:30,3958.497981875744,3973.6734816653625,3895.379258358407,3901.033935546875,1971591,0.0,0.0,TCS.NS,10642966708224,22.296675,2.11,4090.0,2866.6
2025-01-22 00:00:00+05:30,3914.711087541146,4024.0812547656583,3909.104787428617,4017.750244140625,2409223,0.0,0.0,TCS.NS,10642966708224,22.296675,2.11,4090.0,2866.6
2025-01-23 00:00:00+05:30,4028.769436842585,4051.3395327602407,4001.7529079009387,4006.972900390625,1822998,0.0,0.0,TCS.NS,10642966708224,22.296675,2.11,4090.0,2866.6
2025-01-24 00:00:00+05:30,3966.9068713794295,4038.4349192551795,3966.9068713794295,4013.641845703125,1910099,0.0,0.0,TCS.NS,10642966708224,22.296675,2.11,4090.0,2866.6
2025-01-27 00:00:00+05:30,3964.973867046099,4017.5084152856,3906.0599315038703,3929.354736328125,1551782,0.0,0.0,TCS.NS,10642966708224,22.296675,2.11,4090.0,2866.6
2025-01-28 00:00:00+05:30,3934.8163629909964,3964.974090445813,3893.7360609812577,3905.335205078125,2468272,0.0,0.0,TCS.NS,10642966708224,22.296675,2.11,4090.0,2866.6
2025-01-29 00:00:00+05:30,3918.5772926221866,3970.6285432095738,3918.5772926221866,3962.84716796875,1217089,0.0,0.0,TCS.NS,10642966708224,22.296675,2.11,4090.0,2866.6
2025-01-30 00:00:00+05:30,3962.9437281550117,3991.941585340912,3922.9267796325357,3963.088623046875,1531251,0.0,0.0,TCS.NS,10642966708224,22.296675,2.11,4090.0,2866.6
2025-01-31 00:00:00+05:30,3972.7066328908318,3990.5405047390313,3948.7833995175843,3975.0263671875,1492943,0.0,0.0,TCS.NS,10642966708224,22.296675,2.11,4090.0,2866.6
2025-02-01 00:00:00+05:30,3975.606564509793,3997.741503018046,3920.5106310847846,3937.087646484375,437172,0.0,0.0,TCS.NS,10642966708224,22.296675,2.11,4090.0,2866.6
2025-02-03 00:00:00+05:30,3896.248579260421,3940.8087133119993,3865.1242603626174,3932.737548828125,1265713,0.0,0.0,TCS.NS,10642966708224,22.296675,2.11,4090.0,2866.6
2025-02-04 00:00:00+05:30,3947.284879379769,3981.2608431833637,3930.2245680255955,3969.854736328125,2547132,0.0,0.0,TCS.NS,10642966708224,22.296675,2.11,4090.0,2866.6
2025-02-05 00:00:00+05:30,4011.3703550712034,4011.3703550712034,3939.8423053663196,3954.43798828125,1693912,0.0,0.0,TCS.NS,10642966708224,22.296675,2.11,4090.0,2866.6
2025-02-06 00:00:00+05:30,3968.259986916976,4001.2209788539626,3916.2089750568643,3946.36669921875,2284536,0.0,0.0,TCS.NS,10642966708224,22.296675,2.11,4090.0,2866.6
2025-02-07 00:00:00+05:30,3953.374595002479,3953.374595002479,3874.113784051329,3894.798828125,1548940,0.0,0.0,TCS.NS,10642966708224,22.296675,2.11,4090.0,2866.6
2025-02-10 00:00:00+05:30,3905.045086746592,3916.644230568612,3880.2520112210996,3902.096923828125,1339511,0.0,0.0,TCS.NS,10642966708224,22.296675,2.11,4090.0,2866.6
2025-02-11 00:00:00+05:30,3884.1667849836185,3905.045339609273,3822.8847322165034,3831.149169921875,1810908,0.0,0.0,TCS.NS,10642966708224,22.296675,2.11,4090.0,2866.6
2025-02-12 00:00:00+05:30,3838.446649169052,3887.404606196338,3808.5303361658844,3818.1962890625,1678002,0.0,0.0,TCS.NS,10642966708224,22.296675,2.11,4090.0,2866.6
2025-02-13 00:00:00+05:30,3835.4501025039126,3851.3505477933163,3771.896462322554,3779.532470703125,2277310,0.0,0.0,TCS.NS,10642966708224,22.296675,2.11,4090.0,2866.6
2025-02-14 00:00:00+05:30,3793.886412954254,3816.1181040365336,3769.72153134308,3803.407470703125,1681975,0.0,0.0,TCS.NS,10642966708224,22.296675,2.11,4090.0,2866.6
2025-02-17 00:00:00+05:30,3727.6744742582173,3802.585603975581,3727.3844484945375,3774.071044921875,1799806,0.0,0.0,TCS.NS,10642966708224,22.296675,2.11,4090.0,2866.6
2025-02-18 00:00:00+05:30,3768.174803332807,3793.3062796669183,3735.4073189681676,3743.816650390625,2149879,0.0,0.0,TCS.NS,10642966708224,22.296675,2.11,4090.0,2866.6
2025-02-19 00:00:00+05:30,3742.850263486918,3745.508400554833,3642.2759755929487,3657.693359375,4366672,0.0,0.0,TCS.NS,10642966708224,22.296675,2.11,4090.0,2866.6
2025-02-20 00:00:00+05:30,3635.848185178673,3661.4629603766616,3625.988960412709,3653.150146484375,2888572,0.0,0.0,TCS.NS,10642966708224,22.296675,2.11,4090.0,2866.6
2025-02-21 00:00:00+05:30,3649.960586134303,3689.4942392872176,3648.8972369162293,3659.52978515625,1833931,0.0,0.0,TCS.NS,10642966708224,22.296675,2.11,4090.0,2866.6
2025-02-24 00:00:00+05:30,3618.111196511734,3637.4914799757285,3547.4048428794777,3552.81787109375,2508516,0.0,0.0,TCS.NS,10642966708224,22.296675,2.11,4090.0,2866.6
2025-02-25 00:00:00+05:30,3503.907852529123,3535.8054964280086,3500.283120267886,3508.305908203125,4101954,0.0,0.0,TCS.NS,10642966708224,22.296675,2.11,4090.0,2866.6
2025-02-27 00:00:00+05:30,3491.0520789257853,3516.4735816470966,3480.419530987875,3491.873779296875,3823856,0.0,0.0,TCS.NS,10642966708224,22.296675,2.11,4090.0,2866.6
2025-02-28 00:00:00+05:30,3465.195760859545,3479.743067268356,3341.5199398740847,3366.89306640625,7085018,0.0,0.0,TCS.NS,10642966708224,22.296675,2.11,4090.0,2866.6
2025-03-03 00:00:00+05:30,3368.584339801977,3405.556606946145,3360.0298777157327,3376.365478515625,4990439,0.0,0.0,TCS.NS,10642966708224,22.296675,2.11,4090.0,2866.6
2025-03-04 00:00:00+05:30,3357.952083726606,3432.3799220820893,3348.576156481458,3414.06298828125,2797737,0.0,0.0,TCS.NS,10642966708224,22.296675,2.11,4090.0,2866.6
2025-03-05 00:00:00+05:30,3403.237261275363,3480.081589993446,3403.237261275363,3428.56201171875,2501894,0.0,0.0,TCS.NS,10642966708224,22.296675,2.11,4090.0,2866.6
2025-03-06 00:00:00+05:30,3438.1793081878077,3488.877181911339,3417.9775618337376,3481.28955078125,2786513,0.0,0.0,TCS.NS,10642966708224,22.296675,2.11,4090.0,2866.6
2025-03-07 00:00:00+05:30,3479.7427842726975,3503.907664719036,3454.997852301583,3490.568603515625,2051315,0.0,0.0,TCS.NS,10642966708224,22.296675,2.11,4090.0,2866.6
2025-03-10 00:00:00+05:30,3486.0259949428714,3501.1049762137254,3462.9244613654673,3469.73876953125,1004626,0.0,0.0,TCS.NS,10642966708224,22.296675,2.11,4090.0,2866.6
2025-03-11 00:00:00+05:30,3439.146018462038,3468.8688234276665,3419.4757100500633,3455.8681640625,1995450,0.0,0.0,TCS.NS,10642966708224,22.296675,2.11,4090.0,2866.6
2025-03-12 00:00:00+05:30,3445.912267227522,3450.020297279617,3370.3729384283747,3389.076416015625,3174167,0.0,0.0,TCS.NS,10642966708224,22.296675,2.11,4090.0,2866.6
2025-03-13 00:00:00+05:30,3385.306695598729,3406.5717917540665,3367.714708703622,3393.764404296875,1693004,0.0,0.0,TCS.NS,10642966708224,22.296675,2.11,4090.0,2866.6
2025-03-17 00:00:00+05:30,3372.450776071524,3412.516101378981,3361.1900359739784,3380.860107421875,2690906,0.0,0.0,TCS.NS,10642966708224,22.296675,2.11,4090.0,2866.6
2025-03-18 00:00:00+05:30,3380.860107421875,3380.860107421875,3380.860107421875,3380.860107421875,0,0.0,0.0,TCS.NS,10642966708224,22.296675,2.11,4090.0,2866.6
2025-03-19 00:00:00+05:30,3428.513776271942,3428.513776271942,3347.0781163759984,3380.28076171875,3051244,0.0,0.0,TCS.NS,10642966708224,22.296675,2.11,4090.0,2866.6
2025-03-20 00:00:00+05:30,3394.682767165146,3459.3962767054963,3394.682767165146,3444.1240234375,2845192,0.0,0.0,TCS.NS,10642966708224,22.296675,2.11,4090.0,2866.6
2025-03-21 00:00:00+05:30,3358.9186380800415,3495.450223009194,3349.252685164703,3458.57470703125,4161925,0.0,0.0,TCS.NS,10642966708224,22.296675,2.11,4090.0,2866.6
2025-03-24 00:00:00+05:30,3479.7429444303652,3527.831058731868,3447.4587570622184,3507.725830078125,1834751,0.0,0.0,TCS.NS,10642966708224,22.296675,2.11,4090.0,2866.6
2025-03-25 00:00:00+05:30,3523.2398747468987,3586.0685693582973,3516.473707634902,3535.56396484375,3135390,0.0,0.0,TCS.NS,10642966708224,22.296675,2.11,4090.0,2866.6
2025-03-26 00:00:00+05:30,3525.897934373459,3557.553929809202,3504.7295921250025,3514.34716796875,1734499,0.0,0.0,TCS.NS,10642966708224,22.296675,2.11,4090.0,2866.6
2025-03-27 00:00:00+05:30,3494.097310621218,3540.6387825331667,3489.892526436254,3529.23291015625,2528474,0.0,0.0,TCS.NS,10642966708224,22.296675,2.11,4090.0,2866.6
2025-03-28 00:00:00+05:30,3529.0393930182477,3538.656968927356,3471.9135171595426,3485.6875,2051919,0.0,0.0,TCS.NS,10642966708224,22.296675,2.11,4090.0,2866.6
2025-04-01 00:00:00+05:30,3453.354865404157,3464.277439125219,3407.248318336048,3432.1865234375,2618493,0.0,0.0,TCS.NS,10642966708224,22.296675,2.11,4090.0,2866.6
2025-04-02 00:00:00+05:30,3425.6135625063594,3445.0422214056125,3412.129605979645,3425.565185546875,1764313,0.0,0.0,TCS.NS,10642966708224,22.296675,2.11,4090.0,2866.6
2025-04-03 00:00:00+05:30,3374.3842427691143,3385.0167912281404,3282.702582798802,3289.46875,4537821,0.0,0.0,TCS.NS,10642966708224,22.296675,2.11,4090.0,2866.6
2025-04-04 00:00:00+05:30,3250.2733357697866,3286.085501586113,3185.414699028632,3189.184326171875,5317367,0.0,0.0,TCS.NS,10642966708224,22.296675,2.11,4090.0,2866.6
2025-04-07 00:00:00+05:30,2996.445205771086,3181.4514379526936,2953.963392712106,3164.68115234375,6623955,0.0,0.0,TCS.NS,10642966708224,22.296675,2.11,4090.0,2866.6
2025-04-08 00:00:00+05:30,3191.7460628104113,3237.127665022999,3146.5577324611054,3182.949951171875,5557558,0.0,0.0,TCS.NS,10642966708224,22.296675,2.11,4090.0,2866.6
2025-04-09 00:00:00+05:30,3151.6321497293247,3160.76642752928,3104.752280697163,3138.148193359375,2990265,0.0,0.0,TCS.NS,10642966708224,22.296675,2.11,4090.0,2866.6
2025-04-11 00:00:00+05:30,3179.6636391398747,3188.749540631033,3098.904554048043,3123.552734375,7108961,0.0,0.0,TCS.NS,10642966708224,22.296675,2.11,4090.0,2866.6
2025-04-15 00:00:00+05:30,3203.683386247662,3203.683386247662,3130.415650876791,3139.69482421875,3512160,0.0,0.0,TCS.NS,10642966708224,22.296675,2.11,4090.0,2866.6
2025-04-16 00:00:00+05:30,3139.6947635283577,3168.596104196088,3121.136181217996,3164.439697265625,2384391,0.0,0.0,TCS.NS,10642966708224,22.296675,2.11,4090.0,2866.6
2025-04-17 00:00:00+05:30,3137.085076745666,3193.2443586174536,3110.50370573642,3188.701171875,2932346,0.0,0.0,TCS.NS,10642966708224,22.296675,2.11,4090.0,2866.6
2025-04-21 00:00:00+05:30,3180.1953142330854,3241.9606599617177,3174.3957423905777,3210.64306640625,2432946,0.0,0.0,TCS.NS,10642966708224,22.296675,2.11,4090.0,2866.6
2025-04-22 00:00:00+05:30,3211.6093750675464,3222.531712274605,3184.931252579041,3203.68310546875,2710498,0.0,0.0,TCS.NS,10642966708224,22.296675,2.11,4090.0,2866.6
2025-04-23 00:00:00+05:30,3252.5934125809176,3306.625999245761,3225.8187680904407,3298.989990234375,3543923,0.0,0.0,TCS.NS,10642966708224,22.296675,2.11,4090.0,2866.6
2025-04-24 00:00:00+05:30,3287.487161364933,3298.5062526941524,3274.534643572778,3287.970458984375,2252175,0.0,0.0,TCS.NS,10642966708224,22.296675,2.11,4090.0,2866.6
2025-04-25 00:00:00+05:30,3305.7561307053,3361.6253897019787,3291.25720030747,3332.82080078125,2742991,0.0,0.0,TCS.NS,10642966708224,22.296675,2.11,4090.0,2866.6
2025-04-28 00:00:00+05:30,3320.2546435993536,3342.2930622298845,3291.2567864500143,3328.470703125,1593296,0.0,0.0,TCS.NS,10642966708224,22.296675,2.11,4090.0,2866.6
2025-04-29 00:00:00+05:30,3339.5865365145787,3378.250345909827,3315.808199342435,3356.501953125,1578332,0.0,0.0,TCS.NS,10642966708224,22.296675,2.11,4090.0,2866.6
2025-04-30 00:00:00+05:30,3356.0188189819924,3392.65268577439,3253.5597190937174,3338.330078125,2809332,0.0,0.0,TCS.NS,10642966708224,22.296675,2.11,4090.0,2866.6
2025-05-02 00:00:00+05:30,3356.0185874198487,3374.867194117627,3305.7556362257724,3316.38818359375,1721761,0.0,0.0,TCS.NS,10642966708224,22.296675,2.11,4090.0,2866.6
2025-05-05 00:00:00+05:30,3334.753505470742,3387.4329449049897,3331.27366828836,3338.909912109375,1284443,0.0,0.0,TCS.NS,10642966708224,22.296675,2.11,4090.0,2866.6
2025-05-06 00:00:00+05:30,3344.419677734375,3356.9854164079434,3322.1879862349847,3344.419677734375,1324763,0.0,0.0,TCS.NS,10642966708224,22.296675,2.11,4090.0,2866.6
2025-05-07 00:00:00+05:30,3306.335750758935,3343.9362109554654,3306.335750758935,3330.017333984375,1477128,0.0,0.0,TCS.NS,10642966708224,22.296675,2.11,4090.0,2866.6
2025-05-08 00:00:00+05:30,3332.820588313161,3360.851851961966,3314.1652518601954,3333.6904296875,2543591,0.0,0.0,TCS.NS,10642966708224,22.296675,2.11,4090.0,2866.6
2025-05-09 00:00:00+05:30,3285.457736947085,3331.0809922460435,3284.587895488488,3325.378173828125,2531757,0.0,0.0,TCS.NS,10642966708224,22.296675,2.11,4090.0,2866.6
2025-05-12 00:00:00+05:30,3387.916425868549,3509.22413241534,3385.209911911905,3499.46142578125,2228678,0.0,0.0,TCS.NS,10642966708224,22.296675,2.11,4090.0,2866.6
2025-05-13 00:00:00+05:30,3499.4613194961807,3501.97456151927,3393.232596801932,3397.582275390625,3062887,0.0,0.0,TCS.NS,10642966708224,22.296675,2.11,4090.0,2866.6
2025-05-14 00:00:00+05:30,3403.3820953219624,3442.0459078220697,3391.396407841002,3430.15673828125,2119499,0.0,0.0,TCS.NS,10642966708224,22.296675,2.11,4090.0,2866.6
2025-05-15 00:00:00+05:30,3444.945682102287,3479.7431132346333,3396.712670565691,3460.314453125,3548330,0.0,0.0,TCS.NS,10642966708224,22.296675,2.11,4090.0,2866.6
2025-05-16 00:00:00+05:30,3473.8465567565913,3473.8465567565913,3427.6434928317944,3442.335693359375,1666727,0.0,0.0,TCS.NS,10642966708224,22.296675,2.11,4090.0,2866.6
2025-05-19 00:00:00+05:30,3431.413341631395,3431.413341631395,3386.659931697025,3401.255615234375,2537377,0.0,0.0,TCS.NS,10642966708224,22.296675,2.11,4090.0,2866.6
2025-05-20 00:00:00+05:30,3413.82137266364,3439.1461226598826,3377.2840226457647,3381.4404296875,2038374,0.0,0.0,TCS.NS,10642966708224,22.296675,2.11,4090.0,2866.6
2025-05-21 00:00:00+05:30,3390.8162851170264,3418.8475485914832,3381.4403579795026,3408.021728515625,1440153,0.0,0.0,TCS.NS,10642966708224,22.296675,2.11,4090.0,2866.6
2025-05-22 00:00:00+05:30,3378.250521774226,3380.9570357698217,3336.0103550080185,3360.851806640625,2034383,0.0,0.0,TCS.NS,10642966708224,22.296675,2.11,4090.0,2866.6
2025-05-23 00:00:00+05:30,3360.85148302262,3416.9140041659366,3349.8323922264435,3397.195556640625,1274331,0.0,0.0,TCS.NS,10642966708224,22.296675,2.11,4090.0,2866.6
2025-05-26 00:00:00+05:30,3403.3819012793415,3426.5801874567637,3392.8461073678304,3419.137451171875,967470,0.0,0.0,TCS.NS,10642966708224,22.296675,2.11,4090.0,2866.6
2025-05-27 00:00:00+05:30,3414.014574749619,3421.747337093333,3366.7481593177404,3381.826904296875,2467680,0.0,0.0,TCS.NS,10642966708224,22.296675,2.11,4090.0,2866.6
2025-05-28 00:00:00+05:30,3402.4152283668,3411.114585484783,3376.31715701285,3380.860107421875,1222933,0.0,0.0,TCS.NS,10642966708224,22.296675,2.11,4090.0,2866.6
2025-05-29 00:00:00+05:30,3387.626702221486,3414.498100356932,3370.034713912086,3381.247314453125,3188072,0.0,0.0,TCS.NS,10642966708224,22.296675,2.11,4090.0,2866.6
2025-05-30 00:00:00+05:30,3373.417337946492,3389.5594310198626,3337.750068509547,3347.705810546875,3404365,0.0,0.0,TCS.NS,10642966708224,22.296675,2.11,4090.0,2866.6
2025-06-02 00:00:00+05:30,3334.7538187399196,3344.4197718377163,3304.4028204069105,3334.560546875,1877585,0.0,0.0,TCS.NS,10642966708224,22.296675,2.11,4090.0,2866.6
2025-06-03 00:00:00+05:30,3330.8873298742683,3357.468700034321,3286.9072447003623,3291.4501953125,2848125,0.0,0.0,TCS.NS,10642966708224,22.296675,2.11,4090.0,2866.6
2025-06-04 00:00:00+05:30,3304.9078969735056,3310.56402774214,3286.379348716646,3297.0087890625,2544807,30.0,0.0,TCS.NS,10642966708224,22.296675,2.11,4090.0,2866.6
2025-06-05 00:00:00+05:30,3324.4113841471617,3324.4113841471617,3280.235380032571,3287.451904296875,3584683,0.0,0.0,TCS.NS,10642966708224,22.296675,2.11,4090.0,2866.6
2025-06-06 00:00:00+05:30,3287.4520036268846,3306.7605099618336,3275.359545608902,3300.226806640625,2070390,0.0,0.0,TCS.NS,10642966708224,22.296675,2.11,4090.0,2866.6
2025-06-09 00:00:00+05:30,3315.634960419095,3348.791310023286,3306.760665733127,3336.991455078125,1718678,0.0,0.0,TCS.NS,10642966708224,22.296675,2.11,4090.0,2866.6
2025-06-10 00:00:00+05:30,3354.6424396212137,3399.3060406489903,3338.2592545088482,3376.97412109375,2419874,0.0,0.0,TCS.NS,10642966708224,22.296675,2.11,4090.0,2866.6
2025-06-11 00:00:00+05:30,3383.8979728571367,3402.4265208353168,3363.516665314218,3385.750732421875,2847013,0.0,0.0,TCS.NS,10642966708224,22.296675,2.11,4090.0,2866.6
2025-06-12 00:00:00+05:30,3385.7505745896515,3388.481144938844,3338.259030391803,3348.986083984375,4060134,0.0,0.0,TCS.NS,10642966708224,22.296675,2.11,4090.0,2866.6
2025-06-13 00:00:00+05:30,3309.003623498393,3364.8818717382055,3309.003623498393,3360.200927734375,2178493,0.0,0.0,TCS.NS,10642966708224,22.296675,2.11,4090.0,2866.6
2025-06-16 00:00:00+05:30,3354.642349665819,3421.9302340050463,3341.1847251814343,3409.54541015625,1934088,0.0,0.0,TCS.NS,10642966708224,22.296675,2.11,4090.0,2866.6
2025-06-17 00:00:00+05:30,3422.905437301184,3432.6573046439225,3401.5489430536663,3428.073974609375,2111940,0.0,0.0,TCS.NS,10642966708224,22.296675,2.11,4090.0,2866.6
2025-06-18 00:00:00+05:30,3431.7796073253016,3450.2105407013996,3357.665418209048,3365.75927734375,2696327,0.0,0.0,TCS.NS,10642966708224,22.296675,2.11,4090.0,2866.6
2025-06-19 00:00:00+05:30,3364.394161188714,3365.3693479021017,3328.3122527933565,3339.039306640625,2672768,0.0,0.0,TCS.NS,10642966708224,22.296675,2.11,4090.0,2866.6
2025-06-20 00:00:00+05:30,3340.0145242959966,3360.786049100129,3326.2642962767654,3350.448974609375,2351248,0.0,0.0,TCS.NS,10642966708224,22.296675,2.11,4090.0,2866.6
2025-06-23 00:00:00+05:30,3330.2626997221478,3340.014567071261,3286.3792966511382,3309.393798828125,3123421,0.0,0.0,TCS.NS,10642966708224,22.296675,2.11,4090.0,2866.6
2025-06-24 00:00:00+05:30,3349.376392565029,3356.690292940616,3298.081476031171,3306.27294921875,3403048,0.0,0.0,TCS.NS,10642966708224,22.296675,2.11,4090.0,2866.6
2025-06-25 00:00:00+05:30,3322.7537403887272,3364.3941654870573,3315.634829755361,3359.3232421875,1757699,0.0,0.0,TCS.NS,10642966708224,22.296675,2.11,4090.0,2866.6
2025-06-26 00:00:00+05:30,3359.3232652421043,3365.759354753242,3330.555256962972,3356.397705078125,2879106,0.0,0.0,TCS.NS,10642966708224,22.296675,2.11,4090.0,2866.6
2025-06-27 00:00:00+05:30,3369.2703330730474,3380.387367158931,3345.8658502962735,3355.71533203125,1778433,0.0,0.0,TCS.NS,10642966708224,22.296675,2.11,4090.0,2866.6
2025-06-30 00:00:00+05:30,3354.5447137321717,3378.924381810933,3344.8904604060604,3376.096435546875,1468351,0.0,0.0,TCS.NS,10642966708224,22.296675,2.11,4090.0,2866.6
2025-07-01 00:00:00+05:30,3369.2704183662204,3398.526022577794,3328.800165873544,3344.59814453125,2375183,0.0,0.0,TCS.NS,10642966708224,22.296675,2.11,4090.0,2866.6
2025-07-02 00:00:00+05:30,3400.671024568939,3403.3039810516498,3335.1385257152824,3338.356689453125,3090585,0.0,0.0,TCS.NS,10642966708224,22.296675,2.11,4090.0,2866.6
2025-07-03 00:00:00+05:30,3344.8904436190446,3350.058980842342,3313.294489180619,3316.4150390625,2531870,0.0,0.0,TCS.NS,10642966708224,22.296675,2.11,4090.0,2866.6
2025-07-04 00:00:00+05:30,3323.4363525656718,3341.964900305915,3305.980605453995,3334.943603515625,1109320,0.0,0.0,TCS.NS,10642966708224,22.296675,2.11,4090.0,2866.6
2025-07-07 00:00:00+05:30,3333.481005692293,3341.0875101654565,3323.8265137554163,3327.044677734375,1639174,0.0,0.0,TCS.NS,10642966708224,22.296675,2.11,4090.0,2866.6
2025-07-08 00:00:00+05:30,3320.5107317732236,3340.0144658805552,3309.1984707578945,3321.680908203125,2325242,0.0,0.0,TCS.NS,10642966708224,22.296675,2.11,4090.0,2866.6
2025-07-09 00:00:00+05:30,3325.3867588452995,3329.2875057764963,3283.4537293349335,3299.8369140625,2034938,0.0,0.0,TCS.NS,10642966708224,22.296675,2.11,4090.0,2866.6
2025-07-10 00:00:00+05:30,3296.130925499427,3314.659472122057,3272.7264455550526,3298.081298828125,3035012,0.0,0.0,TCS.NS,10642966708224,22.296675,2.11,4090.0,2866.6
2025-07-11 00:00:00+05:30,3218.0184502225306,3252.247598137654,3180.1813972680684,3184.959716796875,7635550,0.0,0.0,TCS.NS,10642966708224,22.296675,2.11,4090.0,2866.6
2025-07-14 00:00:00+05:30,3184.9597625910983,3190.8108827918168,3120.5974403831947,3142.734130859375,3924009,0.0,0.0,TCS.NS,10642966708224,22.296675,2.11,4090.0,2866.6
2025-07-15 00:00:00+05:30,3126.448660244279,3178.523536457564,3126.448660244279,3171.599853515625,2590889,0.0,0.0,TCS.NS,10642966708224,22.296675,2.11,4090.0,2866.6
2025-07-16 00:00:00+05:30,3157.607249475903,3175.1222359666176,3151.344969328223,3163.576171875,2540733,11.0,0.0,TCS.NS,10642966708224,22.296675,2.11,4090.0,2866.6
2025-07-17 00:00:00+05:30,3154.7696780470374,3172.2846643823304,3135.199754145851,3140.18994140625,2947640,0.0,0.0,TCS.NS,10642966708224,22.296675,2.11,4090.0,2866.6
2025-07-18 00:00:00+05:30,3155.6502438038765,3159.3685771406017,3118.46738821797,3121.304931640625,3432645,0.0,0.0,TCS.NS,10642966708224,22.296675,2.11,4090.0,2866.6
2025-07-21 00:00:00+05:30,3121.4028477301345,3128.839514334287,3084.2199924907163,3090.28662109375,3844346,0.0,0.0,TCS.NS,10642966708224,22.296675,2.11,4090.0,2866.6
2025-07-22 00:00:00+05:30,3091.65673828125,3111.7159107005,3086.764257203384,3091.65673828125,3198036,0.0,0.0,TCS.NS,10642966708224,22.296675,2.11,4090.0,2866.6
2025-07-23 00:00:00+05:30,3091.6566291573,3113.5748480562365,3089.6996367952283,3110.7373046875,1922875,0.0,0.0,TCS.NS,10642966708224,22.296675,2.11,4090.0,2866.6
2025-07-24 00:00:00+05:30,3097.0385335433134,3105.4534578423713,3072.478182452152,3080.30615234375,2934778,0.0,0.0,TCS.NS,10642966708224,22.296675,2.11,4090.0,2866.6
2025-07-25 00:00:00+05:30,3072.4780444334683,3089.014534530361,3058.3877948178133,3068.368408203125,2568917,0.0,0.0,TCS.NS,10642966708224,22.296675,2.11,4090.0,2866.6
2025-07-28 00:00:00+05:30,3043.123036074506,3050.951005299135,3003.8852447797885,3013.083251953125,3374473,0.0,0.0,TCS.NS,10642966708224,22.296675,2.11,4090.0,2866.6
2025-07-29 00:00:00+05:30,2994.1984086760676,3007.8973556438664,2975.802632112602,2990.284423828125,4785312,0.0,0.0,TCS.NS,10642966708224,22.296675,2.11,4090.0,2866.6
2025-07-30 00:00:00+05:30,2994.1983151611034,3003.0047807939304,2981.673516260727,2987.93603515625,2880121,0.0,0.0,TCS.NS,10642966708224,22.296675,2.11,4090.0,2866.6
2025-07-31 00:00:00+05:30,2976.2918502873677,2994.0027271024683,2950.166049468222,2971.497314453125,2968371,0.0,0.0,TCS.NS,10642966708224,22.296675,2.11,4090.0,2866.6
2025-08-01 00:00:00+05:30,2964.7455243430377,2971.4972914199097,2935.488583681943,2938.424072265625,2053847,0.0,0.0,TCS.NS,10642966708224,22.296675,2.11,4090.0,2866.6
2025-08-04 00:00:00+05:30,2944.392964480288,3013.181055141491,2927.2692812506943,3008.28857421875,2519252,0.0,0.0,TCS.NS,10642966708224,22.296675,2.11,4090.0,2866.6
2025-08-05 00:00:00+05:30,3008.2886143717656,3011.322048140622,2976.5854331255146,2998.014404296875,1927996,0.0,0.0,TCS.NS,10642966708224,22.296675,2.11,4090.0,2866.6
2025-08-06 00:00:00+05:30,2997.1337788834585,3000.8521121202134,2960.9294204705666,2967.093994140625,1487081,0.0,0.0,TCS.NS,10642966708224,22.296675,2.11,4090.0,2866.6
2025-08-07 00:00:00+05:30,2951.1446440658847,2985.9792055799644,2946.154217712285,2981.47802734375,2543076,0.0,0.0,TCS.NS,10642966708224,22.296675,2.11,4090.0,2866.6
2025-08-08 00:00:00+05:30,2982.5543093380406,2994.002666894786,2959.9509519667536,2971.105712890625,2762140,0.0,0.0,TCS.NS,10642966708224,22.296675,2.11,4090.0,2866.6
2025-08-11 00:00:00+05:30,2971.1058502168585,2984.3155492907413,2956.3307005130723,2975.411376953125,1884215,0.0,0.0,TCS.NS,10642966708224,22.296675,2.11,4090.0,2866.6
2025-08-12 00:00:00+05:30,2975.6068714078456,3029.8154640054736,2961.809979769089,2970.127197265625,3358232,0.0,0.0,TCS.NS,10642966708224,22.296675,2.11,4090.0,2866.6
2025-08-13 00:00:00+05:30,2970.812449963036,2978.9337774241835,2963.473728360306,2970.91015625,2148166,0.0,0.0,TCS.NS,10642966708224,22.296675,2.11,4090.0,2866.6
2025-08-14 00:00:00+05:30,2968.757439673081,2990.1864106721328,2954.1779420022144,2957.30908203125,3342174,0.0,0.0,TCS.NS,10642966708224,22.296675,2.11,4090.0,2866.6
2025-08-18 00:00:00+05:30,2980.988718063058,2983.434958599791,2938.815435653507,2946.44775390625,2945609,0.0,0.0,TCS.NS,10642966708224,22.296675,2.11,4090.0,2866.6
2025-08-19 00:00:00+05:30,2946.4478507969,2959.9511467818434,2946.350144506624,2951.34033203125,2650784,0.0,0.0,TCS.NS,10642966708224,22.296675,2.11,4090.0,2866.6
2025-08-20 00:00:00+05:30,2946.1539583708727,3036.664852119672,2946.1539583708727,3031.96826171875,4952358,0.0,0.0,TCS.NS,10642966708224,22.296675,2.11,4090.0,2866.6
2025-08-21 00:00:00+05:30,3062.693270119804,3062.693270119804,3016.801891436903,3035.882568359375,3230726,0.0,0.0,TCS.NS,10642966708224,22.296675,2.11,4090.0,2866.6
2025-08-22 00:00:00+05:30,3019.639270954844,3029.1306363096523,2984.4134077810354,2988.327392578125,1593791,0.0,0.0,TCS.NS,10642966708224,22.296675,2.11,4090.0,2866.6
2025-08-25 00:00:00+05:30,3020.9112915939663,3084.2199463957195,3010.9306783780526,3073.065185546875,3448370,0.0,0.0,TCS.NS,10642966708224,22.296675,2.11,4090.0,2866.6
2025-08-26 00:00:00+05:30,3061.714802808035,3094.0051794435944,3052.9083364528824,3089.308349609375,5522097,0.0,0.0,TCS.NS,10642966708224,22.296675,2.11,4090.0,2866.6
2025-08-28 00:00:00+05:30,3077.3704857914763,3078.8382300613293,3020.1284592672155,3027.173583984375,3116051,0.0,0.0,TCS.NS,10642966708224,22.296675,2.11,4090.0,2866.6
2025-08-29 00:00:00+05:30,3026.4887537573413,3048.0156702082504,3011.028465982645,3018.3671875,2271789,0.0,0.0,TCS.NS,10642966708224,22.296675,2.11,4090.0,2866.6
2025-09-01 00:00:00+05:30,3023.5531276055535,3063.7694152474464,3023.5531276055535,3045.667236328125,1246862,0.0,0.0,TCS.NS,10642966708224,22.296675,2.11,4090.0,2866.6
2025-09-02 00:00:00+05:30,3053.98447906176,3087.1554035307527,3036.3715480748965,3044.5908203125,2185229,0.0,0.0,TCS.NS,10642966708224,22.296675,2.11,4090.0,2866.6
2025-09-03 00:00:00+05:30,3062.595025627338,3074.3369795089966,3021.5961322134785,3030.891845703125,1799774,0.0,0.0,TCS.NS,10642966708224,22.296675,2.11,4090.0,2866.6
2025-09-04 00:00:00+05:30,3048.9943814611165,3050.9513740037746,3024.336323201764,3029.130859375,1481391,0.0,0.0,TCS.NS,10642966708224,22.296675,2.11,4090.0,2866.6
2025-09-05 00:00:00+05:30,3030.5006621101975,3036.664997028233,2963.47367273015,2982.75,2802055,0.0,0.0,TCS.NS,10642966708224,22.296675,2.11,4090.0,2866.6
2025-09-08 00:00:00+05:30,2984.413460841752,2998.9929589138555,2951.144589474992,2954.080078125,2626187,0.0,0.0,TCS.NS,10642966708224,22.296675,2.11,4090.0,2866.6
2025-09-09 00:00:00+05:30,2966.898378981974,2994.19832699537,2965.62628616296,2983.826171875,2489301,0.0,0.0,TCS.NS,10642966708224,22.296675,2.11,4090.0,2866.6
2025-09-10 00:00:00+05:30,2990.675797260498,3055.550145422665,2987.740308555338,3043.123291015625,2079428,0.0,0.0,TCS.NS,10642966708224,22.296675,2.11,4090.0,2866.6
2025-09-11 00:00:00+05:30,3071.4996140027415,3071.4996140027415,3043.221168990462,3057.017822265625,2263446,0.0,0.0,TCS.NS,10642966708224,22.296675,2.11,4090.0,2866.6
2025-09-12 00:00:00+05:30,3076.3921752202637,3080.991059765134,3053.8867617246956,3066.02001953125,1447167,0.0,0.0,TCS.NS,10642966708224,22.296675,2.11,4090.0,2866.6
2025-09-15 00:00:00+05:30,3066.6070389449774,3066.6070389449774,3029.4241839737238,3044.982177734375,1732539,0.0,0.0,TCS.NS,10642966708224,22.296675,2.11,4090.0,2866.6
2025-09-16 00:00:00+05:30,3060.7363278880744,3082.263245795216,3042.2428439695796,3078.0556640625,2573429,0.0,0.0,TCS.NS,10642966708224,22.296675,2.11,4090.0,2866.6
2025-09-17 00:00:00+05:30,3084.2199854121977,3113.966173979194,3074.8263264485827,3104.57275390625,2418271,0.0,0.0,TCS.NS,10642966708224,22.296675,2.11,4090.0,2866.6
2025-09-18 00:00:00+05:30,3116.51048247651,3134.1234145595795,3093.4178759668794,3108.388916015625,2633138,0.0,0.0,TCS.NS,10642966708224,22.296675,2.11,4090.0,2866.6
2025-09-19 00:00:00+05:30,3101.8328935510035,3112.107103450778,3076.3919928468,3101.050048828125,4901694,0.0,0.0,TCS.NS,10642966708224,22.296675,2.11,4090.0,2866.6
2025-09-22 00:00:00+05:30,3028.445731768582,3040.089740964508,2999.090845838676,3007.70166015625,3634901,0.0,0.0,TCS.NS,10642966708224,22.296675,2.11,4090.0,2866.6
2025-09-23 00:00:00+05:30,3003.983297445149,3014.453158879609,2986.3703660594774,2996.546630859375,3177741,0.0,0.0,TCS.NS,10642966708224,22.296675,2.11,4090.0,2866.6
2025-09-24 00:00:00+05:30,2984.4133369924134,2991.262810224855,2967.778901999341,2970.127197265625,1625714,0.0,0.0,TCS.NS,10642966708224,22.296675,2.11,4090.0,2866.6
2025-09-25 00:00:00+05:30,2957.015390749667,2964.4520571099356,2887.5421635017433,2893.804443359375,4974361,0.0,0.0,TCS.NS,10642966708224,22.296675,2.11,4090.0,2866.6
2025-09-26 00:00:00+05:30,2877.7574418213358,2891.260737711385,2829.126226471788,2836.758544921875,3934636,0.0,0.0,TCS.NS,10642966708224,22.296675,2.11,4090.0,2866.6
2025-09-29 00:00:00+05:30,2853.2947314486933,2866.3087778304835,2831.7678164651984,2833.82275390625,3110035,0.0,0.0,TCS.NS,10642966708224,22.296675,2.11,4090.0,2866.6
2025-09-30 00:00:00+05:30,2848.402439766557,2852.610021207006,2823.0594837288886,2826.288330078125,2253458,0.0,0.0,TCS.NS,10642966708224,22.296675,2.11,4090.0,2866.6
2025-10-01 00:00:00+05:30,2828.8326264436423,2861.9058470940704,2804.957413772581,2851.53369140625,1952902,0.0,0.0,TCS.NS,10642966708224,22.296675,2.11,4090.0,2866.6
2025-10-03 00:00:00+05:30,2861.1229086009284,2861.1229086009284,2828.9304789544044,2839.498046875,2899519,0.0,0.0,TCS.NS,10642966708224,22.296675,2.11,4090.0,2866.6
2025-10-06 00:00:00+05:30,2839.5959635916415,2929.22631078988,2833.3336834873367,2924.137939453125,2112774,0.0,0.0,TCS.NS,10642966708224,22.296675,2.11,4090.0,2866.6
2025-10-07 00:00:00+05:30,2930.5959216848555,2939.891634958981,2891.9453243871753,2909.75390625,3062943,0.0,0.0,TCS.NS,10642966708224,22.296675,2.11,4090.0,2866.6
2025-10-08 00:00:00+05:30,2911.0260640606234,2977.5638026677234,2904.176590968716,2962.103515625,4121889,0.0,0.0,TCS.NS,10642966708224,22.296675,2.11,4090.0,2866.6
2025-10-09 00:00:00+05:30,2968.757519004287,3000.069397912704,2955.0585719818546,2995.86181640625,3211304,0.0,0.0,TCS.NS,10642966708224,22.296675,2.11,4090.0,2866.6
2025-10-10 00:00:00+05:30,2984.413250266025,3003.983173218589,2942.239970746985,2963.179931640625,8817365,0.0,0.0,TCS.NS,10642966708224,22.296675,2.11,4090.0,2866.6
2025-10-13 00:00:00+05:30,2961.908209472205,2970.2254277677166,2933.7274691163334,2942.533935546875,2866865,0.0,0.0,TCS.NS,10642966708224,22.296675,2.11,4090.0,2866.6
2025-10-14 00:00:00+05:30,2956.0370052457697,2962.1036338769445,2891.9455044700007,2896.642333984375,3611416,0.0,0.0,TCS.NS,10642966708224,22.296675,2.11,4090.0,2866.6
2025-10-15 00:00:00+05:30,2917.954894078994,2926.499513769408,2898.31197994854,2916.7763671875,4282226,11.0,0.0,TCS.NS,10642966708224,22.296675,2.11,4090.0,2866.6
2025-10-16 00:00:00+05:30,2916.87439174088,2921.883430677564,2890.553079047838,2917.66015625,3251495,0.0,0.0,TCS.NS,10642966708224,22.296675,2.11,4090.0,2866.6
2025-10-17 00:00:00+05:30,2916.972551528368,2935.4369375213087,2902.6331292681275,2909.311767578125,4374683,0.0,0.0,TCS.NS,10642966708224,22.296675,2.11,4090.0,2866.6
2025-10-20 00:00:00+05:30,2932.1958010354274,2969.0262624451843,2925.320781572273,2961.365478515625,3133039,0.0,0.0,TCS.NS,10642966708224,22.296675,2.11,4090.0,2866.6
2025-10-21 00:00:00+05:30,2976.981832168517,2977.669286180243,2942.508423286113,2953.017333984375,310644,0.0,0.0,TCS.NS,10642966708224,22.296675,2.11,4090.0,2866.6
2025-10-23 00:00:00+05:30,3000.4550745732363,3042.687339125331,2981.892616996725,3018.330078125,5564758,0.0,0.0,TCS.NS,10642966708224,22.296675,2.11,4090.0,2866.6
2025-10-24 00:00:00+05:30,3025.0086400055093,3034.8300966289034,3003.6961270890743,3008.508544921875,2684318,0.0,0.0,TCS.NS,10642966708224,22.296675,2.11,4090.0,2866.6
2025-10-27 00:00:00+05:30,3011.7496607245316,3038.9550474990237,3005.5620951218402,3029.821044921875,1946312,0.0,0.0,TCS.NS,10642966708224,22.296675,2.11,4090.0,2866.6
2025-10-28 00:00:00+05:30,3021.0801556355614,3035.0265765381446,2985.919291823652,3003.30322265625,3470737,0.0,0.0,TCS.NS,10642966708224,22.296675,2.11,4090.0,2866.6
2025-10-29 00:00:00+05:30,3003.3032409472494,3021.080174034828,2991.714113509379,3003.0087890625,2895420,0.0,0.0,TCS.NS,10642966708224,22.296675,2.11,4090.0,2866.6
2025-10-30 00:00:00+05:30,2994.6603471523654,3009.0978400091353,2978.6513253692647,2981.106689453125,2241536,0.0,0.0,TCS.NS,10642966708224,22.296675,2.11,4090.0,2866.6
2025-10-31 00:00:00+05:30,2980.8120174669925,3012.6334402910475,2971.088871543434,3003.4013671875,1868085,0.0,0.0,TCS.NS,10642966708224,22.296675,2.11,4090.0,2866.6
2025-11-03 00:00:00+05:30,2992.499451583931,3003.4013640895914,2956.2583734171585,2962.93701171875,2194877,0.0,0.0,TCS.NS,10642966708224,22.296675,2.11,4090.0,2866.6
2025-11-04 00:00:00+05:30,2965.6872390451917,2975.214004338424,2922.8655907942766,2936.81201171875,2670720,0.0,0.0,TCS.NS,10642966708224,22.296675,2.11,4090.0,2866.6
2025-11-06 00:00:00+05:30,2936.7138956519902,2970.0085383136757,2936.61558517126,2957.142333984375,2542721,0.0,0.0,TCS.NS,10642966708224,22.296675,2.11,4090.0,2866.6
2025-11-07 00:00:00+05:30,2947.419237380036,2950.3656744717186,2907.6423366423182,2938.383544921875,1830520,0.0,0.0,TCS.NS,10642966708224,22.296675,2.11,4090.0,2866.6
2025-11-10 00:00:00+05:30,2939.5619693268272,2993.4816703122747,2938.579823663838,2971.18701171875,1556656,0.0,0.0,TCS.NS,10642966708224,22.296675,2.11,4090.0,2866.6
2025-11-11 00:00:00+05:30,2990.633609021809,3001.142519888641,2964.1156755427983,2992.597900390625,2806868,0.0,0.0,TCS.NS,10642966708224,22.296675,2.11,4090.0,2866.6
2025-11-12 00:00:00+05:30,3005.3656835637266,3080.4015151753365,3002.51755709654,3075.8837890625,4460315,0.0,0.0,TCS.NS,10642966708224,22.296675,2.11,4090.0,2866.6
2025-11-13 00:00:00+05:30,3075.8838537295965,3075.9819244274895,3046.61586484088,3050.249755859375,1740435,0.0,0.0,TCS.NS,10642966708224,22.296675,2.11,4090.0,2866.6
2025-11-14 00:00:00+05:30,3034.830102963518,3057.517763723578,3022.356900982103,3050.54443359375,2210794,0.0,0.0,TCS.NS,10642966708224,22.296675,2.11,4090.0,2866.6
2025-11-17 00:00:00+05:30,3050.544457369475,3067.7320066302495,3031.4909272444793,3046.812255859375,2232853,0.0,0.0,TCS.NS,10642966708224,22.296675,2.11,4090.0,2866.6
2025-11-18 00:00:00+05:30,3046.6158078736476,3049.5622448251693,3023.0443122614724,3031.98193359375,2548350,0.0,0.0,TCS.NS,10642966708224,22.296675,2.11,4090.0,2866.6
2025-11-19 00:00:00+05:30,3041.705020306013,3098.6694669245953,3028.4460542827223,3091.499755859375,3151053,0.0,0.0,TCS.NS,10642966708224,22.296675,2.11,4090.0,2866.6
2025-11-20 00:00:00+05:30,3091.794673762747,3108.0000778660146,3082.0715272134535,3088.65185546875,2700767,0.0,0.0,TCS.NS,10642966708224,22.296675,2.11,4090.0,2866.6
2025-11-21 00:00:00+05:30,3088.6516518716926,3113.4016740052466,3079.2229578295533,3094.34814453125,4177037,0.0,0.0,TCS.NS,10642966708224,22.296675,2.11,4090.0,2866.6
2025-11-24 00:00:00+05:30,3101.616062202543,3122.1428110333977,3075.0981288018247,3085.115966796875,6703764,0.0,0.0,TCS.NS,10642966708224,22.296675,2.11,4090.0,2866.6
2025-11-25 00:00:00+05:30,3089.142887490615,3093.562543096727,3059.3838251197944,3063.5087890625,2737920,0.0,0.0,TCS.NS,10642966708224,22.296675,2.11,4090.0,2866.6
2025-11-26 00:00:00+05:30,3063.115986297256,3121.2589624366606,3061.348076121797,3106.428466796875,2508527,0.0,0.0,TCS.NS,10642966708224,22.296675,2.11,4090.0,2866.6
2025-11-27 00:00:00+05:30,3123.223169867727,3123.223169867727,3069.205159068128,3080.59814453125,2836233,0.0,0.0,TCS.NS,10642966708224,22.296675,2.11,4090.0,2866.6
2025-11-28 00:00:00+05:30,3083.937297684263,3091.1070087848907,3069.205113141185,3081.48193359375,1616690,0.0,0.0,TCS.NS,10642966708224,22.296675,2.11,4090.0,2866.6
2025-12-01 00:00:00+05:30,3081.8747335418534,3097.687374390369,3066.4550948216056,3077.455078125,1747647,0.0,0.0,TCS.NS,10642966708224,22.296675,2.11,4090.0,2866.6
2025-12-02 00:00:00+05:30,3075.0980746626374,3087.8659682974553,3064.6872347092776,3079.714111328125,2512003,0.0,0.0,TCS.NS,10642966708224,22.296675,2.11,4090.0,2866.6
2025-12-03 00:00:00+05:30,3083.9373188138757,3154.5534946281955,3082.9551731709416,3123.22314453125,3952112,0.0,0.0,TCS.NS,10642966708224,22.296675,2.11,4090.0,2866.6
2025-12-04 00:00:00+05:30,3136.9731988901626,3191.9733551637537,3130.4909417024,3171.544677734375,5025905,0.0,0.0,TCS.NS,10642966708224,22.296675,2.11,4090.0,2866.6
2025-12-05 00:00:00+05:30,3172.330486734928,3213.187842167148,3164.866083794654,3180.384033203125,5244013,0.0,0.0,TCS.NS,10642966708224,22.296675,2.11,4090.0,2866.6
2025-12-08 00:00:00+05:30,3185.0983021118977,3201.6964674714213,3151.3125880977464,3178.71435546875,2544725,0.0,0.0,TCS.NS,10642966708224,22.296675,2.11,4090.0,2866.6
2025-12-09 00:00:00+05:30,3172.330579931189,3175.964471029267,3124.401822284255,3151.01806640625,2734893,0.0,0.0,TCS.NS,10642966708224,22.296675,2.11,4090.0,2866.6
2025-12-10 00:00:00+05:30,3167.41989738469,3167.41989738469,3121.357359750894,3132.259033203125,1386849,0.0,0.0,TCS.NS,10642966708224,22.296675,2.11,4090.0,2866.6
2025-12-11 00:00:00+05:30,3147.7768486239356,3151.1160479641035,3096.8035846478047,3134.91064453125,1914362,0.0,0.0,TCS.NS,10642966708224,22.296675,2.11,4090.0,2866.6
2025-12-12 00:00:00+05:30,3140.607031689688,3165.4553640739014,3128.8212841349605,3163.0,1146554,0.0,0.0,TCS.NS,10642966708224,22.296675,2.11,4090.0,2866.6
2025-12-15 00:00:00+05:30,3153.7680172761306,3180.384020730158,3140.2143592438706,3172.52685546875,1562190,0.0,0.0,TCS.NS,10642966708224,22.296675,2.11,4090.0,2866.6
2025-12-16 00:00:00+05:30,3162.509118995985,3162.509118995985,3134.1252044928165,3147.875244140625,1734623,0.0,0.0,TCS.NS,10642966708224,22.296675,2.11,4090.0,2866.6
2025-12-17 00:00:00+05:30,3143.3572206041695,3179.107227122374,3143.3572206041695,3160.348388671875,1376350,0.0,0.0,TCS.NS,10642966708224,22.296675,2.11,4090.0,2866.6
2025-12-18 00:00:00+05:30,3170.366292342023,3229.09865265339,3163.4912725011322,3222.2236328125,2307422,0.0,0.0,TCS.NS,10642966708224,22.296675,2.11,4090.0,2866.6
2025-12-19 00:00:00+05:30,3240.09857605464,3258.661033366418,3220.259281411304,3223.402099609375,3902511,0.0,0.0,TCS.NS,10642966708224,22.296675,2.11,4090.0,2866.6
2025-12-22 00:00:00+05:30,3250.9022578364156,3269.170263717588,3232.2414895890165,3265.5361328125,2632816,0.0,0.0,TCS.NS,10642966708224,22.296675,2.11,4090.0,2866.6
2025-12-23 00:00:00+05:30,3260.625245626059,3260.625245626059,3234.6966963938,3250.902099609375,2365420,0.0,0.0,TCS.NS,10642966708224,22.296675,2.11,4090.0,2866.6
2025-12-24 00:00:00+05:30,3245.107580613968,3267.696930860065,3237.2504153109776,3259.741455078125,1367708,0.0,0.0,TCS.NS,10642966708224,22.296675,2.11,4090.0,2866.6
2025-12-26 00:00:00+05:30,3253.9468611908032,3260.7235702886815,3213.384197736604,3221.437744140625,1176664,0.0,0.0,TCS.NS,10642966708224,22.296675,2.11,4090.0,2866.6
2025-12-29 00:00:00+05:30,3221.437683809396,3229.294848891858,3184.9999848268185,3193.446533203125,2079473,0.0,0.0,TCS.NS,10642966708224,22.296675,2.11,4090.0,2866.6
2025-12-30 00:00:00+05:30,3191.973384551631,3209.160933545371,3181.6608551553877,3188.83056640625,2807593,0.0,0.0,TCS.NS,10642966708224,22.296675,2.11,4090.0,2866.6
2025-12-31 00:00:00+05:30,3182.151893056932,3188.0447669329633,3141.392848747715,3148.955322265625,3362634,0.0,0.0,TCS.NS,10642966708224,22.296675,2.11,4090.0,2866.6
2026-01-01 00:00:00+05:30,3157.59834501185,3176.3574233163417,3141.0982497161094,3169.77685546875,1255735,0.0,0.0,TCS.NS,10642966708224,22.296675,2.11,4090.0,2866.6
2026-01-02 00:00:00+05:30,3176.2591039024273,3196.196709004467,3162.017991655493,3192.660888671875,1184324,0.0,0.0,TCS.NS,10642966708224,22.296675,2.11,4090.0,2866.6
2026-01-05 00:00:00+05:30,3182.642968809425,3189.026915514335,3134.026759287417,3158.6787109375,2341703,0.0,0.0,TCS.NS,10642966708224,22.296675,2.11,4090.0,2866.6
2026-01-06 00:00:00+05:30,3152.6876022111082,3204.9377039238207,3147.7768738587542,3197.669921875,2912325,0.0,0.0,TCS.NS,10642966708224,22.296675,2.11,4090.0,2866.6
2026-01-07 00:00:00+05:30,3185.0000101265678,3241.6700055592964,3165.651788913644,3236.75927734375,1989442,0.0,0.0,TCS.NS,10642966708224,22.296675,2.11,4090.0,2866.6
2026-01-08 00:00:00+05:30,3228.2143763788763,3228.2143763788763,3125.1873956711997,3146.6962890625,4159336,0.0,0.0,TCS.NS,10642966708224,22.296675,2.11,4090.0,2866.6
2026-01-09 00:00:00+05:30,3134.0267606372377,3172.0357492326657,3134.0267606372377,3150.52685546875,1938673,0.0,0.0,TCS.NS,10642966708224,22.296675,2.11,4090.0,2866.6
2026-01-12 00:00:00+05:30,3145.8126491306843,3193.937788002805,3117.6251157476318,3181.75927734375,2228342,0.0,0.0,TCS.NS,10642966708224,22.296675,2.11,4090.0,2866.6
2026-01-13 00:00:00+05:30,3187.0627488471305,3221.437847833155,3153.1787227037635,3209.652099609375,5645341,0.0,0.0,TCS.NS,10642966708224,22.296675,2.11,4090.0,2866.6
2026-01-14 00:00:00+05:30,3201.7948316366483,3201.7948316366483,3126.1696162881753,3135.5,3539511,0.0,0.0,TCS.NS,10642966708224,22.296675,2.11,4090.0,2866.6
2026-01-15 00:00:00+05:30,3135.5,3135.5,3135.5,3135.5,0,0.0,0.0,TCS.NS,10642966708224,22.296675,2.11,4090.0,2866.6
2026-01-16 00:00:00+05:30,3219.39990234375,3221.89990234375,3171.0,3206.699951171875,4293470,57.0,0.0,TCS.NS,10642966708224,22.296675,2.11,4090.0,2866.6
2026-01-19 00:00:00+05:30,3188.0,3220.0,3152.10009765625,3163.60009765625,3387562,0.0,0.0,TCS.NS,10642966708224,22.296675,2.11,4090.0,2866.6
2026-01-20 00:00:00+05:30,3151.60009765625,3160.0,3091.10009765625,3102.300048828125,4499273,0.0,0.0,TCS.NS,10642966708224,22.296675,2.11,4090.0,2866.6
2026-01-21 00:00:00+05:30,3100.0,3138.5,3082.0,3122.60009765625,2015150,0.0,0.0,TCS.NS,10642966708224,22.296675,2.11,4090.0,2866.6
2026-01-22 00:00:00+05:30,3150.0,3160.0,3122.300048828125,3150.39990234375,2269827,0.0,0.0,TCS.NS,10642966708224,22.296675,2.11,4090.0,2866.6
2026-01-23 00:00:00+05:30,3190.300048828125,3194.5,3152.0,3162.5,2068857,0.0,0.0,TCS.NS,10642966708224,22.296675,2.11,4090.0,2866.6
2026-01-27 00:00:00+05:30,3175.0,3175.0,3130.0,3158.0,4279874,0.0,0.0,TCS.NS,10642966708224,22.296675,2.11,4090.0,2866.6
2026-01-28 00:00:00+05:30,3176.0,3205.199951171875,3170.60009765625,3200.10009765625,2751234,0.0,0.0,TCS.NS,10642966708224,22.296675,2.11,4090.0,2866.6
2026-01-29 00:00:00+05:30,3200.10009765625,3200.10009765625,3125.60009765625,3144.39990234375,2457641,0.0,0.0,TCS.NS,10642966708224,22.296675,2.11,4090.0,2866.6
2026-01-30 00:00:00+05:30,3141.0,3141.0,3092.0,3123.89990234375,3022068,0.0,0.0,TCS.NS,10642966708224,22.296675,2.11,4090.0,2866.6
2026-02-02 00:00:00+05:30,3198.0,3198.0,3134.0,3169.60009765625,2636272,0.0,0.0,TCS.NS,10642966708224,22.296675,2.11,4090.0,2866.6
2026-02-03 00:00:00+05:30,3350.0,3350.0,3186.300048828125,3225.300048828125,4366060,0.0,0.0,TCS.NS,10642966708224,22.296675,2.11,4090.0,2866.6
2026-02-04 00:00:00+05:30,3120.0,3120.0,2986.0,2999.10009765625,10852595,0.0,0.0,TCS.NS,10642966708224,22.296675,2.11,4090.0,2866.6
2026-02-05 00:00:00+05:30,2990.0,3029.699951171875,2972.300048828125,2991.5,3521545,0.0,0.0,TCS.NS,10642966708224,22.296675,2.11,4090.0,2866.6
2026-02-06 00:00:00+05:30,2976.60009765625,2985.0,2916.0,2941.60009765625,4686333,0.0,0.0,TCS.NS,10642966708224,22.296675,2.11,4090.0,2866.6
2024-02-06 00:00:00+05:30,1588.0496182360184,1631.5932938509086,1575.998565824632,1628.2509765625,7694265,0.0,0.0,INFY.NS,6097259724800,21.644407,2.96,1923.7,1307.0
2024-02-07 00:00:00+05:30,1627.827356650715,1627.827356650715,1588.143745994436,1594.6400146484375,4613877,0.0,0.0,INFY.NS,6097259724800,21.644407,2.96,1923.7,1307.0
2024-02-08 00:00:00+05:30,1598.6412091518757,1606.50258433862,1584.3306859949523,1593.08642578125,5919715,0.0,0.0,INFY.NS,6097259724800,21.644407,2.96,1923.7,1307.0
2024-02-09 00:00:00+05:30,1586.1193710004457,1593.8396151923025,1562.676491800521,1571.6676025390625,4600004,0.0,0.0,INFY.NS,6097259724800,21.644407,2.96,1923.7,1307.0
2024-02-12 00:00:00+05:30,1572.6090975073987,1593.8866307964468,1572.6090975073987,1581.78857421875,3555808,0.0,0.0,INFY.NS,6097259724800,21.644407,2.96,1923.7,1307.0
2024-02-13 00:00:00+05:30,1584.5190460262058,1590.2620807833139,1566.1600909474707,1585.9783935546875,2696481,0.0,0.0,INFY.NS,6097259724800,21.644407,2.96,1923.7,1307.0
2024-02-14 00:00:00+05:30,1563.0531172122069,1571.7618521594686,1539.7984871618103,1568.7020263671875,3768579,0.0,0.0,INFY.NS,6097259724800,21.644407,2.96,1923.7,1307.0
2024-02-15 00:00:00+05:30,1578.8701668773688,1588.9911294855572,1564.3712765276096,1578.2581787109375,4834391,0.0,0.0,INFY.NS,6097259724800,21.644407,2.96,1923.7,1307.0
2024-02-16 00:00:00+05:30,1590.1679521477781,1608.9976496273255,1589.1793470591608,1602.0777587890625,4880654,0.0,0.0,INFY.NS,6097259724800,21.644407,2.96,1923.7,1307.0
2024-02-19 00:00:00+05:30,1605.2317360980246,1611.3513878778704,1588.9440015438006,1600.2889404296875,3690993,0.0,0.0,INFY.NS,6097259724800,21.644407,2.96,1923.7,1307.0
2024-02-20 00:00:00+05:30,1586.401957891193,1595.1106926748687,1571.1028292171682,1586.6373291015625,3706389,0.0,0.0,INFY.NS,6097259724800,21.644407,2.96,1923.7,1307.0
2024-02-21 00:00:00+05:30,1576.04564252021,1576.04564252021,1549.0250732340833,1558.67529296875,4300508,0.0,0.0,INFY.NS,6097259724800,21.644407,2.96,1923.7,1307.0
2024-02-22 00:00:00+05:30,1567.5723214065963,1586.0254020244706,1548.1777559110003,1582.965576171875,5841277,0.0,0.0,INFY.NS,6097259724800,21.644407,2.96,1923.7,1307.0
2024-02-23 00:00:00+05:30,1597.6998249586602,1599.064932049705,1574.0685776987198,1578.7288818359375,5373072,0.0,0.0,INFY.NS,6097259724800,21.644407,2.96,1923.7,1307.0
2024-02-26 00:00:00+05:30,1576.9400103998594,1576.9400103998594,1548.742584990576,1563.006103515625,2782438,0.0,0.0,INFY.NS,6097259724800,21.644407,2.96,1923.7,1307.0
2024-02-27 00:00:00+05:30,1563.8063128021718,1573.315286661556,1556.0861831168934,1566.254150390625,5159088,0.0,0.0,INFY.NS,6097259724800,21.644407,2.96,1923.7,1307.0
2024-02-28 00:00:00+05:30,1572.2798088946804,1589.0382863616267,1564.7950497873524,1573.4566650390625,3188916,0.0,0.0,INFY.NS,6097259724800,21.644407,2.96,1923.7,1307.0
2024-02-29 00:00:00+05:30,1567.5722998042163,1583.812913721107,1556.5569728576138,1575.9515380859375,7814722,0.0,0.0,INFY.NS,6097259724800,21.644407,2.96,1923.7,1307.0
2024-03-01 00:00:00+05:30,1571.3381567596207,1574.1154909938598,1554.3914300839626,1557.8748779296875,6387291,0.0,0.0,INFY.NS,6097259724800,21.644407,2.96,1923.7,1307.0
2024-03-04 00:00:00+05:30,1560.8407342180715,1567.0545116352562,1538.0568453792753,1541.3990478515625,4445156,0.0,0.0,INFY.NS,6097259724800,21.644407,2.96,1923.7,1307.0
2024-03-05 00:00:00+05:30,1538.386318003764,1541.5402694156692,1508.2588013721113,1512.4954833984375,4596579,0.0,0.0,INFY.NS,6097259724800,21.644407,2.96,1923.7,1307.0
2024-03-06 00:00:00+05:30,1509.0119027331223,1525.3466412368123,1483.7800637991031,1522.8988037109375,6420684,0.0,0.0,INFY.NS,6097259724800,21.644407,2.96,1923.7,1307.0
2024-03-07 00:00:00+05:30,1522.004404894455,1533.1609775234701,1510.3299696204092,1521.8631591796875,6348359,0.0,0.0,INFY.NS,6097259724800,21.644407,2.96,1923.7,1307.0
2024-03-11 00:00:00+05:30,1514.0489306330928,1519.3683431830998,1495.0779873422402,1506.940673828125,6752895,0.0,0.0,INFY.NS,6097259724800,21.644407,2.96,1923.7,1307.0
2024-03-12 00:00:00+05:30,1506.375688833194,1529.9128089712128,1504.1632225256892,1518.56787109375,4614222,0.0,0.0,INFY.NS,6097259724800,21.644407,2.96,1923.7,1307.0
2024-03-13 00:00:00+05:30,1518.520747606164,1529.4419475146146,1505.010464684069,1517.1085205078125,5688997,0.0,0.0,INFY.NS,6097259724800,21.644407,2.96,1923.7,1307.0
2024-03-14 00:00:00+05:30,1519.9332218123318,1560.7465686045769,1513.9076955609466,1556.5570068359375,8803799,0.0,0.0,INFY.NS,6097259724800,21.644407,2.96,1923.7,1307.0
2024-03-15 00:00:00+05:30,1545.0707498555741,1549.4957975654736,1523.6519697189988,1538.38623046875,11809997,0.0,0.0,INFY.NS,6097259724800,21.644407,2.96,1923.7,1307.0
2024-03-18 00:00:00+05:30,1534.6203153666463,1537.1152732206572,1505.2930391151203,1508.8707275390625,4958904,0.0,0.0,INFY.NS,6097259724800,21.644407,2.96,1923.7,1307.0
2024-03-19 00:00:00+05:30,1499.1734492026353,1505.4343467383314,1466.8334660527332,1470.08154296875,6870411,0.0,0.0,INFY.NS,6097259724800,21.644407,2.96,1923.7,1307.0
2024-03-20 00:00:00+05:30,1471.540790852675,1482.7914886121835,1461.5139544170574,1463.9617919921875,4759059,0.0,0.0,INFY.NS,6097259724800,21.644407,2.96,1923.7,1307.0
2024-03-21 00:00:00+05:30,1472.4822954464403,1484.6744782005846,1453.087730653012,1463.7264404296875,11062497,0.0,0.0,INFY.NS,6097259724800,21.644407,2.96,1923.7,1307.0
2024-03-22 00:00:00+05:30,1431.9983895472183,1439.4361424981196,1410.5324900051585,1420.559326171875,14673890,0.0,0.0,INFY.NS,6097259724800,21.644407,2.96,1923.7,1307.0
2024-03-26 00:00:00+05:30,1404.6953849138222,1419.2412797585116,1400.8353200453062,1405.307373046875,8351081,0.0,0.0,INFY.NS,6097259724800,21.644407,2.96,1923.7,1307.0
2024-03-27 00:00:00+05:30,1408.4612802603947,1411.2857346994197,1394.8568706833632,1397.022216796875,6857402,0.0,0.0,INFY.NS,6097259724800,21.644407,2.96,1923.7,1307.0
2024-03-28 00:00:00+05:30,1400.129150066849,1423.3367734843898,1400.129150066849,1410.391357421875,12499530,0.0,0.0,INFY.NS,6097259724800,21.644407,2.96,1923.7,1307.0
2024-04-01 00:00:00+05:30,1435.7642804189727,1440.4245840795604,1405.4485166656525,1407.943359375,6580002,0.0,0.0,INFY.NS,6097259724800,21.644407,2.96,1923.7,1307.0
2024-04-02 00:00:00+05:30,1397.9636580438985,1405.7780277192792,1394.1977189092265,1396.0806884765625,7279400,0.0,0.0,INFY.NS,6097259724800,21.644407,2.96,1923.7,1307.0
2024-04-03 00:00:00+05:30,1392.4561704804448,1407.6140544217724,1388.6902308713024,1394.0096435546875,8736248,0.0,0.0,INFY.NS,6097259724800,21.644407,2.96,1923.7,1307.0
2024-04-04 00:00:00+05:30,1403.3302528566012,1408.1318024819914,1382.0997240670574,1399.7054443359375,11186915,0.0,0.0,INFY.NS,6097259724800,21.644407,2.96,1923.7,1307.0
2024-04-05 00:00:00+05:30,1393.4447725803975,1399.7055552251502,1389.6788329794124,1392.55029296875,5072482,0.0,0.0,INFY.NS,6097259724800,21.644407,2.96,1923.7,1307.0
2024-04-08 00:00:00+05:30,1396.221927423092,1403.706685446096,1387.8426899035271,1390.29052734375,6610887,0.0,0.0,INFY.NS,6097259724800,21.644407,2.96,1923.7,1307.0
2024-04-09 00:00:00+05:30,1402.8124833871761,1425.2198696967855,1400.2705201600338,1407.378662109375,9423230,0.0,0.0,INFY.NS,6097259724800,21.644407,2.96,1923.7,1307.0
2024-04-10 00:00:00+05:30,1412.5568699403645,1421.5009766373323,1397.681477232349,1418.6295166015625,6744595,0.0,0.0,INFY.NS,6097259724800,21.644407,2.96,1923.7,1307.0
2024-04-12 00:00:00+05:30,1415.993212241118,1418.6294157880386,1392.926833451286,1397.86962890625,12275616,0.0,0.0,INFY.NS,6097259724800,21.644407,2.96,1923.7,1307.0
2024-04-15 00:00:00+05:30,1393.397662027,1404.6483606920185,1375.5565690145563,1382.2410888671875,8531224,0.0,0.0,INFY.NS,6097259724800,21.644407,2.96,1923.7,1307.0
2024-04-16 00:00:00+05:30,1366.0944202615754,1370.0016050968616,1330.3651187142993,1331.68310546875,16173541,0.0,0.0,INFY.NS,6097259724800,21.644407,2.96,1923.7,1307.0
2024-04-18 00:00:00+05:30,1337.9441165902024,1360.1631363842591,1325.1399454315383,1336.202392578125,22107945,0.0,0.0,INFY.NS,6097259724800,21.644407,2.96,1923.7,1307.0
2024-04-19 00:00:00+05:30,1303.9565542134908,1343.3576733174316,1298.072273734188,1328.6705322265625,20603621,0.0,0.0,INFY.NS,6097259724800,21.644407,2.96,1923.7,1307.0
2024-04-22 00:00:00+05:30,1336.814417739945,1352.7725406478596,1330.3652692316007,1348.9124755859375,5859087,0.0,0.0,INFY.NS,6097259724800,21.644407,2.96,1923.7,1307.0
2024-04-23 00:00:00+05:30,1358.562670672261,1362.1873644449943,1349.1478219496535,1357.997802734375,4856174,0.0,0.0,INFY.NS,6097259724800,21.644407,2.96,1923.7,1307.0
2024-04-24 00:00:00+05:30,1359.7865843478146,1359.7865843478146,1343.54597104933,1347.0294189453125,4268213,0.0,0.0,INFY.NS,6097259724800,21.644407,2.96,1923.7,1307.0
2024-04-25 00:00:00+05:30,1336.908338935666,1360.3513320897941,1336.908338935666,1354.2786865234375,9089398,0.0,0.0,INFY.NS,6097259724800,21.644407,2.96,1923.7,1307.0
2024-04-26 00:00:00+05:30,1355.455578865194,1360.8221110164066,1343.498768244188,1346.55859375,8062444,0.0,0.0,INFY.NS,6097259724800,21.644407,2.96,1923.7,1307.0
2024-04-29 00:00:00+05:30,1346.276115171065,1355.549832195807,1344.675637016024,1350.7952880859375,5055957,0.0,0.0,INFY.NS,6097259724800,21.644407,2.96,1923.7,1307.0
2024-04-30 00:00:00+05:30,1350.7481874189334,1352.4900262289832,1334.601815150425,1337.42626953125,6936588,0.0,0.0,INFY.NS,6097259724800,21.644407,2.96,1923.7,1307.0
2024-05-02 00:00:00+05:30,1330.3179985042082,1340.6743311181829,1329.235268018188,1331.68310546875,10076354,0.0,0.0,INFY.NS,6097259724800,21.644407,2.96,1923.7,1307.0
2024-05-03 00:00:00+05:30,1338.8855920418562,1341.4276701119534,1321.0915052605797,1333.425048828125,8842345,0.0,0.0,INFY.NS,6097259724800,21.644407,2.96,1923.7,1307.0
2024-05-06 00:00:00+05:30,1336.9084732924218,1361.1045877183944,1334.1781442699464,1342.4632568359375,6445422,0.0,0.0,INFY.NS,6097259724800,21.644407,2.96,1923.7,1307.0
2024-05-07 00:00:00+05:30,1341.568810540377,1358.892155017695,1332.7659500503705,1356.632568359375,6080661,0.0,0.0,INFY.NS,6097259724800,21.644407,2.96,1923.7,1307.0
2024-05-08 00:00:00+05:30,1351.2661306551702,1355.5028124792066,1342.1807788692665,1343.7813720703125,6234983,0.0,0.0,INFY.NS,6097259724800,21.644407,2.96,1923.7,1307.0
2024-05-09 00:00:00+05:30,1344.0167568835536,1365.1059257902893,1341.4746788069972,1355.3145751953125,6088406,0.0,0.0,INFY.NS,6097259724800,21.644407,2.96,1923.7,1307.0
2024-05-10 00:00:00+05:30,1351.0778223208927,1351.9250667078657,1330.3180362931507,1341.521728515625,8777481,0.0,0.0,INFY.NS,6097259724800,21.644407,2.96,1923.7,1307.0
2024-05-13 00:00:00+05:30,1341.6159637564915,1341.6159637564915,1328.623426347066,1340.1566162109375,3735954,0.0,0.0,INFY.NS,6097259724800,21.644407,2.96,1923.7,1307.0
2024-05-14 00:00:00+05:30,1342.9339671701941,1349.8538575959403,1335.0725919265954,1341.3333740234375,3463230,0.0,0.0,INFY.NS,6097259724800,21.644407,2.96,1923.7,1307.0
2024-05-15 00:00:00+05:30,1342.5573572737128,1348.0180152167325,1335.5433413149956,1336.861328125,4327544,0.0,0.0,INFY.NS,6097259724800,21.644407,2.96,1923.7,1307.0
2024-05-16 00:00:00+05:30,1350.0421774524657,1370.566593499511,1343.4989036055658,1368.3070068359375,9249145,0.0,0.0,INFY.NS,6097259724800,21.644407,2.96,1923.7,1307.0
2024-05-17 00:00:00+05:30,1371.7434327729238,1371.7434327729238,1355.0320766083944,1359.78662109375,7542860,0.0,0.0,INFY.NS,6097259724800,21.644407,2.96,1923.7,1307.0
2024-05-21 00:00:00+05:30,1346.323283787107,1360.1630645795747,1344.8169310704366,1350.23046875,6752663,0.0,0.0,INFY.NS,6097259724800,21.644407,2.96,1923.7,1307.0
2024-05-22 00:00:00+05:30,1345.1465142625411,1374.5207963720839,1344.4404006067602,1369.6722412109375,7173285,0.0,0.0,INFY.NS,6097259724800,21.644407,2.96,1923.7,1307.0
2024-05-23 00:00:00+05:30,1369.5779588477037,1391.6558474322132,1365.153026044568,1386.2423095703125,8641428,0.0,0.0,INFY.NS,6097259724800,21.644407,2.96,1923.7,1307.0
2024-05-24 00:00:00+05:30,1382.3350849297278,1389.1608498646779,1374.5678351761637,1379.369384765625,5277938,0.0,0.0,INFY.NS,6097259724800,21.644407,2.96,1923.7,1307.0
2024-05-27 00:00:00+05:30,1385.7242824059447,1393.0207890926204,1374.8030824797427,1385.2535400390625,5821844,0.0,0.0,INFY.NS,6097259724800,21.644407,2.96,1923.7,1307.0
2024-05-28 00:00:00+05:30,1389.1608228573064,1389.6315652574615,1374.8502998635329,1381.205322265625,6186922,0.0,0.0,INFY.NS,6097259724800,21.644407,2.96,1923.7,1307.0
2024-05-29 00:00:00+05:30,1379.6518879829935,1379.7460134801906,1365.1529986668554,1366.04736328125,7401634,0.0,0.0,INFY.NS,6097259724800,21.644407,2.96,1923.7,1307.0
2024-05-30 00:00:00+05:30,1358.3743695494225,1365.011768697552,1338.3678167520543,1343.9224853515625,9663150,0.0,0.0,INFY.NS,6097259724800,21.644407,2.96,1923.7,1307.0
2024-05-31 00:00:00+05:30,1353.8619835736356,1379.742614221291,1344.4507812144127,1351.0770263671875,37113815,28.0,0.0,INFY.NS,6097259724800,21.644407,2.96,1923.7,1307.0
2024-06-03 00:00:00+05:30,1382.8637804217421,1382.8637804217421,1348.2921859111987,1350.1168212890625,10589244,0.0,0.0,INFY.NS,6097259724800,21.644407,2.96,1923.7,1307.0
2024-06-04 00:00:00+05:30,1353.0937025068624,1358.8556345260542,1304.4533695994908,1338.352783203125,13736134,0.0,0.0,INFY.NS,6097259724800,21.644407,2.96,1923.7,1307.0
2024-06-05 00:00:00+05:30,1344.594729280313,1380.9428896837226,1344.594729280313,1373.3563232421875,9233424,0.0,0.0,INFY.NS,6097259724800,21.644407,2.96,1923.7,1307.0
2024-06-06 00:00:00+05:30,1387.6171483700416,1415.8026912541518,1380.4627967662166,1413.833984375,12660930,0.0,0.0,INFY.NS,6097259724800,21.644407,2.96,1923.7,1307.0
2024-06-07 00:00:00+05:30,1422.2368434730788,1478.607696455328,1418.6356360706318,1472.749755859375,24075302,0.0,0.0,INFY.NS,6097259724800,21.644407,2.96,1923.7,1307.0
2024-06-10 00:00:00+05:30,1464.7790697698574,1469.1005184048513,1437.8900560410068,1440.2427978515625,6810606,0.0,0.0,INFY.NS,6097259724800,21.644407,2.96,1923.7,1307.0
2024-06-11 00:00:00+05:30,1440.530920339611,1446.6768867495505,1434.67286293827,1436.4014892578125,4853054,0.0,0.0,INFY.NS,6097259724800,21.644407,2.96,1923.7,1307.0
2024-06-12 00:00:00+05:30,1447.205207418443,1448.8857708643502,1423.9173996680136,1426.2701416015625,9564320,0.0,0.0,INFY.NS,6097259724800,21.644407,2.96,1923.7,1307.0
2024-06-13 00:00:00+05:30,1435.6813586014816,1445.2845783914581,1430.2555159747842,1434.6729736328125,7307565,0.0,0.0,INFY.NS,6097259724800,21.644407,2.96,1923.7,1307.0
2024-06-14 00:00:00+05:30,1444.0360586769375,1444.0360586769375,1427.0864701658527,1429.8233642578125,4237727,0.0,0.0,INFY.NS,6097259724800,21.644407,2.96,1923.7,1307.0
2024-06-18 00:00:00+05:30,1437.6020550051355,1447.2052751454503,1436.0655632280468,1438.75439453125,5420939,0.0,0.0,INFY.NS,6097259724800,21.644407,2.96,1923.7,1307.0
2024-06-19 00:00:00+05:30,1445.2844258115615,1455.5118772535266,1437.313707336635,1451.3824462890625,5493456,0.0,0.0,INFY.NS,6097259724800,21.644407,2.96,1923.7,1307.0
2024-06-20 00:00:00+05:30,1456.1361637531038,1457.2885031581282,1439.618556511379,1455.2718505859375,7927010,0.0,0.0,INFY.NS,6097259724800,21.644407,2.96,1923.7,1307.0
2024-06-21 00:00:00+05:30,1483.697382612351,1495.9414872261423,1463.2424786021215,1471.8853759765625,17301941,0.0,0.0,INFY.NS,6097259724800,21.644407,2.96,1923.7,1307.0
2024-06-24 00:00:00+05:30,1464.0589723434641,1468.4283671681217,1455.2720024759499,1466.5557861328125,5564989,0.0,0.0,INFY.NS,6097259724800,21.644407,2.96,1923.7,1307.0
2024-06-25 00:00:00+05:30,1465.4513439015984,1482.6411308173647,1460.0255012602715,1480.7684326171875,4551525,0.0,0.0,INFY.NS,6097259724800,21.644407,2.96,1923.7,1307.0
2024-06-26 00:00:00+05:30,1479.8561366420593,1487.3946405637594,1474.0942048965353,1479.5679931640625,4851004,0.0,0.0,INFY.NS,6097259724800,21.644407,2.96,1923.7,1307.0
2024-06-27 00:00:00+05:30,1477.4072265440695,1515.7721579895247,1471.2612599725667,1510.9224853515625,14757754,0.0,0.0,INFY.NS,6097259724800,21.644407,2.96,1923.7,1307.0
2024-06-28 00:00:00+05:30,1510.15438706981,1525.4714758668922,1502.1836676895095,1504.58447265625,8197544,0.0,0.0,INFY.NS,6097259724800,21.644407,2.96,1923.7,1307.0
2024-07-01 00:00:00+05:30,1497.6220524294586,1536.4190819140294,1497.6220524294586,1527.68017578125,6801771,0.0,0.0,INFY.NS,6097259724800,21.644407,2.96,1923.7,1307.0
2024-07-02 00:00:00+05:30,1532.86588566981,1568.9740856185726,1523.550809426941,1556.72998046875,10493173,0.0,0.0,INFY.NS,6097259724800,21.644407,2.96,1923.7,1307.0
2024-07-03 00:00:00+05:30,1560.5232067482063,1571.086748455425,1542.2770892539197,1562.8280029296875,7269965,0.0,0.0,INFY.NS,6097259724800,21.644407,2.96,1923.7,1307.0
2024-07-04 00:00:00+05:30,1563.5960981382616,1594.13438198508,1563.4040806456085,1585.1553955078125,8008311,0.0,0.0,INFY.NS,6097259724800,21.644407,2.96,1923.7,1307.0
2024-07-05 00:00:00+05:30,1585.9236853770542,1599.7523453204356,1568.5418810019864,1582.0823974609375,7065022,0.0,0.0,INFY.NS,6097259724800,21.644407,2.96,1923.7,1307.0
2024-07-08 00:00:00+05:30,1577.904975049744,1599.8963711842514,1574.9280004454815,1595.718994140625,5880533,0.0,0.0,INFY.NS,6097259724800,21.644407,2.96,1923.7,1307.0
2024-07-09 00:00:00+05:30,1594.0383461640054,1600.6165277373964,1585.4914578037747,1591.3974609375,5191182,0.0,0.0,INFY.NS,6097259724800,21.644407,2.96,1923.7,1307.0
2024-07-10 00:00:00+05:30,1591.2535253565572,1607.5789990626897,1572.575309683498,1582.8507080078125,9852770,0.0,0.0,INFY.NS,6097259724800,21.644407,2.96,1923.7,1307.0
2024-07-11 00:00:00+05:30,1590.2931327303997,1598.9360301908912,1576.896688557358,1587.1240234375,8857679,0.0,0.0,INFY.NS,6097259724800,21.644407,2.96,1923.7,1307.0
2024-07-12 00:00:00+05:30,1613.340833576749,1651.5136300854847,1600.520559326722,1643.8310546875,17078316,0.0,0.0,INFY.NS,6097259724800,21.644407,2.96,1923.7,1307.0
2024-07-15 00:00:00+05:30,1657.7076984616265,1659.4363248574064,1635.092186939841,1639.317626953125,6942230,0.0,0.0,INFY.NS,6097259724800,21.644407,2.96,1923.7,1307.0
2024-07-16 00:00:00+05:30,1650.4092519603355,1668.943512173137,1632.547287437264,1657.563720703125,6886281,0.0,0.0,INFY.NS,6097259724800,21.644407,2.96,1923.7,1307.0
2024-07-18 00:00:00+05:30,1650.7934479826547,1695.3524103380762,1650.7934479826547,1688.2940673828125,11248896,0.0,0.0,INFY.NS,6097259724800,21.644407,2.96,1923.7,1307.0
2024-07-19 00:00:00+05:30,1770.8338123915516,1770.8338123915516,1715.5672330153973,1721.809326171875,29819116,0.0,0.0,INFY.NS,6097259724800,21.644407,2.96,1923.7,1307.0
2024-07-22 00:00:00+05:30,1728.7237465538792,1750.6670817580903,1721.809357518583,1738.9991455078125,8462126,0.0,0.0,INFY.NS,6097259724800,21.644407,2.96,1923.7,1307.0
2024-07-23 00:00:00+05:30,1738.1826974355533,1766.9442924167647,1712.494085746934,1764.015380859375,7113056,0.0,0.0,INFY.NS,6097259724800,21.644407,2.96,1923.7,1307.0
2024-07-24 00:00:00+05:30,1764.5915628208677,1769.249100779416,1747.4017766683005,1761.182373046875,6002845,0.0,0.0,INFY.NS,6097259724800,21.644407,2.96,1923.7,1307.0
2024-07-25 00:00:00+05:30,1747.7859434479678,1758.2534761150766,1740.1033678723722,1752.4434814453125,5815599,0.0,0.0,INFY.NS,6097259724800,21.644407,2.96,1923.7,1307.0
2024-07-26 00:00:00+05:30,1752.923709894062,1808.2862957121283,1752.923709894062,1804.3489990234375,11369047,0.0,0.0,INFY.NS,6097259724800,21.644407,2.96,1923.7,1307.0
2024-07-29 00:00:00+05:30,1818.465766106095,1827.492816601406,1790.0402575643832,1796.8585205078125,4635931,0.0,0.0,INFY.NS,6097259724800,21.644407,2.96,1923.7,1307.0
2024-07-30 00:00:00+05:30,1796.8583403917328,1805.3571660297775,1786.1987904104494,1802.6683349609375,2721265,0.0,0.0,INFY.NS,6097259724800,21.644407,2.96,1923.7,1307.0
2024-07-31 00:00:00+05:30,1802.524399557156,1810.3510473266465,1791.0485985124988,1794.12158203125,5004209,0.0,0.0,INFY.NS,6097259724800,21.644407,2.96,1923.7,1307.0
2024-08-01 00:00:00+05:30,1782.453656326238,1793.7855029159562,1771.8901142339544,1779.092529296875,7475014,0.0,0.0,INFY.NS,6097259724800,21.644407,2.96,1923.7,1307.0
2024-08-02 00:00:00+05:30,1769.8732971519382,1785.7186088193323,1744.0886770658112,1748.938232421875,7400938,0.0,0.0,INFY.NS,6097259724800,21.644407,2.96,1923.7,1307.0
2024-08-05 00:00:00+05:30,1714.1266318965754,1726.1787193591779,1650.3613476722035,1682.3880615234375,10736703,0.0,0.0,INFY.NS,6097259724800,21.644407,2.96,1923.7,1307.0
2024-08-06 00:00:00+05:30,1690.3587800212945,1725.6506144088735,1675.617860395926,1681.619873046875,7690163,0.0,0.0,INFY.NS,6097259724800,21.644407,2.96,1923.7,1307.0
2024-08-07 00:00:00+05:30,1724.7381679213,1726.5628030142375,1692.183231395466,1720.560791015625,5094329,0.0,0.0,INFY.NS,6097259724800,21.644407,2.96,1923.7,1307.0
2024-08-08 00:00:00+05:30,1709.3251315403352,1709.3251315403352,1658.572136260406,1673.9853515625,6227910,0.0,0.0,INFY.NS,6097259724800,21.644407,2.96,1923.7,1307.0
2024-08-09 00:00:00+05:30,1700.9702732851492,1710.0933319139192,1686.325363381071,1700.4901123046875,4258524,0.0,0.0,INFY.NS,6097259724800,21.644407,2.96,1923.7,1307.0
2024-08-12 00:00:00+05:30,1702.6988263064616,1731.9405818653124,1697.9451624687292,1726.0826416015625,4315329,0.0,0.0,INFY.NS,6097259724800,21.644407,2.96,1923.7,1307.0
2024-08-13 00:00:00+05:30,1738.1828253323833,1738.1828253323833,1718.064126261386,1726.1307373046875,4176918,0.0,0.0,INFY.NS,6097259724800,21.644407,2.96,1923.7,1307.0
2024-08-14 00:00:00+05:30,1730.5001411349067,1752.5875458219782,1726.1306294039184,1750.906982421875,7450718,0.0,0.0,INFY.NS,6097259724800,21.644407,2.96,1923.7,1307.0
2024-08-16 00:00:00+05:30,1776.5955951852964,1787.9753867685558,1756.9089953467567,1785.1904296875,7335657,0.0,0.0,INFY.NS,6097259724800,21.644407,2.96,1923.7,1307.0
2024-08-19 00:00:00+05:30,1786.1988792940135,1793.449357119504,1775.8273550396493,1790.8084716796875,2585989,0.0,0.0,INFY.NS,6097259724800,21.644407,2.96,1923.7,1307.0
2024-08-20 00:00:00+05:30,1805.405353385153,1810.8791418743747,1794.0735069359491,1797.914794921875,3870333,0.0,0.0,INFY.NS,6097259724800,21.644407,2.96,1923.7,1307.0
2024-08-21 00:00:00+05:30,1800.6996936229339,1804.4449727328276,1793.0171179008144,1798.3948974609375,1966902,0.0,0.0,INFY.NS,6097259724800,21.644407,2.96,1923.7,1307.0
2024-08-22 00:00:00+05:30,1809.2464708192063,1818.5136006570308,1795.5138206733318,1805.645263671875,4300287,0.0,0.0,INFY.NS,6097259724800,21.644407,2.96,1923.7,1307.0
2024-08-23 00:00:00+05:30,1803.67661383031,1807.9020537953018,1783.3178356718943,1788.2154541015625,5015935,0.0,0.0,INFY.NS,6097259724800,21.644407,2.96,1923.7,1307.0
2024-08-26 00:00:00+05:30,1795.8020045127269,1813.8080406542315,1790.0400729474454,1801.7080078125,3728589,0.0,0.0,INFY.NS,6097259724800,21.644407,2.96,1923.7,1307.0
2024-08-27 00:00:00+05:30,1801.7079786991785,1827.2525181137994,1799.5472543971127,1824.7076416015625,3830679,0.0,0.0,INFY.NS,6097259724800,21.644407,2.96,1923.7,1307.0
2024-08-28 00:00:00+05:30,1831.2379582795415,1873.588133022963,1822.1148997127973,1862.1602783203125,6514531,0.0,0.0,INFY.NS,6097259724800,21.644407,2.96,1923.7,1307.0
2024-08-29 00:00:00+05:30,1856.3023384955793,1873.1079727033768,1844.6824662886909,1856.638427734375,7228284,0.0,0.0,INFY.NS,6097259724800,21.644407,2.96,1923.7,1307.0
2024-08-30 00:00:00+05:30,1861.1039704725115,1872.6278340667684,1851.5007508106305,1866.5777587890625,13466759,0.0,0.0,INFY.NS,6097259724800,21.644407,2.96,1923.7,1307.0
2024-09-02 00:00:00+05:30,1866.241657337013,1897.3561122833119,1865.713550595146,1886.552490234375,5573739,0.0,0.0,INFY.NS,6097259724800,21.644407,2.96,1923.7,1307.0
2024-09-03 00:00:00+05:30,1888.95326566776,1888.95326566776,1859.6153833595768,1864.2249755859375,4694322,0.0,0.0,INFY.NS,6097259724800,21.644407,2.96,1923.7,1307.0
2024-09-04 00:00:00+05:30,1844.8744872415468,1850.7324277310104,1824.6597803927025,1846.1708984375,4778310,0.0,0.0,INFY.NS,6097259724800,21.644407,2.96,1923.7,1307.0
2024-09-05 00:00:00+05:30,1849.8201661965988,1863.0245930805459,1833.8307821972226,1856.4464111328125,4081810,0.0,0.0,INFY.NS,6097259724800,21.644407,2.96,1923.7,1307.0
2024-09-06 00:00:00+05:30,1845.7386933402568,1859.6633609018768,1821.586574089743,1826.38818359375,5848106,0.0,0.0,INFY.NS,6097259724800,21.644407,2.96,1923.7,1307.0
2024-09-09 00:00:00+05:30,1815.0084785277315,1844.634387126065,1814.0481565814205,1819.4739990234375,4772612,0.0,0.0,INFY.NS,6097259724800,21.644407,2.96,1923.7,1307.0
2024-09-10 00:00:00+05:30,1829.317300201853,1858.2229673598686,1820.7704114285846,1836.4237060546875,6909600,0.0,0.0,INFY.NS,6097259724800,21.644407,2.96,1923.7,1307.0
2024-09-11 00:00:00+05:30,1838.7284033553788,1849.5800883553493,1829.4133272673625,1834.3590087890625,5312946,0.0,0.0,INFY.NS,6097259724800,21.644407,2.96,1923.7,1307.0
2024-09-12 00:00:00+05:30,1848.6197893164426,1878.773922571952,1834.9832642548035,1873.0599365234375,8555092,0.0,0.0,INFY.NS,6097259724800,21.644407,2.96,1923.7,1307.0
2024-09-13 00:00:00+05:30,1873.0599351123685,1880.886582594913,1858.8472403257115,1866.9619140625,3843127,0.0,0.0,INFY.NS,6097259724800,21.644407,2.96,1923.7,1307.0
2024-09-16 00:00:00+05:30,1868.5464710616527,1874.548483367517,1856.3504289468578,1872.867919921875,1570181,0.0,0.0,INFY.NS,6097259724800,21.644407,2.96,1923.7,1307.0
2024-09-17 00:00:00+05:30,1870.467067930622,1880.7424658489679,1865.0892884852562,1875.07666015625,2793127,0.0,0.0,INFY.NS,6097259724800,21.644407,2.96,1923.7,1307.0
2024-09-18 00:00:00+05:30,1861.824097546446,1861.824097546446,1806.6536508696367,1817.0731201171875,6385468,0.0,0.0,INFY.NS,6097259724800,21.644407,2.96,1923.7,1307.0
2024-09-19 00:00:00+05:30,1834.7911742292838,1848.5238256038056,1804.253005223771,1819.0418701171875,7976570,0.0,0.0,INFY.NS,6097259724800,21.644407,2.96,1923.7,1307.0
2024-09-20 00:00:00+05:30,1829.4134254860905,1839.0166455673825,1793.305341425795,1830.1336669921875,15242974,0.0,0.0,INFY.NS,6097259724800,21.644407,2.96,1923.7,1307.0
2024-09-23 00:00:00+05:30,1833.2546020080952,1842.761812755645,1803.9167195535472,1821.2025146484375,3636672,0.0,0.0,INFY.NS,6097259724800,21.644407,2.96,1923.7,1307.0
2024-09-24 00:00:00+05:30,1813.0878227950013,1835.0792186672709,1797.1465020357018,1823.2672119140625,7277616,0.0,0.0,INFY.NS,6097259724800,21.644407,2.96,1923.7,1307.0
2024-09-25 00:00:00+05:30,1811.5033146813457,1826.1482246431408,1802.3323102544668,1820.0982666015625,4268341,0.0,0.0,INFY.NS,6097259724800,21.644407,2.96,1923.7,1307.0
2024-09-26 00:00:00+05:30,1822.499064726573,1841.8494584619364,1817.8894724224197,1824.851806640625,8952803,0.0,0.0,INFY.NS,6097259724800,21.644407,2.96,1923.7,1307.0
2024-09-27 00:00:00+05:30,1855.4380099764576,1896.2516927156676,1827.7808082445556,1831.0938720703125,14908931,0.0,0.0,INFY.NS,6097259724800,21.644407,2.96,1923.7,1307.0
2024-09-30 00:00:00+05:30,1805.40537191387,1825.8122145485347,1796.282312853667,1801.179931640625,6986955,0.0,0.0,INFY.NS,6097259724800,21.644407,2.96,1923.7,1307.0
2024-10-01 00:00:00+05:30,1800.6036370139677,1833.2065199774477,1800.6036370139677,1828.7890625,4029072,0.0,0.0,INFY.NS,6097259724800,21.644407,2.96,1923.7,1307.0
2024-10-03 00:00:00+05:30,1814.528280610594,1835.9914522282918,1806.3655442331449,1818.2735595703125,7503887,0.0,0.0,INFY.NS,6097259724800,21.644407,2.96,1923.7,1307.0
2024-10-04 00:00:00+05:30,1814.5763205944831,1876.565029844856,1811.1671309069884,1842.04150390625,10001483,0.0,0.0,INFY.NS,6097259724800,21.644407,2.96,1923.7,1307.0
2024-10-07 00:00:00+05:30,1846.8912352709824,1864.9453358766805,1840.025026708701,1857.5509033203125,6112575,0.0,0.0,INFY.NS,6097259724800,21.644407,2.96,1923.7,1307.0
2024-10-08 00:00:00+05:30,1861.007899519078,1880.2622839615105,1830.7096956078074,1871.2353515625,5637391,0.0,0.0,INFY.NS,6097259724800,21.644407,2.96,1923.7,1307.0
2024-10-09 00:00:00+05:30,1875.07665925967,1898.5564839074102,1867.9221904384558,1875.2686767578125,4857163,0.0,0.0,INFY.NS,6097259724800,21.644407,2.96,1923.7,1307.0
2024-10-10 00:00:00+05:30,1880.2143346978125,1886.07227503949,1838.1521871723023,1842.8577880859375,4782119,0.0,0.0,INFY.NS,6097259724800,21.644407,2.96,1923.7,1307.0
2024-10-11 00:00:00+05:30,1841.8974879353766,1869.7468243014484,1834.3109211351211,1858.3189697265625,4709431,0.0,0.0,INFY.NS,6097259724800,21.644407,2.96,1923.7,1307.0
2024-10-14 00:00:00+05:30,1855.486190976628,1891.3541945256989,1854.4778059776277,1881.1748046875,3751378,0.0,0.0,INFY.NS,6097259724800,21.644407,2.96,1923.7,1307.0
2024-10-15 00:00:00+05:30,1882.2310163628915,1912.433094709219,1874.3083602991192,1881.558837890625,5353705,0.0,0.0,INFY.NS,6097259724800,21.644407,2.96,1923.7,1307.0
2024-10-16 00:00:00+05:30,1877.42944464905,1881.7989564876755,1840.312977195666,1843.9141845703125,3111512,0.0,0.0,INFY.NS,6097259724800,21.644407,2.96,1923.7,1307.0
2024-10-17 00:00:00+05:30,1858.415027332384,1899.516854492198,1853.5654717255002,1890.0096435546875,8162822,0.0,0.0,INFY.NS,6097259724800,21.644407,2.96,1923.7,1307.0
2024-10-18 00:00:00+05:30,1818.6577602233042,1859.9995499352583,1795.0818094027522,1805.0211181640625,10526196,0.0,0.0,INFY.NS,6097259724800,21.644407,2.96,1923.7,1307.0
2024-10-21 00:00:00+05:30,1816.0647726492866,1823.4593218230411,1765.071701772492,1779.2364501953125,4654601,0.0,0.0,INFY.NS,6097259724800,21.644407,2.96,1923.7,1307.0
2024-10-22 00:00:00+05:30,1784.4701814346959,1803.2925852339904,1773.666559613223,1778.132080078125,4125240,0.0,0.0,INFY.NS,6097259724800,21.644407,2.96,1923.7,1307.0
2024-10-23 00:00:00+05:30,1772.034052723245,1811.1671716222952,1770.8336503030287,1799.067138671875,4311910,0.0,0.0,INFY.NS,6097259724800,21.644407,2.96,1923.7,1307.0
2024-10-24 00:00:00+05:30,1787.5433126309072,1809.2465653946333,1786.198838446931,1789.4158935546875,2906475,0.0,0.0,INFY.NS,6097259724800,21.644407,2.96,1923.7,1307.0
2024-10-25 00:00:00+05:30,1789.5118373771484,1801.9000136074258,1773.138418954866,1788.16748046875,4689120,0.0,0.0,INFY.NS,6097259724800,21.644407,2.96,1923.7,1307.0
2024-10-28 00:00:00+05:30,1785.9107053224764,1807.2299232087717,1783.3178829165497,1791.3365478515625,7018940,0.0,0.0,INFY.NS,6097259724800,21.644407,2.96,1923.7,1307.0
2024-10-29 00:00:00+05:30,1792.9391324904534,1798.378144066303,1776.4277753656768,1786.4317626953125,4621252,21.0,0.0,INFY.NS,6097259724800,21.644407,2.96,1923.7,1307.0
2024-10-30 00:00:00+05:30,1779.3414895531696,1786.1402834543007,1744.716179758669,1750.3009033203125,5919715,0.0,0.0,INFY.NS,6097259724800,21.644407,2.96,1923.7,1307.0
2024-10-31 00:00:00+05:30,1736.5091412479787,1736.5091412479787,1696.2991072073619,1706.7401123046875,7395236,0.0,0.0,INFY.NS,6097259724800,21.644407,2.96,1923.7,1307.0
2024-11-01 00:00:00+05:30,1713.7816813488193,1715.2385657478123,1701.6895882617994,1710.236572265625,371966,0.0,0.0,INFY.NS,6097259724800,21.644407,2.96,1923.7,1307.0
2024-11-04 00:00:00+05:30,1674.9315887150042,1716.2099839138373,1668.6184223904768,1712.956298828125,7336722,0.0,0.0,INFY.NS,6097259724800,21.644407,2.96,1923.7,1307.0
2024-11-05 00:00:00+05:30,1709.4111662537578,1717.6182349398387,1694.8423210868225,1703.77783203125,3160880,0.0,0.0,INFY.NS,6097259724800,21.644407,2.96,1923.7,1307.0
2024-11-06 00:00:00+05:30,1713.296076841982,1774.6794262747362,1711.9849045771186,1771.280029296875,10421494,0.0,0.0,INFY.NS,6097259724800,21.644407,2.96,1923.7,1307.0
2024-11-07 00:00:00+05:30,1760.8390975998175,1773.22261567757,1735.6350435250165,1751.2237548828125,4550965,0.0,0.0,INFY.NS,6097259724800,21.644407,2.96,1923.7,1307.0
2024-11-08 00:00:00+05:30,1765.7438769390867,1787.6942446562714,1761.0333078003775,1777.350341796875,4210960,0.0,0.0,INFY.NS,6097259724800,21.644407,2.96,1923.7,1307.0
2024-11-11 00:00:00+05:30,1776.427742360696,1814.306737413767,1770.163186757311,1806.6337890625,3804234,0.0,0.0,INFY.NS,6097259724800,21.644407,2.96,1923.7,1307.0
2024-11-12 00:00:00+05:30,1817.3176807087516,1826.9331420105937,1807.5080155670998,1815.0838623046875,5012450,0.0,0.0,INFY.NS,6097259724800,21.644407,2.96,1923.7,1307.0
2024-11-13 00:00:00+05:30,1807.605094015565,1819.3572716489662,1802.943134866599,1814.6953125,4257495,0.0,0.0,INFY.NS,6097259724800,21.644407,2.96,1923.7,1307.0
2024-11-14 00:00:00+05:30,1811.9758027067253,1822.0768923467604,1802.6517655626797,1810.9560546875,4311431,0.0,0.0,INFY.NS,6097259724800,21.644407,2.96,1923.7,1307.0
2024-11-18 00:00:00+05:30,1796.047127993138,1796.047127993138,1743.4050832115965,1759.3822021484375,4839244,0.0,0.0,INFY.NS,6097259724800,21.644407,2.96,1923.7,1307.0
2024-11-19 00:00:00+05:30,1773.0284911005574,1806.2454112988496,1768.2208195271305,1772.300048828125,4669769,0.0,0.0,INFY.NS,6097259724800,21.644407,2.96,1923.7,1307.0
2024-11-21 00:00:00+05:30,1789.0540816629436,1813.3354888516371,1768.26917339711,1781.3326416015625,5436504,0.0,0.0,INFY.NS,6097259724800,21.644407,2.96,1923.7,1307.0
2024-11-22 00:00:00+05:30,1800.80625185363,1859.0331371970146,1781.2840242640295,1847.572265625,6301486,0.0,0.0,INFY.NS,6097259724800,21.644407,2.96,1923.7,1307.0
2024-11-25 00:00:00+05:30,1860.9270220152914,1864.1322151458903,1827.9043086809907,1835.3829345703125,12764638,0.0,0.0,INFY.NS,6097259724800,21.644407,2.96,1923.7,1307.0
2024-11-26 00:00:00+05:30,1850.1947027907097,1882.8775020849253,1842.764686697864,1868.8428955078125,6850495,0.0,0.0,INFY.NS,6097259724800,21.644407,2.96,1923.7,1307.0
2024-11-27 00:00:00+05:30,1874.6218732216507,1885.5971174937745,1856.799342761259,1869.182861328125,4447143,0.0,0.0,INFY.NS,6097259724800,21.644407,2.96,1923.7,1307.0
2024-11-28 00:00:00+05:30,1859.8586361338635,1859.8586361338635,1798.4266776839897,1803.282958984375,8468790,0.0,0.0,INFY.NS,6097259724800,21.644407,2.96,1923.7,1307.0
2024-11-29 00:00:00+05:30,1797.8925063282472,1823.0480681141644,1791.9678666332622,1804.448486328125,5244346,0.0,0.0,INFY.NS,6097259724800,21.644407,2.96,1923.7,1307.0
2024-12-02 00:00:00+05:30,1805.5655210664468,1828.6814691911163,1782.4495729417774,1825.7677001953125,2868263,0.0,0.0,INFY.NS,6097259724800,21.644407,2.96,1923.7,1307.0
2024-12-03 00:00:00+05:30,1832.7607276683614,1845.1442460985531,1817.3663382733384,1837.714111328125,4715792,0.0,0.0,INFY.NS,6097259724800,21.644407,2.96,1923.7,1307.0
2024-12-04 00:00:00+05:30,1829.8469491241563,1858.9360291550868,1821.105642042353,1834.946044921875,4705573,0.0,0.0,INFY.NS,6097259724800,21.644407,2.96,1923.7,1307.0
2024-12-05 00:00:00+05:30,1845.386971128795,1893.8526842407528,1834.654541582606,1879.2352294921875,9050038,0.0,0.0,INFY.NS,6097259724800,21.644407,2.96,1923.7,1307.0
2024-12-06 00:00:00+05:30,1877.2442779990854,1882.2461532385446,1857.4306251975142,1867.1431884765625,3573331,0.0,0.0,INFY.NS,6097259724800,21.644407,2.96,1923.7,1307.0
2024-12-09 00:00:00+05:30,1868.8914196597946,1874.7189577548504,1842.667498232043,1868.3572998046875,4274645,0.0,0.0,INFY.NS,6097259724800,21.644407,2.96,1923.7,1307.0
2024-12-10 00:00:00+05:30,1883.2659588503623,1909.101352624084,1876.4671647750902,1892.54150390625,6174921,0.0,0.0,INFY.NS,6097259724800,21.644407,2.96,1923.7,1307.0
2024-12-11 00:00:00+05:30,1898.806057875605,1921.1449526741415,1895.8922889888395,1917.4056396484375,5025612,0.0,0.0,INFY.NS,6097259724800,21.644407,2.96,1923.7,1307.0
2024-12-12 00:00:00+05:30,1918.4254802729865,1941.3472248051385,1913.9092331296335,1929.8863525390625,6462130,0.0,0.0,INFY.NS,6097259724800,21.644407,2.96,1923.7,1307.0
2024-12-13 00:00:00+05:30,1913.132112410419,1948.7771714843159,1897.6406217246506,1942.22119140625,5362693,0.0,0.0,INFY.NS,6097259724800,21.644407,2.96,1923.7,1307.0
2024-12-16 00:00:00+05:30,1938.0933607570853,1942.1240981650324,1920.7564592966078,1923.1361083984375,3119221,0.0,0.0,INFY.NS,6097259724800,21.644407,2.96,1923.7,1307.0
2024-12-17 00:00:00+05:30,1911.432375880719,1925.029963920521,1901.7198129951464,1919.78515625,5811050,0.0,0.0,INFY.NS,6097259724800,21.644407,2.96,1923.7,1307.0
2024-12-18 00:00:00+05:30,1910.2669710918078,1927.8951783904936,1905.216367108079,1922.261962890625,3064095,0.0,0.0,INFY.NS,6097259724800,21.644407,2.96,1923.7,1307.0
2024-12-19 00:00:00+05:30,1878.4096320265542,1903.4194810568974,1864.8120442042316,1890.2589111328125,5323592,0.0,0.0,INFY.NS,6097259724800,21.644407,2.96,1923.7,1307.0
2024-12-20 00:00:00+05:30,1918.3769764514818,1923.038935729017,1856.313672846486,1866.900390625,11056720,0.0,0.0,INFY.NS,6097259724800,21.644407,2.96,1923.7,1307.0
2024-12-23 00:00:00+05:30,1874.5732490554924,1884.2372017118134,1854.1282567360063,1868.988525390625,2781793,0.0,0.0,INFY.NS,6097259724800,21.644407,2.96,1923.7,1307.0
2024-12-24 00:00:00+05:30,1871.6594932162752,1886.1797274213886,1787.111585198432,1854.1768798828125,2360544,0.0,0.0,INFY.NS,6097259724800,21.644407,2.96,1923.7,1307.0
2024-12-26 00:00:00+05:30,1854.1769374712999,1864.5693327398988,1847.6209572676305,1852.5743408203125,3623321,0.0,0.0,INFY.NS,6097259724800,21.644407,2.96,1923.7,1307.0
2024-12-27 00:00:00+05:30,1854.5168074679777,1868.8428379280153,1849.1748978049127,1861.655517578125,3937500,0.0,0.0,INFY.NS,6097259724800,21.644407,2.96,1923.7,1307.0
2024-12-30 00:00:00+05:30,1860.6357387619842,1860.9271630910612,1832.2751008200871,1851.214599609375,7789055,0.0,0.0,INFY.NS,6097259724800,21.644407,2.96,1923.7,1307.0
2024-12-31 00:00:00+05:30,1837.9082915665463,1842.473148621904,1792.0164326986576,1825.9617919921875,3613063,0.0,0.0,INFY.NS,6097259724800,21.644407,2.96,1923.7,1307.0
2025-01-01 00:00:00+05:30,1820.134214444306,1838.5394729768454,1820.134214444306,1828.389892578125,1838368,0.0,0.0,INFY.NS,6097259724800,21.644407,2.96,1923.7,1307.0
2025-01-02 00:00:00+05:30,1832.760612498252,1906.236174279187,1831.10952423594,1901.5740966796875,7083645,0.0,0.0,INFY.NS,6097259724800,21.644407,2.96,1923.7,1307.0
2025-01-03 00:00:00+05:30,1896.8148627360356,1896.8148627360356,1866.754528958132,1883.0230712890625,6218003,0.0,0.0,INFY.NS,6097259724800,21.644407,2.96,1923.7,1307.0
2025-01-06 00:00:00+05:30,1895.8923485784164,1916.288731426852,1872.5821967516326,1882.1490478515625,7164403,0.0,0.0,INFY.NS,6097259724800,21.644407,2.96,1923.7,1307.0
2025-01-07 00:00:00+05:30,1889.0935202054077,1902.2540906114118,1868.357221729347,1875.3502197265625,4294832,0.0,0.0,INFY.NS,6097259724800,21.644407,2.96,1923.7,1307.0
2025-01-08 00:00:00+05:30,1874.5246254427705,1882.8774057609294,1834.460303784991,1877.5841064453125,5482050,0.0,0.0,INFY.NS,6097259724800,21.644407,2.96,1923.7,1307.0
2025-01-09 00:00:00+05:30,1878.4583629543145,1895.74665458795,1855.6338390718154,1862.1898193359375,6833503,0.0,0.0,INFY.NS,6097259724800,21.644407,2.96,1923.7,1307.0
2025-01-10 00:00:00+05:30,1881.3233976824297,1920.9507009797642,1876.709930393327,1910.4124755859375,8036913,0.0,0.0,INFY.NS,6097259724800,21.644407,2.96,1923.7,1307.0
2025-01-13 00:00:00+05:30,1899.7773306055078,1925.8070469770787,1892.9785364775742,1905.799072265625,5804152,0.0,0.0,INFY.NS,6097259724800,21.644407,2.96,1923.7,1307.0
2025-01-14 00:00:00+05:30,1912.2579998126723,1915.1232771204202,1875.5930733895989,1884.285888671875,5792162,0.0,0.0,INFY.NS,6097259724800,21.644407,2.96,1923.7,1307.0
2025-01-15 00:00:00+05:30,1891.036010381721,1901.7684398888914,1881.420549328485,1893.60986328125,2985439,0.0,0.0,INFY.NS,6097259724800,21.644407,2.96,1923.7,1307.0
2025-01-16 00:00:00+05:30,1909.4412763032324,1910.41253260361,1861.7526156669912,1873.0191650390625,7533579,0.0,0.0,INFY.NS,6097259724800,21.644407,2.96,1923.7,1307.0
2025-01-17 00:00:00+05:30,1797.7954209897873,1804.5942151264314,1759.9164250856263,1763.2672119140625,16409953,0.0,0.0,INFY.NS,6097259724800,21.644407,2.96,1923.7,1307.0
2025-01-20 00:00:00+05:30,1770.5516054927243,1775.407886940151,1741.6082392029957,1761.1790771484375,4333011,0.0,0.0,INFY.NS,6097259724800,21.644407,2.96,1923.7,1307.0
2025-01-21 00:00:00+05:30,1766.7638099629812,1779.0016155615642,1741.5111463055791,1748.941162109375,7169109,0.0,0.0,INFY.NS,6097259724800,21.644407,2.96,1923.7,1307.0
2025-01-22 00:00:00+05:30,1755.448693830049,1812.1700865447272,1753.2633671133483,1803.0887451171875,8373913,0.0,0.0,INFY.NS,6097259724800,21.644407,2.96,1923.7,1307.0
2025-01-23 00:00:00+05:30,1804.5941442893445,1825.5247642701754,1799.446438649042,1811.8299560546875,5907471,0.0,0.0,INFY.NS,6097259724800,21.644407,2.96,1923.7,1307.0
2025-01-24 00:00:00+05:30,1811.8786496612856,1840.4336089404926,1810.6645792715367,1821.5426025390625,4887027,0.0,0.0,INFY.NS,6097259724800,21.644407,2.96,1923.7,1307.0
2025-01-27 00:00:00+05:30,1795.6100112127813,1809.4504129219265,1759.9163436470913,1769.62890625,7652371,0.0,0.0,INFY.NS,6097259724800,21.644407,2.96,1923.7,1307.0
2025-01-28 00:00:00+05:30,1777.3990640797924,1809.9361507719634,1772.4456805643415,1777.15625,6999495,0.0,0.0,INFY.NS,6097259724800,21.644407,2.96,1923.7,1307.0
2025-01-29 00:00:00+05:30,1791.9678626583263,1834.36322360914,1787.5972093347696,1827.1759033203125,5145155,0.0,0.0,INFY.NS,6097259724800,21.644407,2.96,1923.7,1307.0
2025-01-30 00:00:00+05:30,1819.3088138415467,1832.9548941080284,1790.9966681783667,1806.4881591796875,7336056,0.0,0.0,INFY.NS,6097259724800,21.644407,2.96,1923.7,1307.0
2025-01-31 00:00:00+05:30,1817.2205970496623,1842.910279604707,1817.2205970496623,1825.7677001953125,5820470,0.0,0.0,INFY.NS,6097259724800,21.644407,2.96,1923.7,1307.0
2025-02-01 00:00:00+05:30,1826.2533177597818,1836.2571867836969,1792.9391783431893,1798.1353759765625,1701402,0.0,0.0,INFY.NS,6097259724800,21.644407,2.96,1923.7,1307.0
2025-02-03 00:00:00+05:30,1783.2265984737837,1822.6110895629577,1779.7300994439906,1809.741943359375,4823228,0.0,0.0,INFY.NS,6097259724800,21.644407,2.96,1923.7,1307.0
2025-02-04 00:00:00+05:30,1834.703198206104,1856.2650411997822,1821.1056096540206,1844.2215576171875,7334787,0.0,0.0,INFY.NS,6097259724800,21.644407,2.96,1923.7,1307.0
2025-02-05 00:00:00+05:30,1851.2145472314708,1864.5207114002724,1839.8508957040453,1842.5218505859375,4996744,0.0,0.0,INFY.NS,6097259724800,21.644407,2.96,1923.7,1307.0
2025-02-06 00:00:00+05:30,1861.898330498206,1868.6971246106148,1845.3869733680706,1860.587158203125,4765255,0.0,0.0,INFY.NS,6097259724800,21.644407,2.96,1923.7,1307.0
2025-02-07 00:00:00+05:30,1864.13231412214,1868.405747107761,1835.14021793859,1848.93212890625,4126260,0.0,0.0,INFY.NS,6097259724800,21.644407,2.96,1923.7,1307.0
2025-02-10 00:00:00+05:30,1850.2432794461592,1850.2432794461592,1824.6020890265615,1826.2532958984375,3828734,0.0,0.0,INFY.NS,6097259724800,21.644407,2.96,1923.7,1307.0
2025-02-11 00:00:00+05:30,1828.9727506286142,1848.3007750893653,1816.249316561804,1821.7369384765625,4411601,0.0,0.0,INFY.NS,6097259724800,21.644407,2.96,1923.7,1307.0
2025-02-12 00:00:00+05:30,1830.8181177592105,1840.142154487476,1793.9103785152583,1809.59619140625,5633947,0.0,0.0,INFY.NS,6097259724800,21.644407,2.96,1923.7,1307.0
2025-02-13 00:00:00+05:30,1814.7924102365155,1819.6486917731397,1782.8866642532057,1790.2681884765625,5237744,0.0,0.0,INFY.NS,6097259724800,21.644407,2.96,1923.7,1307.0
2025-02-14 00:00:00+05:30,1800.709122375355,1805.8568280246752,1775.796375368045,1803.0401611328125,5292961,0.0,0.0,INFY.NS,6097259724800,21.644407,2.96,1923.7,1307.0
2025-02-17 00:00:00+05:30,1785.7033698235564,1799.495162260814,1769.7747423270973,1789.3455810546875,4428956,0.0,0.0,INFY.NS,6097259724800,21.644407,2.96,1923.7,1307.0
2025-02-18 00:00:00+05:30,1789.3456107739096,1808.1393973263787,1784.780634818134,1798.7181396484375,4365260,0.0,0.0,INFY.NS,6097259724800,21.644407,2.96,1923.7,1307.0
2025-02-19 00:00:00+05:30,1794.2989338566194,1796.0471240806544,1753.9917969230971,1758.7509765625,4611411,0.0,0.0,INFY.NS,6097259724800,21.644407,2.96,1923.7,1307.0
2025-02-20 00:00:00+05:30,1753.6518766132701,1778.3703022593725,1753.6518766132701,1772.6884765625,2218020,0.0,0.0,INFY.NS,6097259724800,21.644407,2.96,1923.7,1307.0
2025-02-21 00:00:00+05:30,1769.4347905187403,1777.2533326664163,1754.2830972545896,1762.8302001953125,3379879,0.0,0.0,INFY.NS,6097259724800,21.644407,2.96,1923.7,1307.0
2025-02-24 00:00:00+05:30,1748.309923055587,1756.0313630959042,1699.9413126430345,1713.3931884765625,7594720,0.0,0.0,INFY.NS,6097259724800,21.644407,2.96,1923.7,1307.0
2025-02-25 00:00:00+05:30,1694.987890846883,1727.3306532632726,1694.987890846883,1716.8896484375,5092963,0.0,0.0,INFY.NS,6097259724800,21.644407,2.96,1923.7,1307.0
2025-02-27 00:00:00+05:30,1704.748997302386,1724.8054634563641,1700.7668702151418,1713.5875244140625,5757079,0.0,0.0,INFY.NS,6097259724800,21.644407,2.96,1923.7,1307.0
2025-02-28 00:00:00+05:30,1704.6034155946859,1704.6519072727174,1634.0901134127998,1639.189208984375,12182167,0.0,0.0,INFY.NS,6097259724800,21.644407,2.96,1923.7,1307.0
2025-03-03 00:00:00+05:30,1643.6569975986285,1678.9135283002097,1643.6569975986285,1659.4884033203125,7504969,0.0,0.0,INFY.NS,6097259724800,21.644407,2.96,1923.7,1307.0
2025-03-04 00:00:00+05:30,1646.2794646548505,1650.1644899401717,1621.9980566215932,1639.7720947265625,6759673,0.0,0.0,INFY.NS,6097259724800,21.644407,2.96,1923.7,1307.0
2025-03-05 00:00:00+05:30,1643.8026956375877,1683.1385762213686,1643.8026956375877,1662.30517578125,8180782,0.0,0.0,INFY.NS,6097259724800,21.644407,2.96,1923.7,1307.0
2025-03-06 00:00:00+05:30,1665.7046071983816,1672.794825837321,1642.4915571816716,1666.5301513671875,10610547,0.0,0.0,INFY.NS,6097259724800,21.644407,2.96,1923.7,1307.0
2025-03-07 00:00:00+05:30,1654.146667899849,1655.9920786793123,1627.340016320931,1637.5382080078125,8019331,0.0,0.0,INFY.NS,6097259724800,21.644407,2.96,1923.7,1307.0
2025-03-10 00:00:00+05:30,1637.5382042171923,1669.5896637303404,1628.01984457351,1652.5440673828125,7558981,0.0,0.0,INFY.NS,6097259724800,21.644407,2.96,1923.7,1307.0
2025-03-11 00:00:00+05:30,1631.7106175387037,1631.7106175387037,1589.995206020896,1613.8394775390625,12671234,0.0,0.0,INFY.NS,6097259724800,21.644407,2.96,1923.7,1307.0
2025-03-12 00:00:00+05:30,1589.84944650162,1589.84944650162,1518.850635339536,1545.123046875,14870008,0.0,0.0,INFY.NS,6097259724800,21.644407,2.96,1923.7,1307.0
2025-03-13 00:00:00+05:30,1553.2816045131979,1559.886194636392,1525.163782654934,1534.439208984375,7822888,0.0,0.0,INFY.NS,6097259724800,21.644407,2.96,1923.7,1307.0
2025-03-17 00:00:00+05:30,1500.736758011993,1548.1826065260266,1500.736758011993,1544.34619140625,7526032,0.0,0.0,INFY.NS,6097259724800,21.644407,2.96,1923.7,1307.0
2025-03-18 00:00:00+05:30,1544.34619140625,1544.34619140625,1544.34619140625,1544.34619140625,0,0.0,0.0,INFY.NS,6097259724800,21.644407,2.96,1923.7,1307.0
2025-03-19 00:00:00+05:30,1556.9238965430377,1556.9238965430377,1527.5920028100838,1540.94677734375,7387068,0.0,0.0,INFY.NS,6097259724800,21.644407,2.96,1923.7,1307.0
2025-03-20 00:00:00+05:30,1546.2400259441436,1584.9931759348294,1546.2400259441436,1569.1131591796875,7186750,0.0,0.0,INFY.NS,6097259724800,21.644407,2.96,1923.7,1307.0
2025-03-21 00:00:00+05:30,1532.59385494289,1557.7980274559397,1518.7049607743006,1546.7742919921875,10074677,0.0,0.0,INFY.NS,6097259724800,21.644407,2.96,1923.7,1307.0
2025-03-24 00:00:00+05:30,1552.0189913058653,1560.9060103586978,1527.4947691913153,1546.968505859375,8857726,0.0,0.0,INFY.NS,6097259724800,21.644407,2.96,1923.7,1307.0
2025-03-25 00:00:00+05:30,1558.8663000022038,1589.1209562659596,1558.8663000022038,1581.6422119140625,9890140,0.0,0.0,INFY.NS,6097259724800,21.644407,2.96,1923.7,1307.0
2025-03-26 00:00:00+05:30,1579.2627320763197,1590.6749935166006,1549.1537869998338,1553.475830078125,6651302,0.0,0.0,INFY.NS,6097259724800,21.644407,2.96,1923.7,1307.0
2025-03-27 00:00:00+05:30,1549.688079270318,1573.3866387891755,1540.4125339270274,1557.4581298828125,9426573,0.0,0.0,INFY.NS,6097259724800,21.644407,2.96,1923.7,1307.0
2025-03-28 00:00:00+05:30,1544.2975705237486,1552.504639118573,1515.1598805138667,1525.5037841796875,6799047,0.0,0.0,INFY.NS,6097259724800,21.644407,2.96,1923.7,1307.0
2025-04-01 00:00:00+05:30,1495.0061979771754,1502.92196020728,1474.2212903040318,1482.6226806640625,12680733,0.0,0.0,INFY.NS,6097259724800,21.644407,2.96,1923.7,1307.0
2025-04-02 00:00:00+05:30,1491.0726643663595,1510.9349273715397,1491.0726643663595,1505.593017578125,6193478,0.0,0.0,INFY.NS,6097259724800,21.644407,2.96,1923.7,1307.0
2025-04-03 00:00:00+05:30,1490.5385603678294,1490.5385603678294,1442.3642697947264,1453.485107421875,10459504,0.0,0.0,INFY.NS,6097259724800,21.644407,2.96,1923.7,1307.0
2025-04-04 00:00:00+05:30,1418.5199114659142,1429.6893595876932,1406.3792069857197,1409.92431640625,9590254,0.0,0.0,INFY.NS,6097259724800,21.644407,2.96,1923.7,1307.0
2025-04-07 00:00:00+05:30,1313.1385736419368,1365.489314158466,1269.4320382766355,1356.602294921875,21715252,0.0,0.0,INFY.NS,6097259724800,21.644407,2.96,1923.7,1307.0
2025-04-08 00:00:00+05:30,1389.8677955834949,1414.6348317731379,1374.3276944448953,1387.7310791015625,12805001,0.0,0.0,INFY.NS,6097259724800,21.644407,2.96,1923.7,1307.0
2025-04-09 00:00:00+05:30,1364.663707842691,1368.9371407012397,1342.1791008495861,1363.3524169921875,8546854,0.0,0.0,INFY.NS,6097259724800,21.644407,2.96,1923.7,1307.0
2025-04-11 00:00:00+05:30,1370.6854425398662,1397.4436008179698,1356.893650613513,1368.9371337890625,12567440,0.0,0.0,INFY.NS,6097259724800,21.644407,2.96,1923.7,1307.0
2025-04-15 00:00:00+05:30,1404.0480742507405,1406.087688754894,1368.5001176189407,1385.011474609375,10178530,0.0,0.0,INFY.NS,6097259724800,21.644407,2.96,1923.7,1307.0
2025-04-16 00:00:00+05:30,1384.0401507759727,1386.4682913913693,1356.6507720589223,1372.482177734375,12022740,0.0,0.0,INFY.NS,6097259724800,21.644407,2.96,1923.7,1307.0
2025-04-17 00:00:00+05:30,1357.8163531049115,1388.7023519091767,1338.6826507754836,1378.6983642578125,14264227,0.0,0.0,INFY.NS,6097259724800,21.644407,2.96,1923.7,1307.0
2025-04-21 00:00:00+05:30,1369.4714582615436,1429.4951483248678,1369.4714582615436,1409.29296875,15648970,0.0,0.0,INFY.NS,6097259724800,21.644407,2.96,1923.7,1307.0
2025-04-22 00:00:00+05:30,1398.6091260339042,1398.6091260339042,1378.5041672717928,1381.903564453125,9399738,0.0,0.0,INFY.NS,6097259724800,21.644407,2.96,1923.7,1307.0
2025-04-23 00:00:00+05:30,1404.4366498623076,1445.0352117850275,1398.2205856526791,1432.5059814453125,11136642,0.0,0.0,INFY.NS,6097259724800,21.644407,2.96,1923.7,1307.0
2025-04-24 00:00:00+05:30,1427.6496829084983,1440.2760150192205,1419.4911061400271,1429.1065673828125,7114292,0.0,0.0,INFY.NS,6097259724800,21.644407,2.96,1923.7,1307.0
2025-04-25 00:00:00+05:30,1433.0887071514799,1458.535575435,1421.4336312546193,1437.653564453125,8329979,0.0,0.0,INFY.NS,6097259724800,21.644407,2.96,1923.7,1307.0
2025-04-28 00:00:00+05:30,1437.6534907325017,1446.7833234291916,1423.1818670852326,1439.4989013671875,5886253,0.0,0.0,INFY.NS,6097259724800,21.644407,2.96,1923.7,1307.0
2025-04-29 00:00:00+05:30,1439.4018262859975,1466.4027986571466,1431.7288778586658,1454.456298828125,8056743,0.0,0.0,INFY.NS,6097259724800,21.644407,2.96,1923.7,1307.0
2025-04-30 00:00:00+05:30,1453.7764926957282,1465.431568419441,1439.984581952398,1456.9815673828125,7704183,0.0,0.0,INFY.NS,6097259724800,21.644407,2.96,1923.7,1307.0
2025-05-02 00:00:00+05:30,1456.5930649551544,1479.4175886205041,1453.1936678135066,1463.586181640625,7402310,0.0,0.0,INFY.NS,6097259724800,21.644407,2.96,1923.7,1307.0
2025-05-05 00:00:00+05:30,1471.4532464465005,1479.2232965927526,1459.6039673980883,1465.2371826171875,4282493,0.0,0.0,INFY.NS,6097259724800,21.644407,2.96,1923.7,1307.0
2025-05-06 00:00:00+05:30,1462.7120452184295,1472.0360823521305,1456.0103527730441,1468.053955078125,4270530,0.0,0.0,INFY.NS,6097259724800,21.644407,2.96,1923.7,1307.0
2025-05-07 00:00:00+05:30,1456.8844481471906,1475.1441139885928,1453.5821530190785,1464.9459228515625,5691799,0.0,0.0,INFY.NS,6097259724800,21.644407,2.96,1923.7,1307.0
2025-05-08 00:00:00+05:30,1464.654491996011,1472.910170498641,1458.0499017692832,1467.956787109375,8424409,0.0,0.0,INFY.NS,6097259724800,21.644407,2.96,1923.7,1307.0
2025-05-09 00:00:00+05:30,1457.5642989506216,1467.9568126185206,1451.1540310083215,1464.2659912109375,4478653,0.0,0.0,INFY.NS,6097259724800,21.644407,2.96,1923.7,1307.0
2025-05-12 00:00:00+05:30,1492.8209942326298,1585.0903465111594,1487.96471253376,1580.136962890625,11372857,0.0,0.0,INFY.NS,6097259724800,21.644407,2.96,1923.7,1307.0
2025-05-13 00:00:00+05:30,1562.7513505672503,1565.859323230766,1519.627548132014,1523.5125732421875,12846210,0.0,0.0,INFY.NS,6097259724800,21.644407,2.96,1923.7,1307.0
2025-05-14 00:00:00+05:30,1528.75740058924,1549.1537826809642,1524.3867472838704,1546.6285400390625,4870057,0.0,0.0,INFY.NS,6097259724800,21.644407,2.96,1923.7,1307.0
2025-05-15 00:00:00+05:30,1544.1033749720434,1572.075486394776,1525.843708376521,1566.636474609375,11151167,0.0,0.0,INFY.NS,6097259724800,21.644407,2.96,1923.7,1307.0
2025-05-16 00:00:00+05:30,1566.2479103864578,1566.2479103864578,1536.0418626920532,1544.200439453125,4576751,0.0,0.0,INFY.NS,6097259724800,21.644407,2.96,1923.7,1307.0
2025-05-19 00:00:00+05:30,1531.1856318206726,1539.4413107743521,1510.9834523682187,1514.9656982421875,8855798,0.0,0.0,INFY.NS,6097259724800,21.644407,2.96,1923.7,1307.0
2025-05-20 00:00:00+05:30,1524.8723866170074,1537.9843466293191,1513.2173110505078,1515.7425537109375,7143998,0.0,0.0,INFY.NS,6097259724800,21.644407,2.96,1923.7,1307.0
2025-05-21 00:00:00+05:30,1522.832797268108,1525.8436681268927,1507.4869000940212,1523.41552734375,4157309,0.0,0.0,INFY.NS,6097259724800,21.644407,2.96,1923.7,1307.0
2025-05-22 00:00:00+05:30,1510.7892156499267,1515.9369216042496,1495.7347425913772,1503.0191650390625,6158990,0.0,0.0,INFY.NS,6097259724800,21.644407,2.96,1923.7,1307.0
2025-05-23 00:00:00+05:30,1505.447258808557,1541.5779455953386,1505.447258808557,1519.8218994140625,5038421,0.0,0.0,INFY.NS,6097259724800,21.644407,2.96,1923.7,1307.0
2025-05-26 00:00:00+05:30,1521.5700705826603,1538.275749801986,1517.782147363295,1535.070556640625,3170102,0.0,0.0,INFY.NS,6097259724800,21.644407,2.96,1923.7,1307.0
2025-05-27 00:00:00+05:30,1534.4878415209876,1537.4016104009331,1511.6633186280806,1524.969482421875,7775714,0.0,0.0,INFY.NS,6097259724800,21.644407,2.96,1923.7,1307.0
2025-05-28 00:00:00+05:30,1535.556238237006,1542.063608140773,1524.8724187426308,1526.6207275390625,3623370,0.0,0.0,INFY.NS,6097259724800,21.644407,2.96,1923.7,1307.0
2025-05-29 00:00:00+05:30,1543.3262208282474,1562.6542444112208,1531.2826193070812,1540.02392578125,8609500,0.0,0.0,INFY.NS,6097259724800,21.644407,2.96,1923.7,1307.0
2025-05-30 00:00:00+05:30,1547.3124739974683,1548.297396005105,1531.652190030095,1539.1375732421875,13148092,22.0,0.0,INFY.NS,6097259724800,21.644407,2.96,1923.7,1307.0
2025-06-02 00:00:00+05:30,1536.4782943781508,1536.4782943781508,1515.7949327230604,1530.371826171875,4374509,0.0,0.0,INFY.NS,6097259724800,21.644407,2.96,1923.7,1307.0
2025-06-03 00:00:00+05:30,1535.4933708621093,1543.6682714095227,1512.4461724234918,1519.734619140625,6853403,0.0,0.0,INFY.NS,6097259724800,21.644407,2.96,1923.7,1307.0
2025-06-04 00:00:00+05:30,1519.7346010168856,1533.8190332918903,1518.158749909477,1527.8109130859375,4548307,0.0,0.0,INFY.NS,6097259724800,21.644407,2.96,1923.7,1307.0
2025-06-05 00:00:00+05:30,1524.5607331925255,1544.0621159555858,1518.3556767230737,1530.8642578125,6948539,0.0,0.0,INFY.NS,6097259724800,21.644407,2.96,1923.7,1307.0
2025-06-06 00:00:00+05:30,1531.2581829658582,1545.2441474823067,1519.8331118292815,1540.2210693359375,3960020,0.0,0.0,INFY.NS,6097259724800,21.644407,2.96,1923.7,1307.0
2025-06-09 00:00:00+05:30,1554.2069160448225,1564.0561360451065,1547.3124620446238,1549.183837890625,2903202,0.0,0.0,INFY.NS,6097259724800,21.644407,2.96,1923.7,1307.0
2025-06-10 00:00:00+05:30,1560.116482612782,1583.2621501262925,1553.7144894707471,1571.935546875,8591925,0.0,0.0,INFY.NS,6097259724800,21.644407,2.96,1923.7,1307.0
2025-06-11 00:00:00+05:30,1566.1244242034918,1609.9534525332194,1566.1244242034918,1606.5062255859375,10597410,0.0,0.0,INFY.NS,6097259724800,21.644407,2.96,1923.7,1307.0
2025-06-12 00:00:00+05:30,1592.6188275892266,1603.452969273507,1574.0037782857437,1584.345458984375,10483574,0.0,0.0,INFY.NS,6097259724800,21.644407,2.96,1923.7,1307.0
2025-06-13 00:00:00+05:30,1552.2369998927122,1584.7394243828517,1546.5244044661895,1577.844970703125,6968315,0.0,0.0,INFY.NS,6097259724800,21.644407,2.96,1923.7,1307.0
2025-06-16 00:00:00+05:30,1575.875214344727,1610.1505483486199,1573.01891647278,1599.31640625,5591842,0.0,0.0,INFY.NS,6097259724800,21.644407,2.96,1923.7,1307.0
2025-06-17 00:00:00+05:30,1596.2630097727385,1622.5604988569514,1591.2399317053334,1615.173583984375,7622083,0.0,0.0,INFY.NS,6097259724800,21.644407,2.96,1923.7,1307.0
2025-06-18 00:00:00+05:30,1596.5585788351507,1619.9011823893957,1596.5585788351507,1608.2791748046875,5629707,0.0,0.0,INFY.NS,6097259724800,21.644407,2.96,1923.7,1307.0
2025-06-19 00:00:00+05:30,1599.4148737815738,1605.4228739879738,1587.2018168292147,1593.997802734375,5147760,0.0,0.0,INFY.NS,6097259724800,21.644407,2.96,1923.7,1307.0
2025-06-20 00:00:00+05:30,1594.58871180959,1606.1122510729595,1584.6410236941556,1598.429931640625,9202821,0.0,0.0,INFY.NS,6097259724800,21.644407,2.96,1923.7,1307.0
2025-06-23 00:00:00+05:30,1576.8601291540897,1576.8601291540897,1551.6461498856431,1560.116455078125,7943676,0.0,0.0,INFY.NS,6097259724800,21.644407,2.96,1923.7,1307.0
2025-06-24 00:00:00+05:30,1576.860073737694,1584.739449496533,1552.827953627288,1557.7525634765625,8083992,0.0,0.0,INFY.NS,6097259724800,21.644407,2.96,1923.7,1307.0
2025-06-25 00:00:00+05:30,1566.025955644839,1595.4751470327865,1561.199813873949,1590.550537109375,7813533,0.0,0.0,INFY.NS,6097259724800,21.644407,2.96,1923.7,1307.0
2025-06-26 00:00:00+05:30,1584.5425210067874,1599.5132869304996,1582.3756205245834,1591.6339111328125,6519233,0.0,0.0,INFY.NS,6097259724800,21.644407,2.96,1923.7,1307.0
2025-06-27 00:00:00+05:30,1594.5886581952298,1605.0288069577266,1578.238977654369,1583.7545166015625,8912268,0.0,0.0,INFY.NS,6097259724800,21.644407,2.96,1923.7,1307.0
2025-06-30 00:00:00+05:30,1590.648993297183,1590.648993297183,1570.064099926214,1577.6480712890625,6294505,0.0,0.0,INFY.NS,6097259724800,21.644407,2.96,1923.7,1307.0
2025-07-01 00:00:00+05:30,1584.7395342639384,1593.308307768125,1576.3676970723639,1582.57275390625,4178937,0.0,0.0,INFY.NS,6097259724800,21.644407,2.96,1923.7,1307.0
2025-07-02 00:00:00+05:30,1593.6038341220215,1624.1364168524187,1579.2239966239758,1586.2169189453125,8653641,0.0,0.0,INFY.NS,6097259724800,21.644407,2.96,1923.7,1307.0
2025-07-03 00:00:00+05:30,1594.0962765801005,1607.786716594206,1590.6490495377586,1594.293212890625,5259695,0.0,0.0,INFY.NS,6097259724800,21.644407,2.96,1923.7,1307.0
2025-07-04 00:00:00+05:30,1600.4981989662078,1618.6207872342948,1587.9897380569496,1615.96142578125,4411273,0.0,0.0,INFY.NS,6097259724800,21.644407,2.96,1923.7,1307.0
2025-07-07 00:00:00+05:30,1615.2721260131761,1619.2118141254034,1598.5284515362102,1602.4681396484375,3294523,0.0,0.0,INFY.NS,6097259724800,21.644407,2.96,1923.7,1307.0
2025-07-08 00:00:00+05:30,1603.4529602070286,1621.378491891406,1597.0509674297891,1613.9915771484375,4590681,0.0,0.0,INFY.NS,6097259724800,21.644407,2.96,1923.7,1307.0
2025-07-09 00:00:00+05:30,1613.1052929685202,1613.3022292758048,1599.1193284889714,1609.0670166015625,4580828,0.0,0.0,INFY.NS,6097259724800,21.644407,2.96,1923.7,1307.0
2025-07-10 00:00:00+05:30,1614.1886858160015,1614.1886858160015,1582.868118202301,1591.43701171875,5330179,0.0,0.0,INFY.NS,6097259724800,21.644407,2.96,1923.7,1307.0
2025-07-11 00:00:00+05:30,1555.2902357933656,1582.8680505457567,1539.433016356687,1570.85205078125,11391755,0.0,0.0,INFY.NS,6097259724800,21.644407,2.96,1923.7,1307.0
2025-07-14 00:00:00+05:30,1567.7988696310574,1567.7988696310574,1536.2813659941348,1546.623046875,9173426,0.0,0.0,INFY.NS,6097259724800,21.644407,2.96,1923.7,1307.0
2025-07-15 00:00:00+05:30,1541.5013602388092,1579.4208563061295,1540.4179701114037,1561.6922607421875,7614807,0.0,0.0,INFY.NS,6097259724800,21.644407,2.96,1923.7,1307.0
2025-07-16 00:00:00+05:30,1555.1918577227598,1587.6942841349517,1554.6993967165145,1583.6561279296875,6223491,0.0,0.0,INFY.NS,6097259724800,21.644407,2.96,1923.7,1307.0
2025-07-17 00:00:00+05:30,1573.9053927711557,1585.7244570472844,1556.2752645133157,1559.6240234375,7374814,0.0,0.0,INFY.NS,6097259724800,21.644407,2.96,1923.7,1307.0
2025-07-18 00:00:00+05:30,1568.0942241264431,1575.1857343566385,1556.176692489401,1562.1846923828125,5161833,0.0,0.0,INFY.NS,6097259724800,21.644407,2.96,1923.7,1307.0
2025-07-21 00:00:00+05:30,1556.1767745731315,1565.041072656143,1543.1758521432762,1560.4119873046875,3682661,0.0,0.0,INFY.NS,6097259724800,21.644407,2.96,1923.7,1307.0
2025-07-22 00:00:00+05:30,1541.4029254290974,1561.889351060241,1541.4029254290974,1547.2139892578125,8473741,0.0,0.0,INFY.NS,6097259724800,21.644407,2.96,1923.7,1307.0
2025-07-23 00:00:00+05:30,1552.5325511946266,1567.897309898412,1526.629055261839,1550.7596435546875,8035026,0.0,0.0,INFY.NS,6097259724800,21.644407,2.96,1923.7,1307.0
2025-07-24 00:00:00+05:30,1556.1767861186595,1558.1466301517212,1524.8562179010848,1529.0914306640625,14169664,0.0,0.0,INFY.NS,6097259724800,21.644407,2.96,1923.7,1307.0
2025-07-25 00:00:00+05:30,1520.12860228797,1526.1366022975346,1488.512630894258,1492.84619140625,10851259,0.0,0.0,INFY.NS,6097259724800,21.644407,2.96,1923.7,1307.0
2025-07-28 00:00:00+05:30,1491.0734115180542,1496.392014262957,1460.14683725966,1493.1417236328125,6439855,0.0,0.0,INFY.NS,6097259724800,21.644407,2.96,1923.7,1307.0
2025-07-29 00:00:00+05:30,1490.0884773327002,1494.3235696797126,1473.5417400906863,1490.8763427734375,7070448,0.0,0.0,INFY.NS,6097259724800,21.644407,2.96,1923.7,1307.0
2025-07-30 00:00:00+05:30,1496.9830114866083,1498.7557989957106,1483.2925712781332,1496.0965576171875,5719051,0.0,0.0,INFY.NS,6097259724800,21.644407,2.96,1923.7,1307.0
2025-07-31 00:00:00+05:30,1486.936711768862,1504.0743788045277,1474.428250322285,1486.247314453125,6851407,0.0,0.0,INFY.NS,6097259724800,21.644407,2.96,1923.7,1307.0
2025-08-01 00:00:00+05:30,1471.3749358302919,1476.1024890867666,1443.4031282013243,1447.4412841796875,8702978,0.0,0.0,INFY.NS,6097259724800,21.644407,2.96,1923.7,1307.0
2025-08-04 00:00:00+05:30,1439.4634841975633,1460.4423706154291,1429.1218033326475,1458.177001953125,8610216,0.0,0.0,INFY.NS,6097259724800,21.644407,2.96,1923.7,1307.0
2025-08-05 00:00:00+05:30,1456.4040844682859,1456.4040844682859,1433.0614816224124,1438.2816162109375,10213323,0.0,0.0,INFY.NS,6097259724800,21.644407,2.96,1923.7,1307.0
2025-08-06 00:00:00+05:30,1430.1067078263497,1434.14486387826,1408.7339490588547,1415.037353515625,10566934,0.0,0.0,INFY.NS,6097259724800,21.644407,2.96,1923.7,1307.0
2025-08-07 00:00:00+05:30,1408.4383894942564,1420.2574529025999,1392.876574581379,1415.234375,9892020,0.0,0.0,INFY.NS,6097259724800,21.644407,2.96,1923.7,1307.0
2025-08-08 00:00:00+05:30,1403.5138318764698,1411.590144080286,1395.7329241309972,1401.6424560546875,10048009,0.0,0.0,INFY.NS,6097259724800,21.644407,2.96,1923.7,1307.0
2025-08-11 00:00:00+05:30,1398.4907470266712,1411.7871937906966,1392.6796832838538,1406.66552734375,6625368,0.0,0.0,INFY.NS,6097259724800,21.644407,2.96,1923.7,1307.0
2025-08-12 00:00:00+05:30,1406.6655976905836,1419.2726477892124,1399.5742071536924,1402.62744140625,9899184,0.0,0.0,INFY.NS,6097259724800,21.644407,2.96,1923.7,1307.0
2025-08-13 00:00:00+05:30,1403.5138705026145,1412.3781686321047,1400.953097311154,1405.0897216796875,10318063,0.0,0.0,INFY.NS,6097259724800,21.644407,2.96,1923.7,1307.0
2025-08-14 00:00:00+05:30,1404.6956380205245,1447.835267553816,1404.6956380205245,1425.8714599609375,12902347,0.0,0.0,INFY.NS,6097259724800,21.644407,2.96,1923.7,1307.0
2025-08-18 00:00:00+05:30,1442.6151494914589,1442.6151494914589,1408.0444126749926,1414.1510009765625,7254561,0.0,0.0,INFY.NS,6097259724800,21.644407,2.96,1923.7,1307.0
2025-08-19 00:00:00+05:30,1411.0977408332749,1427.5460108318366,1411.0977408332749,1418.2877197265625,3986094,0.0,0.0,INFY.NS,6097259724800,21.644407,2.96,1923.7,1307.0
2025-08-20 00:00:00+05:30,1418.9770874002822,1476.3980885005715,1418.9770874002822,1473.6402587890625,10413061,0.0,0.0,INFY.NS,6097259724800,21.644407,2.96,1923.7,1307.0
2025-08-21 00:00:00+05:30,1485.262351237006,1485.262351237006,1461.9197483180794,1473.8372802734375,6565539,0.0,0.0,INFY.NS,6097259724800,21.644407,2.96,1923.7,1307.0
2025-08-22 00:00:00+05:30,1475.5115598317454,1481.6181481033814,1463.6924963469764,1465.0714111328125,5543397,0.0,0.0,INFY.NS,6097259724800,21.644407,2.96,1923.7,1307.0
2025-08-25 00:00:00+05:30,1483.981859694785,1515.7948868943363,1483.981859694785,1508.9989013671875,10694531,0.0,0.0,INFY.NS,6097259724800,21.644407,2.96,1923.7,1307.0
2025-08-26 00:00:00+05:30,1500.03616013844,1515.2039825206518,1495.7024794249892,1506.53662109375,15994798,0.0,0.0,INFY.NS,6097259724800,21.644407,2.96,1923.7,1307.0
2025-08-28 00:00:00+05:30,1506.5366438633127,1506.5366438633127,1475.413133190423,1477.4814453125,5443364,0.0,0.0,INFY.NS,6097259724800,21.644407,2.96,1923.7,1307.0
2025-08-29 00:00:00+05:30,1479.254311487481,1479.254311487481,1445.5699084151588,1447.4412841796875,8169075,0.0,0.0,INFY.NS,6097259724800,21.644407,2.96,1923.7,1307.0
2025-09-01 00:00:00+05:30,1454.4343120627393,1480.7318023736236,1453.941851048263,1476.7921142578125,4546057,0.0,0.0,INFY.NS,6097259724800,21.644407,2.96,1923.7,1307.0
2025-09-02 00:00:00+05:30,1476.7920565936874,1489.9900353122632,1463.8896025641538,1476.1025390625,5218763,0.0,0.0,INFY.NS,6097259724800,21.644407,2.96,1923.7,1307.0
2025-09-03 00:00:00+05:30,1477.3829894013984,1479.2543652339205,1450.7900955921732,1456.798095703125,4623483,0.0,0.0,INFY.NS,6097259724800,21.644407,2.96,1923.7,1307.0
2025-09-04 00:00:00+05:30,1461.6242804276317,1461.6242804276317,1438.0846200594328,1440.94091796875,5787724,0.0,0.0,INFY.NS,6097259724800,21.644407,2.96,1923.7,1307.0
2025-09-05 00:00:00+05:30,1447.835279098319,1450.4945202945664,1411.3931666312185,1422.8182373046875,5466487,0.0,0.0,INFY.NS,6097259724800,21.644407,2.96,1923.7,1307.0
2025-09-08 00:00:00+05:30,1429.1218644887508,1436.0163186937275,1406.7641825159365,1411.2947998046875,3811567,0.0,0.0,INFY.NS,6097259724800,21.644407,2.96,1923.7,1307.0
2025-09-09 00:00:00+05:30,1458.6694341238242,1484.474341584966,1450.297597398603,1481.6181640625,13072640,0.0,0.0,INFY.NS,6097259724800,21.644407,2.96,1923.7,1307.0
2025-09-10 00:00:00+05:30,1487.330709756259,1511.756823802922,1486.5428442826578,1509.491455078125,7281071,0.0,0.0,INFY.NS,6097259724800,21.644407,2.96,1923.7,1307.0
2025-09-11 00:00:00+05:30,1500.922609577238,1504.4683046125388,1483.7849433052634,1486.9366455078125,8003662,0.0,0.0,INFY.NS,6097259724800,21.644407,2.96,1923.7,1307.0
2025-09-12 00:00:00+05:30,1513.8250582606502,1519.6361218926327,1498.1647749913177,1502.596923828125,12856963,0.0,0.0,INFY.NS,6097259724800,21.644407,2.96,1923.7,1307.0
2025-09-15 00:00:00+05:30,1502.5969824151846,1504.4683582651935,1478.5648615170796,1485.6563720703125,6167414,0.0,0.0,INFY.NS,6097259724800,21.644407,2.96,1923.7,1307.0
2025-09-16 00:00:00+05:30,1485.656397411633,1491.1719366717366,1480.8302554728903,1488.5126953125,8923112,0.0,0.0,INFY.NS,6097259724800,21.644407,2.96,1923.7,1307.0
2025-09-17 00:00:00+05:30,1494.028241371192,1503.680405062861,1491.1719434573272,1499.4453125,4795698,0.0,0.0,INFY.NS,6097259724800,21.644407,2.96,1923.7,1307.0
2025-09-18 00:00:00+05:30,1526.6291407021617,1531.5537508334592,1515.302537400178,1517.370849609375,9331945,0.0,0.0,INFY.NS,6097259724800,21.644407,2.96,1923.7,1307.0
2025-09-19 00:00:00+05:30,1521.3104874589542,1527.9095369547413,1497.179898612735,1516.976806640625,12988129,0.0,0.0,INFY.NS,6097259724800,21.644407,2.96,1923.7,1307.0
2025-09-22 00:00:00+05:30,1460.3437656419162,1491.8612688721596,1459.6543683506482,1476.8905029296875,15655204,0.0,0.0,INFY.NS,6097259724800,21.644407,2.96,1923.7,1307.0
2025-09-23 00:00:00+05:30,1470.4885054191882,1490.186944875574,1470.4885054191882,1474.920654296875,9832164,0.0,0.0,INFY.NS,6097259724800,21.644407,2.96,1923.7,1307.0
2025-09-24 00:00:00+05:30,1464.7758845360097,1474.1326431158677,1460.3437357350242,1472.0643310546875,4937004,0.0,0.0,INFY.NS,6097259724800,21.644407,2.96,1923.7,1307.0
2025-09-25 00:00:00+05:30,1466.5488557470633,1480.04223903444,1454.2373307659764,1462.4122314453125,9491867,0.0,0.0,INFY.NS,6097259724800,21.644407,2.96,1923.7,1307.0
2025-09-26 00:00:00+05:30,1452.7599061754568,1456.404069373631,1419.4694954878144,1427.053466796875,8597058,0.0,0.0,INFY.NS,6097259724800,21.644407,2.96,1923.7,1307.0
2025-09-29 00:00:00+05:30,1437.9860786678707,1442.9106885263222,1414.8404123331482,1420.060546875,10513117,0.0,0.0,INFY.NS,6097259724800,21.644407,2.96,1923.7,1307.0
2025-09-30 00:00:00+05:30,1421.2424051491353,1430.303639196793,1416.416263441906,1420.060546875,7556305,0.0,0.0,INFY.NS,6097259724800,21.644407,2.96,1923.7,1307.0
2025-10-01 00:00:00+05:30,1424.197180444367,1427.6444073679875,1405.877655696216,1424.000244140625,6250692,0.0,0.0,INFY.NS,6097259724800,21.644407,2.96,1923.7,1307.0
2025-10-03 00:00:00+05:30,1417.3027030735375,1426.4625254104503,1411.5901076030302,1424.7880859375,6877533,0.0,0.0,INFY.NS,6097259724800,21.644407,2.96,1923.7,1307.0
2025-10-06 00:00:00+05:30,1424.7881421800753,1456.5027027407555,1420.5530497148675,1453.744873046875,4630590,0.0,0.0,INFY.NS,6097259724800,21.644407,2.96,1923.7,1307.0
2025-10-07 00:00:00+05:30,1455.4191203786977,1460.5407866669368,1432.0765182081868,1436.5086669921875,5570320,0.0,0.0,INFY.NS,6097259724800,21.644407,2.96,1923.7,1307.0
2025-10-08 00:00:00+05:30,1435.0313384295307,1475.4131399913774,1433.061494450904,1472.4583740234375,4657192,0.0,0.0,INFY.NS,6097259724800,21.644407,2.96,1923.7,1307.0
2025-10-09 00:00:00+05:30,1479.352867871771,1491.171932062491,1464.5790376333712,1486.5428466796875,7028753,0.0,0.0,INFY.NS,6097259724800,21.644407,2.96,1923.7,1307.0
2025-10-10 00:00:00+05:30,1487.2322078030077,1498.755747016607,1476.2011295853695,1492.058349609375,3738353,0.0,0.0,INFY.NS,6097259724800,21.644407,2.96,1923.7,1307.0
2025-10-13 00:00:00+05:30,1474.4281763502415,1482.0120273618204,1461.0332617199265,1470.6854248046875,5859355,0.0,0.0,INFY.NS,6097259724800,21.644407,2.96,1923.7,1307.0
2025-10-14 00:00:00+05:30,1476.3980688327763,1491.5658915845438,1464.0865439092208,1467.435302734375,5600789,0.0,0.0,INFY.NS,6097259724800,21.644407,2.96,1923.7,1307.0
2025-10-15 00:00:00+05:30,1461.5258266826634,1466.1549121391147,1445.373081319078,1452.1690673828125,6986098,0.0,0.0,INFY.NS,6097259724800,21.644407,2.96,1923.7,1307.0
2025-10-16 00:00:00+05:30,1451.6765810210527,1452.267510183725,1438.478601982591,1449.312744140625,8005748,0.0,0.0,INFY.NS,6097259724800,21.644407,2.96,1923.7,1307.0
2025-10-17 00:00:00+05:30,1432.9630656678505,1436.410292725158,1412.3781714796953,1419.37109375,16959378,0.0,0.0,INFY.NS,6097259724800,21.644407,2.96,1923.7,1307.0
2025-10-20 00:00:00+05:30,1431.781048131079,1444.8805586841174,1428.136884861602,1438.87255859375,6994246,0.0,0.0,INFY.NS,6097259724800,21.644407,2.96,1923.7,1307.0
2025-10-21 00:00:00+05:30,1455.7147580634262,1463.5941342911037,1447.8353818357486,1450.19921875,1698704,0.0,0.0,INFY.NS,6097259724800,21.644407,2.96,1923.7,1307.0
2025-10-23 00:00:00+05:30,1487.2321904325627,1522.6893817276436,1483.292502510887,1505.4532470703125,20358624,0.0,0.0,INFY.NS,6097259724800,21.644407,2.96,1923.7,1307.0
2025-10-24 00:00:00+05:30,1516.2874003977408,1519.7346273554492,1495.111577657532,1502.4000244140625,8652257,0.0,0.0,INFY.NS,6097259724800,21.644407,2.96,1923.7,1307.0
2025-10-27 00:00:00+05:30,1510.0,1515.300048828125,1498.0999755859375,1504.5,7273211,23.0,0.0,INFY.NS,6097259724800,21.644407,2.96,1923.7,1307.0
2025-10-28 00:00:00+05:30,1499.699951171875,1506.5,1490.5,1500.199951171875,8211019,0.0,0.0,INFY.NS,6097259724800,21.644407,2.96,1923.7,1307.0
2025-10-29 00:00:00+05:30,1500.199951171875,1520.199951171875,1496.9000244140625,1510.4000244140625,4884976,0.0,0.0,INFY.NS,6097259724800,21.644407,2.96,1923.7,1307.0
2025-10-30 00:00:00+05:30,1507.0,1508.199951171875,1489.0999755859375,1493.800048828125,5608867,0.0,0.0,INFY.NS,6097259724800,21.644407,2.96,1923.7,1307.0
2025-10-31 00:00:00+05:30,1490.0,1497.0999755859375,1480.699951171875,1482.300048828125,4819814,0.0,0.0,INFY.NS,6097259724800,21.644407,2.96,1923.7,1307.0
2025-11-03 00:00:00+05:30,1482.300048828125,1491.4000244140625,1474.199951171875,1485.5,5470600,0.0,0.0,INFY.NS,6097259724800,21.644407,2.96,1923.7,1307.0
2025-11-04 00:00:00+05:30,1479.699951171875,1481.9000244140625,1462.9000244140625,1467.9000244140625,8691330,0.0,0.0,INFY.NS,6097259724800,21.644407,2.96,1923.7,1307.0
2025-11-06 00:00:00+05:30,1478.5999755859375,1483.0,1461.9000244140625,1466.699951171875,7944752,0.0,0.0,INFY.NS,6097259724800,21.644407,2.96,1923.7,1307.0
2025-11-07 00:00:00+05:30,1470.0,1480.9000244140625,1449.0999755859375,1476.800048828125,8765759,0.0,0.0,INFY.NS,6097259724800,21.644407,2.96,1923.7,1307.0
2025-11-10 00:00:00+05:30,1490.0999755859375,1520.0,1490.0,1513.5,9787975,0.0,0.0,INFY.NS,6097259724800,21.644407,2.96,1923.7,1307.0
2025-11-11 00:00:00+05:30,1525.0,1533.4000244140625,1511.0999755859375,1530.300048828125,13692989,0.0,0.0,INFY.NS,6097259724800,21.644407,2.96,1923.7,1307.0
2025-11-12 00:00:00+05:30,1540.0,1559.199951171875,1538.0999755859375,1551.699951171875,14635417,0.0,0.0,INFY.NS,6097259724800,21.644407,2.96,1923.7,1307.0
2025-11-13 00:00:00+05:30,1557.0999755859375,1557.5,1530.300048828125,1541.800048828125,19655689,0.0,0.0,INFY.NS,6097259724800,21.644407,2.96,1923.7,1307.0
2025-11-14 00:00:00+05:30,1520.0,1530.0,1488.800048828125,1502.800048828125,9739549,0.0,0.0,INFY.NS,6097259724800,21.644407,2.96,1923.7,1307.0
2025-11-17 00:00:00+05:30,1496.0,1510.199951171875,1492.5,1507.5999755859375,7910354,0.0,0.0,INFY.NS,6097259724800,21.644407,2.96,1923.7,1307.0
2025-11-18 00:00:00+05:30,1506.0,1506.0,1483.199951171875,1486.4000244140625,7525119,0.0,0.0,INFY.NS,6097259724800,21.644407,2.96,1923.7,1307.0
2025-11-19 00:00:00+05:30,1490.5,1543.0,1490.5,1541.0999755859375,10981126,0.0,0.0,INFY.NS,6097259724800,21.644407,2.96,1923.7,1307.0
2025-11-20 00:00:00+05:30,1555.0,1555.0,1534.0,1536.5,7387584,0.0,0.0,INFY.NS,6097259724800,21.644407,2.96,1923.7,1307.0
2025-11-21 00:00:00+05:30,1531.0,1551.5,1526.300048828125,1545.0,9186302,0.0,0.0,INFY.NS,6097259724800,21.644407,2.96,1923.7,1307.0
2025-11-24 00:00:00+05:30,1563.5999755859375,1585.0,1541.0,1548.0,19270381,0.0,0.0,INFY.NS,6097259724800,21.644407,2.96,1923.7,1307.0
2025-11-25 00:00:00+05:30,1549.0,1550.5999755859375,1525.9000244140625,1530.5999755859375,8107952,0.0,0.0,INFY.NS,6097259724800,21.644407,2.96,1923.7,1307.0
2025-11-26 00:00:00+05:30,1532.0999755859375,1560.300048828125,1532.0999755859375,1557.9000244140625,7575038,0.0,0.0,INFY.NS,6097259724800,21.644407,2.96,1923.7,1307.0
2025-11-27 00:00:00+05:30,1564.0,1574.300048828125,1552.199951171875,1566.4000244140625,7552252,0.0,0.0,INFY.NS,6097259724800,21.644407,2.96,1923.7,1307.0
2025-11-28 00:00:00+05:30,1565.0,1568.4000244140625,1557.0,1560.0999755859375,4453221,0.0,0.0,INFY.NS,6097259724800,21.644407,2.96,1923.7,1307.0
2025-12-01 00:00:00+05:30,1562.5,1574.0,1556.0,1564.0,5341800,0.0,0.0,INFY.NS,6097259724800,21.644407,2.96,1923.7,1307.0
2025-12-02 00:00:00+05:30,1567.0,1579.9000244140625,1556.0999755859375,1561.0,6335969,0.0,0.0,INFY.NS,6097259724800,21.644407,2.96,1923.7,1307.0
2025-12-03 00:00:00+05:30,1555.0999755859375,1586.0,1554.0999755859375,1578.699951171875,12895312,0.0,0.0,INFY.NS,6097259724800,21.644407,2.96,1923.7,1307.0
2025-12-04 00:00:00+05:30,1568.0,1599.0,1568.0,1597.5999755859375,12609619,0.0,0.0,INFY.NS,6097259724800,21.644407,2.96,1923.7,1307.0
2025-12-05 00:00:00+05:30,1610.0,1631.800048828125,1600.0,1616.199951171875,10344725,0.0,0.0,INFY.NS,6097259724800,21.644407,2.96,1923.7,1307.0
2025-12-08 00:00:00+05:30,1617.0999755859375,1630.0,1600.199951171875,1610.800048828125,7550413,0.0,0.0,INFY.NS,6097259724800,21.644407,2.96,1923.7,1307.0
2025-12-09 00:00:00+05:30,1601.199951171875,1606.9000244140625,1582.4000244140625,1599.0,6957599,0.0,0.0,INFY.NS,6097259724800,21.644407,2.96,1923.7,1307.0
2025-12-10 00:00:00+05:30,1608.0,1608.0,1582.800048828125,1584.800048828125,5116140,0.0,0.0,INFY.NS,6097259724800,21.644407,2.96,1923.7,1307.0
2025-12-11 00:00:00+05:30,1598.0,1607.4000244140625,1580.5,1598.0,5159319,0.0,0.0,INFY.NS,6097259724800,21.644407,2.96,1923.7,1307.0
2025-12-12 00:00:00+05:30,1601.4000244140625,1601.800048828125,1582.5999755859375,1598.199951171875,4633912,0.0,0.0,INFY.NS,6097259724800,21.644407,2.96,1923.7,1307.0
2025-12-15 00:00:00+05:30,1585.0,1610.800048828125,1585.0,1606.800048828125,4190558,0.0,0.0,INFY.NS,6097259724800,21.644407,2.96,1923.7,1307.0
2025-12-16 00:00:00+05:30,1600.0,1603.0,1585.5999755859375,1592.9000244140625,5499258,0.0,0.0,INFY.NS,6097259724800,21.644407,2.96,1923.7,1307.0
2025-12-17 00:00:00+05:30,1587.199951171875,1606.9000244140625,1586.0,1602.0,4817628,0.0,0.0,INFY.NS,6097259724800,21.644407,2.96,1923.7,1307.0
2025-12-18 00:00:00+05:30,1610.5,1630.0,1606.699951171875,1626.800048828125,6577293,0.0,0.0,INFY.NS,6097259724800,21.644407,2.96,1923.7,1307.0
2025-12-19 00:00:00+05:30,1650.0,1654.9000244140625,1629.800048828125,1638.699951171875,13149023,0.0,0.0,INFY.NS,6097259724800,21.644407,2.96,1923.7,1307.0
2025-12-22 00:00:00+05:30,1664.0,1693.199951171875,1664.0,1689.5999755859375,23098923,0.0,0.0,INFY.NS,6097259724800,21.644407,2.96,1923.7,1307.0
2025-12-23 00:00:00+05:30,1679.0,1679.0,1656.4000244140625,1668.300048828125,6593060,0.0,0.0,INFY.NS,6097259724800,21.644407,2.96,1923.7,1307.0
2025-12-24 00:00:00+05:30,1661.0,1667.5999755859375,1652.5,1663.4000244140625,4271167,0.0,0.0,INFY.NS,6097259724800,21.644407,2.96,1923.7,1307.0
2025-12-26 00:00:00+05:30,1663.4000244140625,1668.800048828125,1651.699951171875,1656.0999755859375,2006491,0.0,0.0,INFY.NS,6097259724800,21.644407,2.96,1923.7,1307.0
2025-12-29 00:00:00+05:30,1658.0,1673.0999755859375,1637.0999755859375,1644.699951171875,4062817,0.0,0.0,INFY.NS,6097259724800,21.644407,2.96,1923.7,1307.0
2025-12-30 00:00:00+05:30,1647.0,1647.9000244140625,1616.800048828125,1621.5999755859375,9395937,0.0,0.0,INFY.NS,6097259724800,21.644407,2.96,1923.7,1307.0
2025-12-31 00:00:00+05:30,1621.0,1628.5999755859375,1609.199951171875,1615.4000244140625,6538656,0.0,0.0,INFY.NS,6097259724800,21.644407,2.96,1923.7,1307.0
2026-01-01 00:00:00+05:30,1615.4000244140625,1639.5999755859375,1614.0999755859375,1629.800048828125,3658165,0.0,0.0,INFY.NS,6097259724800,21.644407,2.96,1923.7,1307.0
2026-01-02 00:00:00+05:30,1635.9000244140625,1643.5,1627.5,1640.4000244140625,2524526,0.0,0.0,INFY.NS,6097259724800,21.644407,2.96,1923.7,1307.0
2026-01-05 00:00:00+05:30,1637.0,1637.0,1583.0999755859375,1606.4000244140625,5917885,0.0,0.0,INFY.NS,6097259724800,21.644407,2.96,1923.7,1307.0
2026-01-06 00:00:00+05:30,1600.0999755859375,1619.9000244140625,1599.0,1612.199951171875,4466729,0.0,0.0,INFY.NS,6097259724800,21.644407,2.96,1923.7,1307.0
2026-01-07 00:00:00+05:30,1615.0,1642.0,1615.0,1639.0,4508079,0.0,0.0,INFY.NS,6097259724800,21.644407,2.96,1923.7,1307.0
2026-01-08 00:00:00+05:30,1638.9000244140625,1644.300048828125,1608.5999755859375,1613.300048828125,3942131,0.0,0.0,INFY.NS,6097259724800,21.644407,2.96,1923.7,1307.0
2026-01-09 00:00:00+05:30,1610.0,1631.300048828125,1607.0,1614.0999755859375,6816681,0.0,0.0,INFY.NS,6097259724800,21.644407,2.96,1923.7,1307.0
2026-01-12 00:00:00+05:30,1610.0999755859375,1613.300048828125,1592.5999755859375,1595.9000244140625,6985362,0.0,0.0,INFY.NS,6097259724800,21.644407,2.96,1923.7,1307.0
2026-01-13 00:00:00+05:30,1618.0,1618.0,1586.4000244140625,1599.0,8080618,0.0,0.0,INFY.NS,6097259724800,21.644407,2.96,1923.7,1307.0
2026-01-14 00:00:00+05:30,1588.0,1617.0,1583.0999755859375,1599.800048828125,7557157,0.0,0.0,INFY.NS,6097259724800,21.644407,2.96,1923.7,1307.0
2026-01-15 00:00:00+05:30,1599.800048828125,1599.800048828125,1599.800048828125,1599.800048828125,0,0.0,0.0,INFY.NS,6097259724800,21.644407,2.96,1923.7,1307.0
2026-01-16 00:00:00+05:30,1663.699951171875,1694.0,1653.4000244140625,1689.800048828125,19335957,0.0,0.0,INFY.NS,6097259724800,21.644407,2.96,1923.7,1307.0
2026-01-19 00:00:00+05:30,1685.0,1685.0,1666.5,1681.199951171875,5104958,0.0,0.0,INFY.NS,6097259724800,21.644407,2.96,1923.7,1307.0
2026-01-20 00:00:00+05:30,1673.0,1680.199951171875,1652.9000244140625,1658.9000244140625,6406503,0.0,0.0,INFY.NS,6097259724800,21.644407,2.96,1923.7,1307.0
2026-01-21 00:00:00+05:30,1651.0,1657.0,1631.199951171875,1654.4000244140625,6224582,0.0,0.0,INFY.NS,6097259724800,21.644407,2.96,1923.7,1307.0
2026-01-22 00:00:00+05:30,1666.0,1671.199951171875,1653.800048828125,1663.5,6228892,0.0,0.0,INFY.NS,6097259724800,21.644407,2.96,1923.7,1307.0
2026-01-23 00:00:00+05:30,1667.199951171875,1675.699951171875,1662.199951171875,1670.800048828125,5869137,0.0,0.0,INFY.NS,6097259724800,21.644407,2.96,1923.7,1307.0
2026-01-27 00:00:00+05:30,1685.800048828125,1689.4000244140625,1661.0999755859375,1682.699951171875,10673087,0.0,0.0,INFY.NS,6097259724800,21.644407,2.96,1923.7,1307.0
2026-01-28 00:00:00+05:30,1680.0,1688.800048828125,1650.0,1666.5,8588664,0.0,0.0,INFY.NS,6097259724800,21.644407,2.96,1923.7,1307.0
2026-01-29 00:00:00+05:30,1658.0,1666.5,1642.0999755859375,1659.5,4749582,0.0,0.0,INFY.NS,6097259724800,21.644407,2.96,1923.7,1307.0
2026-01-30 00:00:00+05:30,1655.0,1655.0,1618.0999755859375,1641.0,9207926,0.0,0.0,INFY.NS,6097259724800,21.644407,2.96,1923.7,1307.0
2026-02-02 00:00:00+05:30,1662.0,1662.0,1618.0,1629.4000244140625,6784887,0.0,0.0,INFY.NS,6097259724800,21.644407,2.96,1923.7,1307.0
2026-02-03 00:00:00+05:30,1727.199951171875,1728.0,1653.0,1656.0,8805868,0.0,0.0,INFY.NS,6097259724800,21.644407,2.96,1923.7,1307.0
2026-02-04 00:00:00+05:30,1574.0,1584.9000244140625,1510.0999755859375,1535.800048828125,28828622,0.0,0.0,INFY.NS,6097259724800,21.644407,2.96,1923.7,1307.0
2026-02-05 00:00:00+05:30,1534.0,1551.0,1515.699951171875,1520.199951171875,10628127,0.0,0.0,INFY.NS,6097259724800,21.644407,2.96,1923.7,1307.0
2026-02-06 00:00:00+05:30,1522.0999755859375,1525.0,1480.0,1507.0999755859375,13899913,0.0,0.0,INFY.NS,6097259724800,21.644407,2.96,1923.7,1307.0
2024-02-06 00:00:00+05:30,703.5286059562596,705.5483042801744,697.2259898811583,702.8228759765625,41075740,0.0,0.0,HDFCBANK.NS,14481660837888,20.992638,1.16,1020.5,830.55
2024-02-07 00:00:00+05:30,707.1543478186637,707.5437201567751,694.330191039234,695.9362182617188,54837086,0.0,0.0,HDFCBANK.NS,14481660837888,20.992638,1.16,1020.5,830.55
2024-02-08 00:00:00+05:30,695.8875630019661,700.3163911601653,681.6033490400813,682.8444213867188,69106124,0.0,0.0,HDFCBANK.NS,14481660837888,20.992638,1.16,1020.5,830.55
2024-02-09 00:00:00+05:30,677.5395328507874,688.2709172654594,675.033089526087,683.112060546875,56642124,0.0,0.0,HDFCBANK.NS,14481660837888,20.992638,1.16,1020.5,830.55
2024-02-12 00:00:00+05:30,681.1897546934406,688.0033555217624,673.2567528222265,676.4932250976562,34447812,0.0,0.0,HDFCBANK.NS,14481660837888,20.992638,1.16,1020.5,830.55
2024-02-13 00:00:00+05:30,677.4421602188512,683.4770749934498,673.7433606505093,678.6588745117188,57580994,0.0,0.0,HDFCBANK.NS,14481660837888,20.992638,1.16,1020.5,830.55
2024-02-14 00:00:00+05:30,669.6796288773342,677.2232584177402,663.6204147201233,673.5974731445312,91320810,0.0,0.0,HDFCBANK.NS,14481660837888,20.992638,1.16,1020.5,830.55
2024-02-15 00:00:00+05:30,674.0597534612269,688.903668609651,673.7433958465795,688.197998046875,41584944,0.0,0.0,HDFCBANK.NS,14481660837888,20.992638,1.16,1020.5,830.55
2024-02-16 00:00:00+05:30,692.9918479710976,694.8412181662663,685.4725175238648,691.0451049804688,32175742,0.0,0.0,HDFCBANK.NS,14481660837888,20.992638,1.16,1020.5,830.55
2024-02-19 00:00:00+05:30,695.4739454261017,695.4739454261017,688.7576582283627,689.682373046875,34451756,0.0,0.0,HDFCBANK.NS,14481660837888,20.992638,1.16,1020.5,830.55
2024-02-20 00:00:00+05:30,688.660276266856,709.22274741334,687.1029057664576,707.7870483398438,56133508,0.0,0.0,HDFCBANK.NS,14481660837888,20.992638,1.16,1020.5,830.55
2024-02-21 00:00:00+05:30,712.507885437546,712.507885437546,698.3939997287421,700.4137573242188,45893136,0.0,0.0,HDFCBANK.NS,14481660837888,20.992638,1.16,1020.5,830.55
2024-02-22 00:00:00+05:30,689.9987587340186,695.3766603212918,687.2976289140083,690.8748168945312,50560882,0.0,0.0,HDFCBANK.NS,14481660837888,20.992638,1.16,1020.5,830.55
2024-02-23 00:00:00+05:30,692.334815015207,697.85868621692,690.1203711604371,691.3857421875,29833452,0.0,0.0,HDFCBANK.NS,14481660837888,20.992638,1.16,1020.5,830.55
2024-02-26 00:00:00+05:30,687.9546346452112,698.3210050066913,687.9546346452112,692.213134765625,23506870,0.0,0.0,HDFCBANK.NS,14481660837888,20.992638,1.16,1020.5,830.55
2024-02-27 00:00:00+05:30,687.9546948776648,694.3545652339111,687.7113519923358,691.1668090820312,32087150,0.0,0.0,HDFCBANK.NS,14481660837888,20.992638,1.16,1020.5,830.55
2024-02-28 00:00:00+05:30,691.1667470533215,693.1377886016653,683.3067606806109,685.9348754882812,25321986,0.0,0.0,HDFCBANK.NS,14481660837888,20.992638,1.16,1020.5,830.55
2024-02-29 00:00:00+05:30,682.3819943114798,686.4215093038766,680.0459386445675,683.0147094726562,53295700,0.0,0.0,HDFCBANK.NS,14481660837888,20.992638,1.16,1020.5,830.55
2024-03-01 00:00:00+05:30,681.360036052442,697.2989940386686,681.360036052442,696.3256225585938,34738898,0.0,0.0,HDFCBANK.NS,14481660837888,20.992638,1.16,1020.5,830.55
2024-03-04 00:00:00+05:30,696.4228971703204,699.3673694975699,693.1864847071581,697.2745971679688,35616474,0.0,0.0,HDFCBANK.NS,14481660837888,20.992638,1.16,1020.5,830.55
2024-03-05 00:00:00+05:30,692.0671354112525,702.2875361451739,691.8968072809968,701.2411499023438,37991672,0.0,0.0,HDFCBANK.NS,14481660837888,20.992638,1.16,1020.5,830.55
2024-03-06 00:00:00+05:30,697.6883641851937,707.0813632922424,697.6883641851937,702.0928344726562,42409530,0.0,0.0,HDFCBANK.NS,14481660837888,20.992638,1.16,1020.5,830.55
2024-03-07 00:00:00+05:30,703.5042650748312,706.205394802925,701.5088653436588,703.7962646484375,49348046,0.0,0.0,HDFCBANK.NS,14481660837888,20.992638,1.16,1020.5,830.55
2024-03-11 00:00:00+05:30,695.9605773947812,703.7231908402335,692.553777365576,694.889892578125,50531094,0.0,0.0,HDFCBANK.NS,14481660837888,20.992638,1.16,1020.5,830.55
2024-03-12 00:00:00+05:30,697.9073192338245,712.5078907659129,695.5955620745772,710.3421630859375,65418454,0.0,0.0,HDFCBANK.NS,14481660837888,20.992638,1.16,1020.5,830.55
2024-03-13 00:00:00+05:30,713.2379447418698,716.2067158438075,705.7429725398497,710.755859375,63067454,0.0,0.0,HDFCBANK.NS,14481660837888,20.992638,1.16,1020.5,830.55
2024-03-14 00:00:00+05:30,711.5832127948388,713.4812990740788,702.9202422173576,708.3467407226562,52432158,0.0,0.0,HDFCBANK.NS,14481660837888,20.992638,1.16,1020.5,830.55
2024-03-15 00:00:00+05:30,705.6943406988961,710.2205419583659,701.9225261192986,706.9840698242188,143613804,0.0,0.0,HDFCBANK.NS,14481660837888,20.992638,1.16,1020.5,830.55
2024-03-18 00:00:00+05:30,704.2342392927528,708.6144107880084,698.7833829737194,703.7719116210938,21437856,0.0,0.0,HDFCBANK.NS,14481660837888,20.992638,1.16,1020.5,830.55
2024-03-19 00:00:00+05:30,698.6374048635253,706.8624060469253,698.6374048635253,705.3779907226562,36183594,0.0,0.0,HDFCBANK.NS,14481660837888,20.992638,1.16,1020.5,830.55
2024-03-20 00:00:00+05:30,705.2320233558721,706.4973944482159,693.3568789456579,696.4716796875,43606094,0.0,0.0,HDFCBANK.NS,14481660837888,20.992638,1.16,1020.5,830.55
2024-03-21 00:00:00+05:30,702.0927826471133,706.3026258563286,700.000069771983,703.6258544921875,28922860,0.0,0.0,HDFCBANK.NS,14481660837888,20.992638,1.16,1020.5,830.55
2024-03-22 00:00:00+05:30,701.3141817980924,706.0593679691759,699.7324530743978,702.2145385742188,45980326,0.0,0.0,HDFCBANK.NS,14481660837888,20.992638,1.16,1020.5,830.55
2024-03-26 00:00:00+05:30,694.5978614753975,699.8297331586394,692.1401341445468,693.7218627929688,56844290,0.0,0.0,HDFCBANK.NS,14481660837888,20.992638,1.16,1020.5,830.55
2024-03-27 00:00:00+05:30,692.8214782766382,704.6965622791422,691.7020773602309,701.1680908203125,62168668,0.0,0.0,HDFCBANK.NS,14481660837888,20.992638,1.16,1020.5,830.55
2024-03-28 00:00:00+05:30,701.1681292352769,710.8045307526719,701.1681292352769,704.6723022460938,55592142,0.0,0.0,HDFCBANK.NS,14481660837888,20.992638,1.16,1020.5,830.55
2024-04-01 00:00:00+05:30,709.5878149173326,717.2774734382766,708.4197572494843,715.67138671875,25199570,0.0,0.0,HDFCBANK.NS,14481660837888,20.992638,1.16,1020.5,830.55
2024-04-02 00:00:00+05:30,713.0676337207477,727.5221766350272,712.1429189199621,720.367919921875,41225446,0.0,0.0,HDFCBANK.NS,14481660837888,20.992638,1.16,1020.5,830.55
2024-04-03 00:00:00+05:30,716.450076374618,727.9115494819865,716.109420115624,721.414306640625,45584386,0.0,0.0,HDFCBANK.NS,14481660837888,20.992638,1.16,1020.5,830.55
2024-04-04 00:00:00+05:30,731.9753490842609,744.62917825726,731.9753490842609,743.4611206054688,88935066,0.0,0.0,HDFCBANK.NS,14481660837888,20.992638,1.16,1020.5,830.55
2024-04-05 00:00:00+05:30,749.0093625181328,756.5529915753328,744.7022055513205,754.1439208984375,59055902,0.0,0.0,HDFCBANK.NS,14481660837888,20.992638,1.16,1020.5,830.55
2024-04-08 00:00:00+05:30,756.7719438017782,757.891344732456,750.2504026191882,752.7081298828125,20482940,0.0,0.0,HDFCBANK.NS,14481660837888,20.992638,1.16,1020.5,830.55
2024-04-09 00:00:00+05:30,756.7233723625303,756.7233723625303,749.64212991684,753.6572875976562,21884494,0.0,0.0,HDFCBANK.NS,14481660837888,20.992638,1.16,1020.5,830.55
2024-04-10 00:00:00+05:30,754.3142814277871,754.3142814277871,746.0649220391629,747.7196655273438,27807400,0.0,0.0,HDFCBANK.NS,14481660837888,20.992638,1.16,1020.5,830.55
2024-04-12 00:00:00+05:30,740.2489501526853,744.5561067183442,736.574449351488,739.251220703125,41084208,0.0,0.0,HDFCBANK.NS,14481660837888,20.992638,1.16,1020.5,830.55
2024-04-15 00:00:00+05:30,728.8362596129997,734.8954733611977,726.1594880212867,727.4491577148438,23415248,0.0,0.0,HDFCBANK.NS,14481660837888,20.992638,1.16,1020.5,830.55
2024-04-16 00:00:00+05:30,723.7016987771374,736.3068713842836,721.3899415012858,734.5304565429688,20744886,0.0,0.0,HDFCBANK.NS,14481660837888,20.992638,1.16,1020.5,830.55
2024-04-18 00:00:00+05:30,734.7981599763604,739.2026303131596,725.6728022773389,727.4491577148438,34234884,0.0,0.0,HDFCBANK.NS,14481660837888,20.992638,1.16,1020.5,830.55
2024-04-19 00:00:00+05:30,723.4827148610226,747.0382572891224,720.4165709168466,745.2619018554688,34576434,0.0,0.0,HDFCBANK.NS,14481660837888,20.992638,1.16,1020.5,830.55
2024-04-22 00:00:00+05:30,757.9643557818745,757.9643557818745,734.0680986992392,735.9661254882812,42298438,0.0,0.0,HDFCBANK.NS,14481660837888,20.992638,1.16,1020.5,830.55
2024-04-23 00:00:00+05:30,742.8284760660457,742.9257894510552,731.6103458842442,733.7274169921875,26827060,0.0,0.0,HDFCBANK.NS,14481660837888,20.992638,1.16,1020.5,830.55
2024-04-24 00:00:00+05:30,737.3288649584306,740.613993564681,734.4331086916868,735.7227783203125,22441580,0.0,0.0,HDFCBANK.NS,14481660837888,20.992638,1.16,1020.5,830.55
2024-04-25 00:00:00+05:30,733.0704121681982,739.616311752735,733.0704121681982,735.260498046875,35445204,0.0,0.0,HDFCBANK.NS,14481660837888,20.992638,1.16,1020.5,830.55
2024-04-26 00:00:00+05:30,739.6650141563123,743.6558134751455,732.729742335618,734.7981567382812,24854694,0.0,0.0,HDFCBANK.NS,14481660837888,20.992638,1.16,1020.5,830.55
2024-04-29 00:00:00+05:30,737.3289207914913,746.7949349875348,733.216449914726,744.3858642578125,36093350,0.0,0.0,HDFCBANK.NS,14481660837888,20.992638,1.16,1020.5,830.55
2024-04-30 00:00:00+05:30,744.2398024289921,749.2526892649995,737.2802320622603,739.8109741210938,52307382,0.0,0.0,HDFCBANK.NS,14481660837888,20.992638,1.16,1020.5,830.55
2024-05-02 00:00:00+05:30,740.7357142083232,748.0360004850149,739.9326708359107,745.7242431640625,33475006,0.0,0.0,HDFCBANK.NS,14481660837888,20.992638,1.16,1020.5,830.55
2024-05-03 00:00:00+05:30,746.2108990812835,749.7880273318675,733.5327119903678,739.567626953125,31865242,0.0,0.0,HDFCBANK.NS,14481660837888,20.992638,1.16,1020.5,830.55
2024-05-06 00:00:00+05:30,740.7357053714223,746.819277196089,738.3752913854279,741.0520629882812,28793396,0.0,0.0,HDFCBANK.NS,14481660837888,20.992638,1.16,1020.5,830.55
2024-05-07 00:00:00+05:30,740.7113274497933,741.7334150168236,732.0483570497901,733.021728515625,28480602,0.0,0.0,HDFCBANK.NS,14481660837888,20.992638,1.16,1020.5,830.55
2024-05-08 00:00:00+05:30,728.0574791574124,728.5441648774708,720.465193806477,721.5845947265625,41687862,0.0,0.0,HDFCBANK.NS,14481660837888,20.992638,1.16,1020.5,830.55
2024-05-09 00:00:00+05:30,717.83709973452,723.5800151607533,703.4069152466064,704.4776000976562,46281278,0.0,0.0,HDFCBANK.NS,14481660837888,20.992638,1.16,1020.5,830.55
2024-05-10 00:00:00+05:30,709.9042861034679,716.2929072582592,703.8856637079383,709.3616333007812,27276608,9.75,0.0,HDFCBANK.NS,14481660837888,20.992638,1.16,1020.5,830.55
2024-05-13 00:00:00+05:30,706.4509373389452,720.1655815796556,705.6122976051453,717.9208984375,27047202,0.0,0.0,HDFCBANK.NS,14481660837888,20.992638,1.16,1020.5,830.55
2024-05-14 00:00:00+05:30,716.4408878596623,722.9775322143812,715.4789152317669,720.7328491210938,25665142,0.0,0.0,HDFCBANK.NS,14481660837888,20.992638,1.16,1020.5,830.55
2024-05-15 00:00:00+05:30,720.1161379403006,720.1161379403006,708.3255604595557,709.6575317382812,38931996,0.0,0.0,HDFCBANK.NS,14481660837888,20.992638,1.16,1020.5,830.55
2024-05-16 00:00:00+05:30,713.3822271543565,721.5221990437014,708.1775543730138,720.3875122070312,34945236,0.0,0.0,HDFCBANK.NS,14481660837888,20.992638,1.16,1020.5,830.55
2024-05-17 00:00:00+05:30,713.4562165510583,724.210870736283,713.4562165510583,722.286865234375,20920190,0.0,0.0,HDFCBANK.NS,14481660837888,20.992638,1.16,1020.5,830.55
2024-05-21 00:00:00+05:30,715.380219686854,725.0495080646152,715.380219686854,719.6722412109375,43769978,0.0,0.0,HDFCBANK.NS,14481660837888,20.992638,1.16,1020.5,830.55
2024-05-22 00:00:00+05:30,719.2035821431577,723.0269026870767,714.4182889056816,719.8695678710938,39996278,0.0,0.0,HDFCBANK.NS,14481660837888,20.992638,1.16,1020.5,830.55
2024-05-23 00:00:00+05:30,719.5982164877166,737.8514873644924,718.808897899437,736.3468017578125,40861920,0.0,0.0,HDFCBANK.NS,14481660837888,20.992638,1.16,1020.5,830.55
2024-05-24 00:00:00+05:30,733.8308016870678,749.814758588212,733.0908042399884,748.4827270507812,31060206,0.0,0.0,HDFCBANK.NS,14481660837888,20.992638,1.16,1020.5,830.55
2024-05-27 00:00:00+05:30,751.5168000055969,762.1974428837648,749.3955099218479,753.6627807617188,29385440,0.0,0.0,HDFCBANK.NS,14481660837888,20.992638,1.16,1020.5,830.55
2024-05-28 00:00:00+05:30,754.8467837037828,757.7821433020647,752.2321619595608,755.0441284179688,27908904,0.0,0.0,HDFCBANK.NS,14481660837888,20.992638,1.16,1020.5,830.55
2024-05-29 00:00:00+05:30,748.8774560751649,751.763434227272,740.6141508121484,744.0921630859375,35147706,0.0,0.0,HDFCBANK.NS,14481660837888,20.992638,1.16,1020.5,830.55
2024-05-30 00:00:00+05:30,739.6027730570852,751.6400771573121,738.8381451452329,747.3234252929688,33755350,0.0,0.0,HDFCBANK.NS,14481660837888,20.992638,1.16,1020.5,830.55
2024-05-31 00:00:00+05:30,749.370736784836,757.7573743920395,746.9040786650703,755.5620727539062,74079588,0.0,0.0,HDFCBANK.NS,14481660837888,20.992638,1.16,1020.5,830.55
2024-06-03 00:00:00+05:30,788.8373406823981,788.8373406823981,764.6640888415991,775.6160278320312,72637256,0.0,0.0,HDFCBANK.NS,14481660837888,20.992638,1.16,1020.5,830.55
2024-06-04 00:00:00+05:30,768.1173430540747,769.1040063078372,717.304185485308,731.684814453125,89531240,0.0,0.0,HDFCBANK.NS,14481660837888,20.992638,1.16,1020.5,830.55
2024-06-05 00:00:00+05:30,737.062160780223,769.4000136473305,731.2901444599279,765.5520629882812,81631650,0.0,0.0,HDFCBANK.NS,14481660837888,20.992638,1.16,1020.5,830.55
2024-06-06 00:00:00+05:30,772.0147015010076,772.2859977724349,762.9867083301413,769.4493408203125,46422870,0.0,0.0,HDFCBANK.NS,14481660837888,20.992638,1.16,1020.5,830.55
2024-06-07 00:00:00+05:30,770.1154063679018,781.6099978301712,765.6754214599775,776.183349609375,36712216,0.0,0.0,HDFCBANK.NS,14481660837888,20.992638,1.16,1020.5,830.55
2024-06-10 00:00:00+05:30,776.5039961939522,779.7846636223554,768.4133453075493,770.2387084960938,22454058,0.0,0.0,HDFCBANK.NS,14481660837888,20.992638,1.16,1020.5,830.55
2024-06-11 00:00:00+05:30,767.6240504407497,775.0240252200629,765.7493660748642,771.9653930664062,29545326,0.0,0.0,HDFCBANK.NS,14481660837888,20.992638,1.16,1020.5,830.55
2024-06-12 00:00:00+05:30,776.9973227739393,783.5586575880445,772.7546827700062,776.5780029296875,39280436,0.0,0.0,HDFCBANK.NS,14481660837888,20.992638,1.16,1020.5,830.55
2024-06-13 00:00:00+05:30,780.3273770852536,782.2760131134276,776.5040566032491,779.8340454101562,24120192,0.0,0.0,HDFCBANK.NS,14481660837888,20.992638,1.16,1020.5,830.55
2024-06-14 00:00:00+05:30,781.4372796414563,788.8372538804852,778.3292663726063,787.80126953125,25540554,0.0,0.0,HDFCBANK.NS,14481660837888,20.992638,1.16,1020.5,830.55
2024-06-18 00:00:00+05:30,787.8013228802739,794.5106212671108,784.1259659599784,793.1786499023438,32415714,0.0,0.0,HDFCBANK.NS,14481660837888,20.992638,1.16,1020.5,830.55
2024-06-19 00:00:00+05:30,795.941305047812,823.8145435842582,791.3039754417663,817.869873046875,90131196,0.0,0.0,HDFCBANK.NS,14481660837888,20.992638,1.16,1020.5,830.55
2024-06-20 00:00:00+05:30,823.7651872236406,829.5124525875813,814.983860042712,823.5431518554688,41408742,0.0,0.0,HDFCBANK.NS,14481660837888,20.992638,1.16,1020.5,830.55
2024-06-21 00:00:00+05:30,825.2697933574087,825.2697933574087,810.6178682451445,821.7671508789062,51630776,0.0,0.0,HDFCBANK.NS,14481660837888,20.992638,1.16,1020.5,830.55
2024-06-24 00:00:00+05:30,812.5172157896385,826.3798229097616,811.9005512360641,825.0478515625,28544994,0.0,0.0,HDFCBANK.NS,14481660837888,20.992638,1.16,1020.5,830.55
2024-06-25 00:00:00+05:30,824.4065232844747,847.025767804676,824.4065232844747,844.2631225585938,74521548,0.0,0.0,HDFCBANK.NS,14481660837888,20.992638,1.16,1020.5,830.55
2024-06-26 00:00:00+05:30,842.5857736709851,844.041138181783,834.2731473521208,839.40380859375,47596666,0.0,0.0,HDFCBANK.NS,14481660837888,20.992638,1.16,1020.5,830.55
2024-06-27 00:00:00+05:30,836.7397746618053,845.0770913433391,832.0531241260426,836.7644653320312,55074650,0.0,0.0,HDFCBANK.NS,14481660837888,20.992638,1.16,1020.5,830.55
2024-06-28 00:00:00+05:30,837.4797542547091,841.9197388781129,828.3037980772367,830.6718139648438,26476046,0.0,0.0,HDFCBANK.NS,14481660837888,20.992638,1.16,1020.5,830.55
2024-07-01 00:00:00+05:30,828.7971921822882,842.2651706437105,828.7971921822882,841.2291259765625,21187024,0.0,0.0,HDFCBANK.NS,14481660837888,20.992638,1.16,1020.5,830.55
2024-07-02 00:00:00+05:30,846.0637432263002,855.8810546817267,840.0204307746837,853.7597045898438,45921690,0.0,0.0,HDFCBANK.NS,14481660837888,20.992638,1.16,1020.5,830.55
2024-07-03 00:00:00+05:30,883.5570176331604,885.0370126375711,870.5577402219837,872.5310668945312,123217802,0.0,0.0,HDFCBANK.NS,14481660837888,20.992638,1.16,1020.5,830.55
2024-07-04 00:00:00+05:30,868.1404005851939,868.1404005851939,850.9231133709549,852.0578002929688,45848658,0.0,0.0,HDFCBANK.NS,14481660837888,20.992638,1.16,1020.5,830.55
2024-07-05 00:00:00+05:30,831.2638253093144,831.2638253093144,810.1492067263514,813.0598754882812,82242548,0.0,0.0,HDFCBANK.NS,14481660837888,20.992638,1.16,1020.5,830.55
2024-07-08 00:00:00+05:30,811.678583484828,816.4391857049037,802.7246020410699,806.7698974609375,39087800,0.0,0.0,HDFCBANK.NS,14481660837888,20.992638,1.16,1020.5,830.55
2024-07-09 00:00:00+05:30,801.6639054458949,812.3691778178521,799.369901303005,807.3372192382812,48550878,0.0,0.0,HDFCBANK.NS,14481660837888,20.992638,1.16,1020.5,830.55
2024-07-10 00:00:00+05:30,804.1059188594888,809.0639261539534,799.5672916548901,802.2066040039062,45507182,0.0,0.0,HDFCBANK.NS,14481660837888,20.992638,1.16,1020.5,830.55
2024-07-11 00:00:00+05:30,801.1458762280633,802.0832183690328,789.8239394111588,800.1345825195312,44177074,0.0,0.0,HDFCBANK.NS,14481660837888,20.992638,1.16,1020.5,830.55
2024-07-12 00:00:00+05:30,800.1839277769812,808.2745787950348,794.8312914757237,800.5292358398438,56049960,0.0,0.0,HDFCBANK.NS,14481660837888,20.992638,1.16,1020.5,830.55
2024-07-15 00:00:00+05:30,800.9239527377698,804.031966294815,796.8292758573642,800.2332763671875,33375694,0.0,0.0,HDFCBANK.NS,14481660837888,20.992638,1.16,1020.5,830.55
2024-07-16 00:00:00+05:30,799.5673062806881,802.6506292263948,797.6186702674619,799.073974609375,28950324,0.0,0.0,HDFCBANK.NS,14481660837888,20.992638,1.16,1020.5,830.55
2024-07-18 00:00:00+05:30,793.2772787604164,801.1458943462288,788.9113057816174,796.6319580078125,33717064,0.0,0.0,HDFCBANK.NS,14481660837888,20.992638,1.16,1020.5,830.55
2024-07-19 00:00:00+05:30,797.2239682199486,800.6772898644657,791.0573224261681,792.9320068359375,26002152,0.0,0.0,HDFCBANK.NS,14481660837888,20.992638,1.16,1020.5,830.55
2024-07-22 00:00:00+05:30,797.7172520784763,814.4905276323838,795.5712715150735,810.3218994140625,53744822,0.0,0.0,HDFCBANK.NS,14481660837888,20.992638,1.16,1020.5,830.55
2024-07-23 00:00:00+05:30,812.7885887086006,812.9119216218081,791.7973027922226,798.407958984375,52002152,0.0,0.0,HDFCBANK.NS,14481660837888,20.992638,1.16,1020.5,830.55
2024-07-24 00:00:00+05:30,793.3513220807449,799.6906218755655,783.4353677463822,791.3286743164062,61728206,0.0,0.0,HDFCBANK.NS,14481660837888,20.992638,1.16,1020.5,830.55
2024-07-25 00:00:00+05:30,785.8773432331659,801.6639565310072,785.8773432331659,797.5199584960938,25535732,0.0,0.0,HDFCBANK.NS,14481660837888,20.992638,1.16,1020.5,830.55
2024-07-26 00:00:00+05:30,791.7972838101718,800.0605887969758,787.5792741911353,798.2846069335938,43810540,0.0,0.0,HDFCBANK.NS,14481660837888,20.992638,1.16,1020.5,830.55
2024-07-29 00:00:00+05:30,796.7306475152811,805.0432741154053,788.4920327099303,791.822021484375,51001148,0.0,0.0,HDFCBANK.NS,14481660837888,20.992638,1.16,1020.5,830.55
2024-07-30 00:00:00+05:30,790.3172853310259,806.4738965011826,788.8372904146756,797.001953125,54595834,0.0,0.0,HDFCBANK.NS,14481660837888,20.992638,1.16,1020.5,830.55
2024-07-31 00:00:00+05:30,796.237255579839,803.0945773220608,793.8692396532248,797.1005859375,37820484,0.0,0.0,HDFCBANK.NS,14481660837888,20.992638,1.16,1020.5,830.55
2024-08-01 00:00:00+05:30,800.627938629233,814.0219048337823,798.1859108540549,808.471923828125,26215174,0.0,0.0,HDFCBANK.NS,14481660837888,20.992638,1.16,1020.5,830.55
2024-08-02 00:00:00+05:30,804.6238722852388,824.1104712768188,804.6238722852388,818.5111694335938,44119238,0.0,0.0,HDFCBANK.NS,14481660837888,20.992638,1.16,1020.5,830.55
2024-08-05 00:00:00+05:30,809.1131991555811,812.02386783421,789.8239443515008,797.1005859375,41333634,0.0,0.0,HDFCBANK.NS,14481660837888,20.992638,1.16,1020.5,830.55
2024-08-06 00:00:00+05:30,804.1305829139676,805.5858871810888,786.0253355957136,789.922607421875,45116050,0.0,0.0,HDFCBANK.NS,14481660837888,20.992638,1.16,1020.5,830.55
2024-08-07 00:00:00+05:30,797.7172336137804,804.130544706532,790.415901512036,800.9238891601562,42346264,0.0,0.0,HDFCBANK.NS,14481660837888,20.992638,1.16,1020.5,830.55
2024-08-08 00:00:00+05:30,801.1705962949537,815.6252376687839,798.8272709671206,810.3958740234375,33976950,0.0,0.0,HDFCBANK.NS,14481660837888,20.992638,1.16,1020.5,830.55
2024-08-09 00:00:00+05:30,814.9838462106346,820.1885189537674,811.9252142176729,814.0958251953125,26644618,0.0,0.0,HDFCBANK.NS,14481660837888,20.992638,1.16,1020.5,830.55
2024-08-12 00:00:00+05:30,814.9838840860709,826.7991529902637,812.6898798741655,818.9798583984375,39316196,0.0,0.0,HDFCBANK.NS,14481660837888,20.992638,1.16,1020.5,830.55
2024-08-13 00:00:00+05:30,803.1438891669751,805.314560371115,789.8979470194763,790.9092407226562,54055042,0.0,0.0,HDFCBANK.NS,14481660837888,20.992638,1.16,1020.5,830.55
2024-08-14 00:00:00+05:30,792.5372946697382,796.0892584565494,790.9092761384464,793.1786499023438,32334428,0.0,0.0,HDFCBANK.NS,14481660837888,20.992638,1.16,1020.5,830.55
2024-08-16 00:00:00+05:30,803.3906439659711,806.1779800129083,794.757339532809,805.1666259765625,27849246,0.0,0.0,HDFCBANK.NS,14481660837888,20.992638,1.16,1020.5,830.55
2024-08-19 00:00:00+05:30,807.9045746403995,807.9045746403995,801.0225621096914,804.895263671875,19502164,0.0,0.0,HDFCBANK.NS,14481660837888,20.992638,1.16,1020.5,830.55
2024-08-20 00:00:00+05:30,802.8726105839366,812.0239372458545,802.8726105839366,807.9292602539062,31134494,0.0,0.0,HDFCBANK.NS,14481660837888,20.992638,1.16,1020.5,830.55
2024-08-21 00:00:00+05:30,803.1932814957441,806.3753069063249,798.1120014172305,802.0586547851562,47630904,0.0,0.0,HDFCBANK.NS,14481660837888,20.992638,1.16,1020.5,830.55
2024-08-22 00:00:00+05:30,805.1172807347715,808.2252943260683,803.1439540663039,804.77197265625,21300638,0.0,0.0,HDFCBANK.NS,14481660837888,20.992638,1.16,1020.5,830.55
2024-08-23 00:00:00+05:30,806.1038926835937,806.1038926835937,800.6772446912317,801.6885986328125,20333422,0.0,0.0,HDFCBANK.NS,14481660837888,20.992638,1.16,1020.5,830.55
2024-08-26 00:00:00+05:30,805.2159251748899,812.9858989531632,805.2159251748899,809.0392456054688,22364266,0.0,0.0,HDFCBANK.NS,14481660837888,20.992638,1.16,1020.5,830.55
2024-08-27 00:00:00+05:30,810.7412543536698,812.714580974844,805.2159036816922,807.9539184570312,35773244,0.0,0.0,HDFCBANK.NS,14481660837888,20.992638,1.16,1020.5,830.55
2024-08-28 00:00:00+05:30,807.9539173658313,808.9405806750858,804.2292392849356,807.6332397460938,26921188,0.0,0.0,HDFCBANK.NS,14481660837888,20.992638,1.16,1020.5,830.55
2024-08-29 00:00:00+05:30,810.0505418236547,811.2345497877237,804.6979056469421,808.3485717773438,49052604,0.0,0.0,HDFCBANK.NS,14481660837888,20.992638,1.16,1020.5,830.55
2024-08-30 00:00:00+05:30,816.9572296027775,819.9172195651064,799.7646332824804,807.5346069335938,445342100,0.0,0.0,HDFCBANK.NS,14481660837888,20.992638,1.16,1020.5,830.55
2024-09-02 00:00:00+05:30,812.4185353190471,812.4185353190471,800.7758609185206,802.6258544921875,34049680,0.0,0.0,HDFCBANK.NS,14481660837888,20.992638,1.16,1020.5,830.55
2024-09-03 00:00:00+05:30,806.1039427589494,809.0392420850643,801.466613051357,807.756591796875,37282860,0.0,0.0,HDFCBANK.NS,14481660837888,20.992638,1.16,1020.5,830.55
2024-09-04 00:00:00+05:30,808.5705516272349,811.4318992052836,805.1172301742814,809.951904296875,24682744,0.0,0.0,HDFCBANK.NS,14481660837888,20.992638,1.16,1020.5,830.55
2024-09-05 00:00:00+05:30,812.0238589250097,813.947864316631,810.0505324148638,811.7525024414062,22876318,0.0,0.0,HDFCBANK.NS,14481660837888,20.992638,1.16,1020.5,830.55
2024-09-06 00:00:00+05:30,808.2252499925564,812.8872099026286,806.1532209716318,807.5592041015625,26029602,0.0,0.0,HDFCBANK.NS,14481660837888,20.992638,1.16,1020.5,830.55
2024-09-09 00:00:00+05:30,808.0772497858858,813.2572321563082,804.1799176724811,812.2705688476562,23792914,0.0,0.0,HDFCBANK.NS,14481660837888,20.992638,1.16,1020.5,830.55
2024-09-10 00:00:00+05:30,815.9705333718649,815.9705333718649,808.0772271240113,814.1698608398438,26606646,0.0,0.0,HDFCBANK.NS,14481660837888,20.992638,1.16,1020.5,830.55
2024-09-11 00:00:00+05:30,814.1945707781381,815.2305552034559,808.6692201411954,810.9879150390625,22226684,0.0,0.0,HDFCBANK.NS,14481660837888,20.992638,1.16,1020.5,830.55
2024-09-12 00:00:00+05:30,815.970556634334,823.8638631072175,812.541925723635,822.1865234375,32424046,0.0,0.0,HDFCBANK.NS,14481660837888,20.992638,1.16,1020.5,830.55
2024-09-13 00:00:00+05:30,825.8371886289187,825.8371886289187,817.4752411837702,821.8658447265625,23860532,0.0,0.0,HDFCBANK.NS,14481660837888,20.992638,1.16,1020.5,830.55
2024-09-16 00:00:00+05:30,822.383822656841,827.7118283198007,820.9285184448568,824.3324584960938,15172820,0.0,0.0,HDFCBANK.NS,14481660837888,20.992638,1.16,1020.5,830.55
2024-09-17 00:00:00+05:30,827.8104775064535,827.8104775064535,820.9778464556504,823.2718505859375,20127122,0.0,0.0,HDFCBANK.NS,14481660837888,20.992638,1.16,1020.5,830.55
2024-09-18 00:00:00+05:30,824.7764529489335,838.1210972952287,824.4064542356848,836.0984497070312,40917342,0.0,0.0,HDFCBANK.NS,14481660837888,20.992638,1.16,1020.5,830.55
2024-09-19 00:00:00+05:30,838.2691083056365,848.0370989791965,838.2444778560398,842.8571166992188,30651776,0.0,0.0,HDFCBANK.NS,14481660837888,20.992638,1.16,1020.5,830.55
2024-09-20 00:00:00+05:30,846.8037464482039,860.8390072921377,842.3884524296358,858.989013671875,60623386,0.0,0.0,HDFCBANK.NS,14481660837888,20.992638,1.16,1020.5,830.55
2024-09-23 00:00:00+05:30,862.8370939539058,871.3963864151646,858.5204418257773,868.1651000976562,26965350,0.0,0.0,HDFCBANK.NS,14481660837888,20.992638,1.16,1020.5,830.55
2024-09-24 00:00:00+05:30,870.7303607683197,878.9443447710721,865.4270455398441,872.2350463867188,33039036,0.0,0.0,HDFCBANK.NS,14481660837888,20.992638,1.16,1020.5,830.55
2024-09-25 00:00:00+05:30,868.3376691203036,882.0769427901153,868.3376691203036,877.686279296875,31965312,0.0,0.0,HDFCBANK.NS,14481660837888,20.992638,1.16,1020.5,830.55
2024-09-26 00:00:00+05:30,874.7017352717152,882.0770195965482,872.2350769395101,879.8323364257812,31899644,0.0,0.0,HDFCBANK.NS,14481660837888,20.992638,1.16,1020.5,830.55
2024-09-27 00:00:00+05:30,876.6503084858455,877.2422823547212,863.3303544458242,864.6376953125,35613502,0.0,0.0,HDFCBANK.NS,14481660837888,20.992638,1.16,1020.5,830.55
2024-09-30 00:00:00+05:30,862.738402689165,864.0456833682003,850.701098537286,854.47509765625,26383534,0.0,0.0,HDFCBANK.NS,14481660837888,20.992638,1.16,1020.5,830.55
2024-10-01 00:00:00+05:30,850.5037447767241,859.3837142697525,848.5797393423385,851.5890502929688,24572284,0.0,0.0,HDFCBANK.NS,14481660837888,20.992638,1.16,1020.5,830.55
2024-10-03 00:00:00+05:30,846.3844351066934,851.5644172954591,825.5164827720641,829.7838134765625,48473398,0.0,0.0,HDFCBANK.NS,14481660837888,20.992638,1.16,1020.5,830.55
2024-10-04 00:00:00+05:30,826.083866681385,834.0511850540141,815.4772359655595,817.771240234375,48683232,0.0,0.0,HDFCBANK.NS,14481660837888,20.992638,1.16,1020.5,830.55
2024-10-07 00:00:00+05:30,815.0824984433904,818.4371776300311,795.7439225540929,798.1119384765625,94458296,0.0,0.0,HDFCBANK.NS,14481660837888,20.992638,1.16,1020.5,830.55
2024-10-08 00:00:00+05:30,804.1306032900168,817.3519158252083,800.1839500223357,814.5152587890625,29734406,0.0,0.0,HDFCBANK.NS,14481660837888,20.992638,1.16,1020.5,830.55
2024-10-09 00:00:00+05:30,813.7505304861846,817.3271848335777,803.4892084079638,805.6845703125,41125642,0.0,0.0,HDFCBANK.NS,14481660837888,20.992638,1.16,1020.5,830.55
2024-10-10 00:00:00+05:30,808.5705299330368,821.6191272702827,805.363874384187,820.114501953125,21754766,0.0,0.0,HDFCBANK.NS,14481660837888,20.992638,1.16,1020.5,830.55
2024-10-11 00:00:00+05:30,821.1258260358886,821.1258260358886,810.6672193318118,814.4905395507812,23672594,0.0,0.0,HDFCBANK.NS,14481660837888,20.992638,1.16,1020.5,830.55
2024-10-14 00:00:00+05:30,816.9819085005773,834.741848018609,815.9705545228965,832.7931518554688,18527508,0.0,0.0,HDFCBANK.NS,14481660837888,20.992638,1.16,1020.5,830.55
2024-10-15 00:00:00+05:30,835.7038196244212,837.6771462351046,826.5771840500105,830.81982421875,19651130,0.0,0.0,HDFCBANK.NS,14481660837888,20.992638,1.16,1020.5,830.55
2024-10-16 00:00:00+05:30,828.8465156450762,842.585790426718,828.8465156450762,838.565185546875,20470682,0.0,0.0,HDFCBANK.NS,14481660837888,20.992638,1.16,1020.5,830.55
2024-10-17 00:00:00+05:30,836.1724403142362,837.5044718768119,821.4958240034423,825.4178466796875,14695732,0.0,0.0,HDFCBANK.NS,14481660837888,20.992638,1.16,1020.5,830.55
2024-10-18 00:00:00+05:30,820.4598702584595,834.2238355924767,816.0198853262701,829.7098388671875,24809724,0.0,0.0,HDFCBANK.NS,14481660837888,20.992638,1.16,1020.5,830.55
2024-10-21 00:00:00+05:30,846.063768270474,862.4177242903107,844.1151323678729,852.8223876953125,46548354,0.0,0.0,HDFCBANK.NS,14481660837888,20.992638,1.16,1020.5,830.55
2024-10-22 00:00:00+05:30,853.4884373802005,858.3970631644344,843.9424218629189,845.841796875,38875280,0.0,0.0,HDFCBANK.NS,14481660837888,20.992638,1.16,1020.5,830.55
2024-10-23 00:00:00+05:30,841.1551854708522,861.603759041874,841.1551854708522,856.3251342773438,38036090,0.0,0.0,HDFCBANK.NS,14481660837888,20.992638,1.16,1020.5,830.55
2024-10-24 00:00:00+05:30,857.4597103207274,872.5310159915173,857.4597103207274,863.15771484375,30832258,0.0,0.0,HDFCBANK.NS,14481660837888,20.992638,1.16,1020.5,830.55
2024-10-25 00:00:00+05:30,865.7970368926951,867.2030200365818,852.8223905419693,860.0744018554688,26130478,0.0,0.0,HDFCBANK.NS,14481660837888,20.992638,1.16,1020.5,830.55
2024-10-28 00:00:00+05:30,859.383716444917,863.8237012026692,852.9210840084185,855.5357055664062,22012142,0.0,0.0,HDFCBANK.NS,14481660837888,20.992638,1.16,1020.5,830.55
2024-10-29 00:00:00+05:30,851.5644426318723,870.2370336046123,851.0464203091243,864.2430419921875,35794926,0.0,0.0,HDFCBANK.NS,14481660837888,20.992638,1.16,1020.5,830.55
2024-10-30 00:00:00+05:30,859.3836983279829,865.6736766021975,850.6023712370916,855.7330322265625,32715724,0.0,0.0,HDFCBANK.NS,14481660837888,20.992638,1.16,1020.5,830.55
2024-10-31 00:00:00+05:30,852.4771270596069,857.8544543150349,848.2344867353692,856.2757568359375,22895912,0.0,0.0,HDFCBANK.NS,14481660837888,20.992638,1.16,1020.5,830.55
2024-11-01 00:00:00+05:30,854.9437133825962,860.4196824223525,851.5397130969706,857.0650634765625,1759692,0.0,0.0,HDFCBANK.NS,14481660837888,20.992638,1.16,1020.5,830.55
2024-11-04 00:00:00+05:30,860.8637106769045,860.8637106769045,844.0411138190809,845.6197509765625,28089248,0.0,0.0,HDFCBANK.NS,14481660837888,20.992638,1.16,1020.5,830.55
2024-11-05 00:00:00+05:30,840.1437747820238,869.5956493162819,837.6277954866241,867.2030029296875,44232406,0.0,0.0,HDFCBANK.NS,14481660837888,20.992638,1.16,1020.5,830.55
2024-11-06 00:00:00+05:30,873.9369881601011,873.9369881601011,861.0363539084846,865.9203491210938,27787910,0.0,0.0,HDFCBANK.NS,14481660837888,20.992638,1.16,1020.5,830.55
2024-11-07 00:00:00+05:30,860.5184217555121,868.7323455565536,857.4104082699865,861.62841796875,18895456,0.0,0.0,HDFCBANK.NS,14481660837888,20.992638,1.16,1020.5,830.55
2024-11-08 00:00:00+05:30,864.3169963876733,869.15167034177,861.2829948869464,865.525634765625,19902986,0.0,0.0,HDFCBANK.NS,14481660837888,20.992638,1.16,1020.5,830.55
2024-11-11 00:00:00+05:30,865.5750573030832,879.5116762015548,863.9223481240455,871.3717041015625,24565362,0.0,0.0,HDFCBANK.NS,14481660837888,20.992638,1.16,1020.5,830.55
2024-11-12 00:00:00+05:30,874.1837241378527,875.6637191561447,842.931174712482,847.6424560546875,31395406,0.0,0.0,HDFCBANK.NS,14481660837888,20.992638,1.16,1020.5,830.55
2024-11-13 00:00:00+05:30,846.9270867373347,853.1677439816382,825.3438276461692,829.463134765625,35728500,0.0,0.0,HDFCBANK.NS,14481660837888,20.992638,1.16,1020.5,830.55
2024-11-14 00:00:00+05:30,825.39317914741,841.05645917869,824.8998474928816,835.087158203125,27146470,0.0,0.0,HDFCBANK.NS,14481660837888,20.992638,1.16,1020.5,830.55
2024-11-18 00:00:00+05:30,838.6637692715708,847.987749103584,836.1971111266544,841.1797485351562,27081968,0.0,0.0,HDFCBANK.NS,14481660837888,20.992638,1.16,1020.5,830.55
2024-11-19 00:00:00+05:30,845.5704607570133,865.1803941380466,839.9957889401087,859.507080078125,50981272,0.0,0.0,HDFCBANK.NS,14481660837888,20.992638,1.16,1020.5,830.55
2024-11-21 00:00:00+05:30,863.0343691875372,867.7703408111802,855.5356922473849,858.989013671875,35716512,0.0,0.0,HDFCBANK.NS,14481660837888,20.992638,1.16,1020.5,830.55
2024-11-22 00:00:00+05:30,860.148374275574,865.4516892160756,853.2417315623627,861.15966796875,24773612,0.0,0.0,HDFCBANK.NS,14481660837888,20.992638,1.16,1020.5,830.55
2024-11-25 00:00:00+05:30,880.6216480727867,889.7482832055338,870.6810037082952,880.8929443359375,427737274,0.0,0.0,HDFCBANK.NS,14481660837888,20.992638,1.16,1020.5,830.55
2024-11-26 00:00:00+05:30,892.9302818593218,892.9302818593218,873.0983737208503,880.8683471679688,30935566,0.0,0.0,HDFCBANK.NS,14481660837888,20.992638,1.16,1020.5,830.55
2024-11-27 00:00:00+05:30,883.0143007972586,896.5562300169572,880.6709755435701,894.06494140625,32714976,0.0,0.0,HDFCBANK.NS,14481660837888,20.992638,1.16,1020.5,830.55
2024-11-28 00:00:00+05:30,897.3702251985009,905.8061839354122,882.07694483503,884.6176147460938,35722392,0.0,0.0,HDFCBANK.NS,14481660837888,20.992638,1.16,1020.5,830.55
2024-11-29 00:00:00+05:30,888.6383310231244,890.2662893460416,879.561016559754,886.04833984375,27669536,0.0,0.0,HDFCBANK.NS,14481660837888,20.992638,1.16,1020.5,830.55
2024-12-02 00:00:00+05:30,889.7236388960249,892.0176431336934,875.6636867426915,890.3156127929688,15110876,0.0,0.0,HDFCBANK.NS,14481660837888,20.992638,1.16,1020.5,830.55
2024-12-03 00:00:00+05:30,899.1955156163089,906.4475265301775,895.9395389832724,900.9715576171875,43410242,0.0,0.0,HDFCBANK.NS,14481660837888,20.992638,1.16,1020.5,830.55
2024-12-04 00:00:00+05:30,906.7435619082082,920.0635162996781,903.3642521901575,917.6461791992188,44669084,0.0,0.0,HDFCBANK.NS,14481660837888,20.992638,1.16,1020.5,830.55
2024-12-05 00:00:00+05:30,917.596875706611,927.4388181075851,905.3622266087298,920.4335327148438,39682714,0.0,0.0,HDFCBANK.NS,14481660837888,20.992638,1.16,1020.5,830.55
2024-12-06 00:00:00+05:30,916.1168429341786,919.6688066050771,909.7035317020062,915.5494995117188,17783156,0.0,0.0,HDFCBANK.NS,14481660837888,20.992638,1.16,1020.5,830.55
2024-12-09 00:00:00+05:30,914.4642517338581,927.4635290462065,912.1702474502318,922.5302124023438,26947912,0.0,0.0,HDFCBANK.NS,14481660837888,20.992638,1.16,1020.5,830.55
2024-12-10 00:00:00+05:30,926.3288062229569,926.3288062229569,916.881553393078,921.5928344726562,13325480,0.0,0.0,HDFCBANK.NS,14481660837888,20.992638,1.16,1020.5,830.55
2024-12-11 00:00:00+05:30,918.4354833328279,923.4675021564423,915.9935158212785,919.1261596679688,14045426,0.0,0.0,HDFCBANK.NS,14481660837888,20.992638,1.16,1020.5,830.55
2024-12-12 00:00:00+05:30,913.1568815747593,921.864197216933,912.0221946944998,917.2268676757812,17293790,0.0,0.0,HDFCBANK.NS,14481660837888,20.992638,1.16,1020.5,830.55
2024-12-13 00:00:00+05:30,918.8301759997277,924.9968214762359,902.4268990322158,923.3934936523438,19009002,0.0,0.0,HDFCBANK.NS,14481660837888,20.992638,1.16,1020.5,830.55
2024-12-16 00:00:00+05:30,920.1128492893367,922.5054957499956,915.2535445762154,920.1621704101562,13107082,0.0,0.0,HDFCBANK.NS,14481660837888,20.992638,1.16,1020.5,830.55
2024-12-17 00:00:00+05:30,915.7962178924912,918.7562078618506,901.0702798391582,904.4002685546875,21079532,0.0,0.0,HDFCBANK.NS,14481660837888,20.992638,1.16,1020.5,830.55
2024-12-18 00:00:00+05:30,902.7229483325016,905.7569501607671,891.5243434620028,893.275634765625,23422312,0.0,0.0,HDFCBANK.NS,14481660837888,20.992638,1.16,1020.5,830.55
2024-12-19 00:00:00+05:30,887.7995941182149,888.5395915672278,877.6369745293333,884.790283203125,25380770,0.0,0.0,HDFCBANK.NS,14481660837888,20.992638,1.16,1020.5,830.55
2024-12-20 00:00:00+05:30,879.2156362475025,886.7883251977108,871.7417099804251,873.93701171875,25692348,0.0,0.0,HDFCBANK.NS,14481660837888,20.992638,1.16,1020.5,830.55
2024-12-23 00:00:00+05:30,879.1169941259847,890.956953642833,878.7716860618692,888.4902954101562,11044592,0.0,0.0,HDFCBANK.NS,14481660837888,20.992638,1.16,1020.5,830.55
2024-12-24 00:00:00+05:30,889.0083275055933,892.2889348142179,882.8416818560752,887.0596313476562,14485834,0.0,0.0,HDFCBANK.NS,14481660837888,20.992638,1.16,1020.5,830.55
2024-12-26 00:00:00+05:30,887.2816657547127,893.916952377888,878.5003382709294,883.4336547851562,10481678,0.0,0.0,HDFCBANK.NS,14481660837888,20.992638,1.16,1020.5,830.55
2024-12-27 00:00:00+05:30,885.4316968356189,890.9322967259654,882.6196702111419,887.1336669921875,7259330,0.0,0.0,HDFCBANK.NS,14481660837888,20.992638,1.16,1020.5,830.55
2024-12-30 00:00:00+05:30,884.1489668763874,895.3969526845203,873.6903598921683,877.0943603515625,22222218,0.0,0.0,HDFCBANK.NS,14481660837888,20.992638,1.16,1020.5,830.55
2024-12-31 00:00:00+05:30,873.3450067875037,879.0183205202264,871.0263119988338,874.6029663085938,14117236,0.0,0.0,HDFCBANK.NS,14481660837888,20.992638,1.16,1020.5,830.55
2025-01-01 00:00:00+05:30,874.8989910757854,885.0369805772112,868.80635723923,879.4869995117188,7313806,0.0,0.0,HDFCBANK.NS,14481660837888,20.992638,1.16,1020.5,830.55
2025-01-02 00:00:00+05:30,876.699651347947,889.6989281059142,874.6770036544534,884.9136352539062,18558576,0.0,0.0,HDFCBANK.NS,14481660837888,20.992638,1.16,1020.5,830.55
2025-01-03 00:00:00+05:30,883.5569553072743,885.6536147489581,861.5050553855514,862.9356689453125,24426194,0.0,0.0,HDFCBANK.NS,14481660837888,20.992638,1.16,1020.5,830.55
2025-01-06 00:00:00+05:30,858.4463541498661,866.8823129474961,841.5251154360177,843.84375,18816348,0.0,0.0,HDFCBANK.NS,14481660837888,20.992638,1.16,1020.5,830.55
2025-01-07 00:00:00+05:30,846.063732614296,849.0237223493897,838.6637582765616,845.2744140625,13527906,0.0,0.0,HDFCBANK.NS,14481660837888,20.992638,1.16,1020.5,830.55
2025-01-08 00:00:00+05:30,842.7338203435289,844.4111600559388,830.4498497882179,835.8518676757812,19738190,0.0,0.0,HDFCBANK.NS,14481660837888,20.992638,1.16,1020.5,830.55
2025-01-09 00:00:00+05:30,830.844525028491,833.237171528912,817.9932112311335,822.778564453125,40420222,0.0,0.0,HDFCBANK.NS,14481660837888,20.992638,1.16,1020.5,830.55
2025-01-10 00:00:00+05:30,824.3571854708366,826.2811909461473,815.9705474379197,817.3272094726562,17453280,0.0,0.0,HDFCBANK.NS,14481660837888,20.992638,1.16,1020.5,830.55
2025-01-13 00:00:00+05:30,809.0639234971638,812.3939122066796,801.3186405131205,804.5499267578125,21669066,0.0,0.0,HDFCBANK.NS,14481660837888,20.992638,1.16,1020.5,830.55
2025-01-14 00:00:00+05:30,809.0145872775671,817.0558570637163,807.5839134440961,812.3198852539062,26661432,0.0,0.0,HDFCBANK.NS,14481660837888,20.992638,1.16,1020.5,830.55
2025-01-15 00:00:00+05:30,817.2038902170349,820.2625224034592,807.2386148292592,810.568603515625,14022892,0.0,0.0,HDFCBANK.NS,14481660837888,20.992638,1.16,1020.5,830.55
2025-01-16 00:00:00+05:30,815.4032351586193,819.2019251337407,810.4699184801376,815.0086059570312,21212454,0.0,0.0,HDFCBANK.NS,14481660837888,20.992638,1.16,1020.5,830.55
2025-01-17 00:00:00+05:30,810.7905598983193,814.2438814190301,803.3905852110819,807.4605712890625,23112076,0.0,0.0,HDFCBANK.NS,14481660837888,20.992638,1.16,1020.5,830.55
2025-01-20 00:00:00+05:30,802.1572673696536,819.3991845447669,802.1572673696536,814.6138916015625,17557618,0.0,0.0,HDFCBANK.NS,14481660837888,20.992638,1.16,1020.5,830.55
2025-01-21 00:00:00+05:30,818.0672195171876,819.4485722440602,805.6352858599316,810.2479248046875,31158144,0.0,0.0,HDFCBANK.NS,14481660837888,20.992638,1.16,1020.5,830.55
2025-01-22 00:00:00+05:30,810.2479165643738,824.8012002853578,801.8859089377631,821.9152221679688,30619306,0.0,0.0,HDFCBANK.NS,14481660837888,20.992638,1.16,1020.5,830.55
2025-01-23 00:00:00+05:30,832.2505181334424,832.2505181334424,814.6139111249832,821.347900390625,34909158,0.0,0.0,HDFCBANK.NS,14481660837888,20.992638,1.16,1020.5,830.55
2025-01-24 00:00:00+05:30,818.9305795964561,824.0119199318104,811.2839386423929,813.8986206054688,24236200,0.0,0.0,HDFCBANK.NS,14481660837888,20.992638,1.16,1020.5,830.55
2025-01-27 00:00:00+05:30,809.6065327196525,810.839861804967,802.157237088582,804.0319213867188,22804166,0.0,0.0,HDFCBANK.NS,14481660837888,20.992638,1.16,1020.5,830.55
2025-01-28 00:00:00+05:30,812.5172453545283,830.9185403912116,812.5172453545283,824.0612182617188,30179312,0.0,0.0,HDFCBANK.NS,14481660837888,20.992638,1.16,1020.5,830.55
2025-01-29 00:00:00+05:30,826.3304621132276,829.3644636153648,823.2964606110903,827.4651489257812,12619890,0.0,0.0,HDFCBANK.NS,14481660837888,20.992638,1.16,1020.5,830.55
2025-01-30 00:00:00+05:30,829.2905374831995,837.6278547525732,825.1219089590883,834.4705200195312,25744846,0.0,0.0,HDFCBANK.NS,14481660837888,20.992638,1.16,1020.5,830.55
2025-01-31 00:00:00+05:30,832.3738053097981,840.9824182950722,830.7457868177106,838.047119140625,15821686,0.0,0.0,HDFCBANK.NS,14481660837888,20.992638,1.16,1020.5,830.55
2025-02-01 00:00:00+05:30,837.4305042201771,845.0771450539991,826.8485640579613,834.1991577148438,5587528,0.0,0.0,HDFCBANK.NS,14481660837888,20.992638,1.16,1020.5,830.55
2025-02-03 00:00:00+05:30,823.8638327488314,832.1518283284162,820.6324864421063,827.8104858398438,20276540,0.0,0.0,HDFCBANK.NS,14481660837888,20.992638,1.16,1020.5,830.55
2025-02-04 00:00:00+05:30,833.0891713164636,851.391824544325,828.8219005259823,848.9744873046875,28616502,0.0,0.0,HDFCBANK.NS,14481660837888,20.992638,1.16,1020.5,830.55
2025-02-05 00:00:00+05:30,854.9437515638108,860.4690419690123,847.9877873258422,857.311767578125,23675506,0.0,0.0,HDFCBANK.NS,14481660837888,20.992638,1.16,1020.5,830.55
2025-02-06 00:00:00+05:30,856.1770794811201,862.8370567631686,850.5037655001158,860.29638671875,26760716,0.0,0.0,HDFCBANK.NS,14481660837888,20.992638,1.16,1020.5,830.55
2025-02-07 00:00:00+05:30,863.3304057123341,871.7170439392539,850.997114202158,854.8204345703125,23509600,0.0,0.0,HDFCBANK.NS,14481660837888,20.992638,1.16,1020.5,830.55
2025-02-10 00:00:00+05:30,847.1984039096569,850.2323451556149,842.8570616226162,846.4337158203125,17195950,0.0,0.0,HDFCBANK.NS,14481660837888,20.992638,1.16,1020.5,830.55
2025-02-11 00:00:00+05:30,840.1437497009048,844.090402664855,833.0890834393857,839.3544311523438,22724704,0.0,0.0,HDFCBANK.NS,14481660837888,20.992638,1.16,1020.5,830.55
2025-02-12 00:00:00+05:30,835.2104321766692,844.5837329512449,829.38909497558,842.0184326171875,22809570,0.0,0.0,HDFCBANK.NS,14481660837888,20.992638,1.16,1020.5,830.55
2025-02-13 00:00:00+05:30,838.1704689996619,845.6937766231139,835.4818356095761,837.5291137695312,12602434,0.0,0.0,HDFCBANK.NS,14481660837888,20.992638,1.16,1020.5,830.55
2025-02-14 00:00:00+05:30,839.601120018604,839.601120018604,828.7971451888767,836.1231079101562,19959892,0.0,0.0,HDFCBANK.NS,14481660837888,20.992638,1.16,1020.5,830.55
2025-02-17 00:00:00+05:30,831.3624591587258,848.5304243918573,829.413823260936,847.2230834960938,12938946,0.0,0.0,HDFCBANK.NS,14481660837888,20.992638,1.16,1020.5,830.55
2025-02-18 00:00:00+05:30,845.1017788797033,854.2284140997132,841.697778564227,850.0350952148438,16350910,0.0,0.0,HDFCBANK.NS,14481660837888,20.992638,1.16,1020.5,830.55
2025-02-19 00:00:00+05:30,847.0504387449713,857.3610822217985,844.8057556604201,852.0823974609375,11884112,0.0,0.0,HDFCBANK.NS,14481660837888,20.992638,1.16,1020.5,830.55
2025-02-20 00:00:00+05:30,844.0904430253034,845.9157460199498,831.4118438608401,832.2998046875,26390510,0.0,0.0,HDFCBANK.NS,14481660837888,20.992638,1.16,1020.5,830.55
2025-02-21 00:00:00+05:30,829.2411711352042,836.1724445897772,827.4404985932164,834.9638061523438,15680940,0.0,0.0,HDFCBANK.NS,14481660837888,20.992638,1.16,1020.5,830.55
2025-02-24 00:00:00+05:30,829.339781575346,830.8690975664632,819.4731490892408,827.366455078125,20693646,0.0,0.0,HDFCBANK.NS,14481660837888,20.992638,1.16,1020.5,830.55
2025-02-25 00:00:00+05:30,824.406500920576,832.7438177754724,824.406500920576,829.9564819335938,24138708,0.0,0.0,HDFCBANK.NS,14481660837888,20.992638,1.16,1020.5,830.55
2025-02-27 00:00:00+05:30,830.0552335524236,843.9671626938127,830.0552335524236,839.0091552734375,35786800,0.0,0.0,HDFCBANK.NS,14481660837888,20.992638,1.16,1020.5,830.55
2025-02-28 00:00:00+05:30,831.2638337603047,857.0404125816553,831.2638337603047,854.6477661132812,54516728,0.0,0.0,HDFCBANK.NS,14481660837888,20.992638,1.16,1020.5,830.55
2025-03-03 00:00:00+05:30,858.2984018170607,859.9017296292334,835.7531099870528,839.428466796875,21205364,0.0,0.0,HDFCBANK.NS,14481660837888,20.992638,1.16,1020.5,830.55
2025-03-04 00:00:00+05:30,837.6771272358142,845.7184570804238,835.3338019387764,843.5971069335938,19920958,0.0,0.0,HDFCBANK.NS,14481660837888,20.992638,1.16,1020.5,830.55
2025-03-05 00:00:00+05:30,839.6257577393887,843.991790915382,832.8671383829512,833.73046875,21583872,0.0,0.0,HDFCBANK.NS,14481660837888,20.992638,1.16,1020.5,830.55
2025-03-06 00:00:00+05:30,832.2504799228543,838.6144701478811,824.973838204501,834.3224487304688,32966088,0.0,0.0,HDFCBANK.NS,14481660837888,20.992638,1.16,1020.5,830.55
2025-03-07 00:00:00+05:30,829.7838192395386,839.2311321984157,827.6131479773222,833.3604736328125,13372914,0.0,0.0,HDFCBANK.NS,14481660837888,20.992638,1.16,1020.5,830.55
2025-03-10 00:00:00+05:30,833.2371287977431,838.6144556459366,830.3018296675241,832.4971313476562,15604050,0.0,0.0,HDFCBANK.NS,14481660837888,20.992638,1.16,1020.5,830.55
2025-03-11 00:00:00+05:30,829.9811819724781,835.7038170818192,823.8885481247595,831.510498046875,19898430,0.0,0.0,HDFCBANK.NS,14481660837888,20.992638,1.16,1020.5,830.55
2025-03-12 00:00:00+05:30,834.4951408301645,847.7904041385841,834.4951408301645,844.1644287109375,18784106,0.0,0.0,HDFCBANK.NS,14481660837888,20.992638,1.16,1020.5,830.55
2025-03-13 00:00:00+05:30,846.5818201293218,848.9251455168071,838.6885135609504,841.9197998046875,15736264,0.0,0.0,HDFCBANK.NS,14481660837888,20.992638,1.16,1020.5,830.55
2025-03-17 00:00:00+05:30,841.1304307424771,850.5037317302232,841.1304307424771,843.79443359375,18950652,0.0,0.0,HDFCBANK.NS,14481660837888,20.992638,1.16,1020.5,830.55
2025-03-18 00:00:00+05:30,843.79443359375,843.79443359375,843.79443359375,843.79443359375,0,0.0,0.0,HDFCBANK.NS,14481660837888,20.992638,1.16,1020.5,830.55
2025-03-19 00:00:00+05:30,855.930432694155,863.823739278078,854.5490799535085,860.4197387695312,15221406,0.0,0.0,HDFCBANK.NS,14481660837888,20.992638,1.16,1020.5,830.55
2025-03-20 00:00:00+05:30,865.3037412350927,875.1703745445009,862.985106495842,872.5803833007812,17833978,0.0,0.0,HDFCBANK.NS,14481660837888,20.992638,1.16,1020.5,830.55
2025-03-21 00:00:00+05:30,866.0684175252852,875.2196836615442,866.0684175252852,873.3696899414062,33508264,0.0,0.0,HDFCBANK.NS,14481660837888,20.992638,1.16,1020.5,830.55
2025-03-24 00:00:00+05:30,877.6369838460287,890.1676194932312,874.997671627427,887.9969482421875,17393736,0.0,0.0,HDFCBANK.NS,14481660837888,20.992638,1.16,1020.5,830.55
2025-03-25 00:00:00+05:30,890.4143157035983,909.5555477752322,888.7369760332164,898.5789184570312,39101416,0.0,0.0,HDFCBANK.NS,14481660837888,20.992638,1.16,1020.5,830.55
2025-03-26 00:00:00+05:30,900.3302775382388,901.5636066855513,888.9836493829623,891.2283325195312,24478442,0.0,0.0,HDFCBANK.NS,14481660837888,20.992638,1.16,1020.5,830.55
2025-03-27 00:00:00+05:30,887.9969842041877,908.2235821777275,887.0596420099644,900.5029296875,41658100,0.0,0.0,HDFCBANK.NS,14481660837888,20.992638,1.16,1020.5,830.55
2025-03-28 00:00:00+05:30,902.3036249715724,905.7569466636451,890.8829847599874,901.908935546875,28773648,0.0,0.0,HDFCBANK.NS,14481660837888,20.992638,1.16,1020.5,830.55
2025-04-01 00:00:00+05:30,888.9836405685396,892.8809726796349,870.9030234039785,872.1363525390625,28511006,0.0,0.0,HDFCBANK.NS,14481660837888,20.992638,1.16,1020.5,830.55
2025-04-02 00:00:00+05:30,873.5423260418547,887.602278026219,873.5423260418547,886.4676513671875,11573564,0.0,0.0,HDFCBANK.NS,14481660837888,20.992638,1.16,1020.5,830.55
2025-04-03 00:00:00+05:30,878.6729886492828,889.9702954640933,876.6503409310941,885.456298828125,11250038,0.0,0.0,HDFCBANK.NS,14481660837888,20.992638,1.16,1020.5,830.55
2025-04-04 00:00:00+05:30,894.4102660639704,908.6921929973271,893.4729239008652,896.5316162109375,33540454,0.0,0.0,HDFCBANK.NS,14481660837888,20.992638,1.16,1020.5,830.55
2025-04-07 00:00:00+05:30,869.6450067324856,878.0562747489253,857.5090006629878,867.1289672851562,37995450,0.0,0.0,HDFCBANK.NS,14481660837888,20.992638,1.16,1020.5,830.55
2025-04-08 00:00:00+05:30,870.730371547347,879.1170096868965,863.4784203033727,872.7777099609375,35563872,0.0,0.0,HDFCBANK.NS,14481660837888,20.992638,1.16,1020.5,830.55
2025-04-09 00:00:00+05:30,870.7303466796875,875.6636630914704,865.0570328061372,870.7303466796875,22454608,0.0,0.0,HDFCBANK.NS,14481660837888,20.992638,1.16,1020.5,830.55
2025-04-11 00:00:00+05:30,875.540352413462,897.567622795633,875.540352413462,891.3269653320312,32775766,0.0,0.0,HDFCBANK.NS,14481660837888,20.992638,1.16,1020.5,830.55
2025-04-15 00:00:00+05:30,920.0634812745557,925.8848185421238,915.1301650210728,920.01416015625,49298344,0.0,0.0,HDFCBANK.NS,14481660837888,20.992638,1.16,1020.5,830.55
2025-04-16 00:00:00+05:30,929.3381542000717,929.3381542000717,917.8435030643678,926.476806640625,19136820,0.0,0.0,HDFCBANK.NS,14481660837888,20.992638,1.16,1020.5,830.55
2025-04-17 00:00:00+05:30,928.4501090482869,947.0486870380013,925.8354273732423,940.6353759765625,35703084,0.0,0.0,HDFCBANK.NS,14481660837888,20.992638,1.16,1020.5,830.55
2025-04-21 00:00:00+05:30,949.170085798879,962.3420166432835,942.2634427629204,950.6994018554688,34247298,0.0,0.0,HDFCBANK.NS,14481660837888,20.992638,1.16,1020.5,830.55
2025-04-22 00:00:00+05:30,954.5967457498784,972.1593405008402,954.5967457498784,967.7686767578125,45961750,0.0,0.0,HDFCBANK.NS,14481660837888,20.992638,1.16,1020.5,830.55
2025-04-23 00:00:00+05:30,976.2540297557508,976.2540297557508,947.4434488933124,949.1207885742188,30570642,0.0,0.0,HDFCBANK.NS,14481660837888,20.992638,1.16,1020.5,830.55
2025-04-24 00:00:00+05:30,942.2634238174406,949.1207455952106,939.8460867592294,945.6181030273438,25931754,0.0,0.0,HDFCBANK.NS,14481660837888,20.992638,1.16,1020.5,830.55
2025-04-25 00:00:00+05:30,949.5647662059754,953.6100615716746,933.2848220611925,942.8554077148438,18500878,0.0,0.0,HDFCBANK.NS,14481660837888,20.992638,1.16,1020.5,830.55
2025-04-28 00:00:00+05:30,942.8554253066497,951.982060830828,941.4741328194633,947.29541015625,13920492,0.0,0.0,HDFCBANK.NS,14481660837888,20.992638,1.16,1020.5,830.55
2025-04-29 00:00:00+05:30,946.6048254524144,951.5381421157663,937.4288082816594,941.6715087890625,18918308,0.0,0.0,HDFCBANK.NS,14481660837888,20.992638,1.16,1020.5,830.55
2025-04-30 00:00:00+05:30,943.7434115323153,955.5340495753018,942.4114402150566,949.6633911132812,31936870,0.0,0.0,HDFCBANK.NS,14481660837888,20.992638,1.16,1020.5,830.55
2025-05-02 00:00:00+05:30,952.0314262519853,958.0007270723939,947.1967520748111,948.1340942382812,17840404,0.0,0.0,HDFCBANK.NS,14481660837888,20.992638,1.16,1020.5,830.55
2025-05-05 00:00:00+05:30,956.5700467268101,962.9833580251333,953.2647488384409,955.4847412109375,15068024,0.0,0.0,HDFCBANK.NS,14481660837888,20.992638,1.16,1020.5,830.55
2025-05-06 00:00:00+05:30,952.1300492793257,957.112686715781,949.3180830668039,952.9686889648438,17490156,0.0,0.0,HDFCBANK.NS,14481660837888,20.992638,1.16,1020.5,830.55
2025-05-07 00:00:00+05:30,954.1033540161453,961.3553047488027,948.3807192627594,959.8259887695312,21420778,0.0,0.0,HDFCBANK.NS,14481660837888,20.992638,1.16,1020.5,830.55
2025-05-08 00:00:00+05:30,964.364722012384,964.364722012384,946.752746184645,951.3900756835938,34803430,0.0,0.0,HDFCBANK.NS,14481660837888,20.992638,1.16,1020.5,830.55
2025-05-09 00:00:00+05:30,942.3127568324845,946.7034204881495,930.8181657127636,932.248779296875,17188796,0.0,0.0,HDFCBANK.NS,14481660837888,20.992638,1.16,1020.5,830.55
2025-05-12 00:00:00+05:30,946.0127244576516,966.8806765571811,943.3981029435623,965.5486450195312,18618972,0.0,0.0,HDFCBANK.NS,14481660837888,20.992638,1.16,1020.5,830.55
2025-05-13 00:00:00+05:30,961.9967305905121,967.7686868855955,947.1967808891196,948.4794311523438,24242102,0.0,0.0,HDFCBANK.NS,14481660837888,20.992638,1.16,1020.5,830.55
2025-05-14 00:00:00+05:30,948.2327622761527,952.2287366384547,938.8101397074491,942.5594482421875,15445308,0.0,0.0,HDFCBANK.NS,14481660837888,20.992638,1.16,1020.5,830.55
2025-05-15 00:00:00+05:30,943.9901042439285,959.4314088460198,935.85013208818,954.0047607421875,32241458,0.0,0.0,HDFCBANK.NS,14481660837888,20.992638,1.16,1020.5,830.55
2025-05-16 00:00:00+05:30,954.0047801554118,958.9380967138302,951.340777169636,954.44873046875,15868010,0.0,0.0,HDFCBANK.NS,14481660837888,20.992638,1.16,1020.5,830.55
2025-05-19 00:00:00+05:30,955.5834183781088,959.5300716290252,952.6234284399217,956.4220581054688,10202964,0.0,0.0,HDFCBANK.NS,14481660837888,20.992638,1.16,1020.5,830.55
2025-05-20 00:00:00+05:30,951.1927398071444,954.3993955236706,943.7434439560598,944.6807861328125,23879090,0.0,0.0,HDFCBANK.NS,14481660837888,20.992638,1.16,1020.5,830.55
2025-05-21 00:00:00+05:30,950.6500948788123,960.4674068130723,947.739426083267,950.5514526367188,15132040,0.0,0.0,HDFCBANK.NS,14481660837888,20.992638,1.16,1020.5,830.55
2025-05-22 00:00:00+05:30,944.828766015395,949.2687509312965,939.895449442171,947.1474609375,21306670,0.0,0.0,HDFCBANK.NS,14481660837888,20.992638,1.16,1020.5,830.55
2025-05-23 00:00:00+05:30,947.2460290070277,955.583345407158,944.4833839865793,953.906005859375,9566072,0.0,0.0,HDFCBANK.NS,14481660837888,20.992638,1.16,1020.5,830.55
2025-05-26 00:00:00+05:30,954.5967478346391,961.947401503022,950.6007734925844,957.1620483398438,10802860,0.0,0.0,HDFCBANK.NS,14481660837888,20.992638,1.16,1020.5,830.55
2025-05-27 00:00:00+05:30,952.9194312599001,961.0100826032541,945.3714929245052,950.3048095703125,26162148,0.0,0.0,HDFCBANK.NS,14481660837888,20.992638,1.16,1020.5,830.55
2025-05-28 00:00:00+05:30,947.295443323748,954.3501102535763,946.0621141556768,948.9234619140625,18157594,0.0,0.0,HDFCBANK.NS,14481660837888,20.992638,1.16,1020.5,830.55
2025-05-29 00:00:00+05:30,951.1433943336576,957.4580633637506,940.9314535555673,950.896728515625,28917794,0.0,0.0,HDFCBANK.NS,14481660837888,20.992638,1.16,1020.5,830.55
2025-05-30 00:00:00+05:30,953.0674622365118,961.4047794767922,949.8608063918771,959.4807739257812,28748078,0.0,0.0,HDFCBANK.NS,14481660837888,20.992638,1.16,1020.5,830.55
2025-06-02 00:00:00+05:30,952.1794133521448,955.0900821550082,941.276795842849,953.1660766601562,14668822,0.0,0.0,HDFCBANK.NS,14481660837888,20.992638,1.16,1020.5,830.55
2025-06-03 00:00:00+05:30,956.0767204883472,962.9833634640112,947.1967509482078,949.466064453125,24377584,0.0,0.0,HDFCBANK.NS,14481660837888,20.992638,1.16,1020.5,830.55
2025-06-04 00:00:00+05:30,947.6901200517409,958.6914401720352,947.6407989299088,957.6553955078125,12961542,0.0,0.0,HDFCBANK.NS,14481660837888,20.992638,1.16,1020.5,830.55
2025-06-05 00:00:00+05:30,961.0100588418235,966.3873858970264,957.1620478647775,961.7993774414062,22255418,0.0,0.0,HDFCBANK.NS,14481660837888,20.992638,1.16,1020.5,830.55
2025-06-06 00:00:00+05:30,959.0366899431259,984.8379583134906,958.3953347348495,976.1552734375,30127008,0.0,0.0,HDFCBANK.NS,14481660837888,20.992638,1.16,1020.5,830.55
2025-06-09 00:00:00+05:30,984.196594423998,984.196594423998,974.7739724063232,976.2539672851562,13202588,0.0,0.0,HDFCBANK.NS,14481660837888,20.992638,1.16,1020.5,830.55
2025-06-10 00:00:00+05:30,978.1780428487654,978.1780428487654,967.472709657825,969.5447387695312,15533126,0.0,0.0,HDFCBANK.NS,14481660837888,20.992638,1.16,1020.5,830.55
2025-06-11 00:00:00+05:30,970.6793723493836,970.6793723493836,960.516752091058,962.194091796875,11096394,0.0,0.0,HDFCBANK.NS,14481660837888,20.992638,1.16,1020.5,830.55
2025-06-12 00:00:00+05:30,961.9966994408974,967.4233474890254,954.7447484104943,958.74072265625,16349130,0.0,0.0,HDFCBANK.NS,14481660837888,20.992638,1.16,1020.5,830.55
2025-06-13 00:00:00+05:30,947.19676434732,953.6100757725884,943.7434428106371,946.0127563476562,12117762,0.0,0.0,HDFCBANK.NS,14481660837888,20.992638,1.16,1020.5,830.55
2025-06-16 00:00:00+05:30,949.1700746468088,956.520728121515,947.2460692080249,954.7940673828125,16513746,0.0,0.0,HDFCBANK.NS,14481660837888,20.992638,1.16,1020.5,830.55
2025-06-17 00:00:00+05:30,955.5834055099792,957.852719054467,946.7527569357399,951.9327392578125,16978736,0.0,0.0,HDFCBANK.NS,14481660837888,20.992638,1.16,1020.5,830.55
2025-06-18 00:00:00+05:30,945.7167603313338,955.2380851367438,945.7167603313338,954.0540771484375,18433816,0.0,0.0,HDFCBANK.NS,14481660837888,20.992638,1.16,1020.5,830.55
2025-06-19 00:00:00+05:30,954.0540746334422,960.4180648603083,949.9593979158449,954.7447509765625,16876220,0.0,0.0,HDFCBANK.NS,14481660837888,20.992638,1.16,1020.5,830.55
2025-06-20 00:00:00+05:30,952.9193918485255,971.8140179089729,952.9193918485255,969.2486572265625,32900408,0.0,0.0,HDFCBANK.NS,14481660837888,20.992638,1.16,1020.5,830.55
2025-06-23 00:00:00+05:30,961.2073364257812,965.8939867961492,957.9513597916495,961.2073364257812,11739518,0.0,0.0,HDFCBANK.NS,14481660837888,20.992638,1.16,1020.5,830.55
2025-06-24 00:00:00+05:30,969.3966711141703,976.3033140635843,964.7593416610487,967.3740234375,22625322,0.0,0.0,HDFCBANK.NS,14481660837888,20.992638,1.16,1020.5,830.55
2025-06-25 00:00:00+05:30,969.8900392545883,977.7833457795492,968.854054817417,976.8953247070312,18405932,0.0,0.0,HDFCBANK.NS,14481660837888,20.992638,1.16,1020.5,830.55
2025-06-26 00:00:00+05:30,977.4873577522009,1000.032590400823,976.7966813877978,997.41796875,50084830,0.0,0.0,HDFCBANK.NS,14481660837888,20.992638,1.16,1020.5,830.55
2025-06-27 00:00:00+05:30,1004.0015037809444,1007.393088107433,994.2258430942326,1004.9491577148438,28213384,11.0,0.0,HDFCBANK.NS,14481660837888,20.992638,1.16,1020.5,830.55
2025-06-30 00:00:00+05:30,1003.2533964547342,1004.400566128524,995.2732550959096,998.2658081054688,13649020,0.0,0.0,HDFCBANK.NS,14481660837888,20.992638,1.16,1020.5,830.55
2025-07-01 00:00:00+05:30,1000.0114368496795,1005.4977838847651,999.5126780283082,1003.5526123046875,14389386,0.0,0.0,HDFCBANK.NS,14481660837888,20.992638,1.16,1020.5,830.55
2025-07-02 00:00:00+05:30,1007.4429706558585,1007.4429706558585,986.4950998423908,990.5350341796875,18878250,0.0,0.0,HDFCBANK.NS,14481660837888,20.992638,1.16,1020.5,830.55
2025-07-03 00:00:00+05:30,994.9739612315547,1001.507689459166,989.6871300276722,991.0836181640625,16860506,0.0,0.0,HDFCBANK.NS,14481660837888,20.992638,1.16,1020.5,830.55
2025-07-04 00:00:00+05:30,991.0836632772651,999.2633203019867,987.5424877454124,992.1809692382812,7863944,0.0,0.0,HDFCBANK.NS,14481660837888,20.992638,1.16,1020.5,830.55
2025-07-07 00:00:00+05:30,992.0312782906421,996.7196233059492,989.4377568185034,991.2332763671875,11349426,0.0,0.0,HDFCBANK.NS,14481660837888,20.992638,1.16,1020.5,830.55
2025-07-08 00:00:00+05:30,986.0462146584523,1000.0114620081927,986.0462146584523,998.2159423828125,15224316,0.0,0.0,HDFCBANK.NS,14481660837888,20.992638,1.16,1020.5,830.55
2025-07-09 00:00:00+05:30,1001.0089360727129,1004.4005203490875,996.5699704674603,1003.1036987304688,13861428,0.0,0.0,HDFCBANK.NS,14481660837888,20.992638,1.16,1020.5,830.55
2025-07-10 00:00:00+05:30,1005.4977851253348,1005.9965439473215,997.5176439735463,1000.6099243164062,17030310,0.0,0.0,HDFCBANK.NS,14481660837888,20.992638,1.16,1020.5,830.55
2025-07-11 00:00:00+05:30,996.5201541247731,999.9117385623401,987.9913902076418,989.3878784179688,12516922,0.0,0.0,HDFCBANK.NS,14481660837888,20.992638,1.16,1020.5,830.55
2025-07-14 00:00:00+05:30,989.0387573242188,991.8816582943851,982.8541356715338,989.0387573242188,13088850,0.0,0.0,HDFCBANK.NS,14481660837888,20.992638,1.16,1020.5,830.55
2025-07-15 00:00:00+05:30,984.0511806165923,999.3131887778599,984.0511806165923,995.2732543945312,14498168,0.0,0.0,HDFCBANK.NS,14481660837888,20.992638,1.16,1020.5,830.55
2025-07-16 00:00:00+05:30,1006.4952830829005,1008.8394251469304,993.826797075495,995.6722412109375,17994612,0.0,0.0,HDFCBANK.NS,14481660837888,20.992638,1.16,1020.5,830.55
2025-07-17 00:00:00+05:30,999.5126501495852,999.9116815490105,988.8890631972324,990.98388671875,22529158,0.0,0.0,HDFCBANK.NS,14481660837888,20.992638,1.16,1020.5,830.55
2025-07-18 00:00:00+05:30,990.9838927216935,996.0213445308241,974.0759568696542,976.2705078125,16129446,0.0,0.0,HDFCBANK.NS,14481660837888,20.992638,1.16,1020.5,830.55
2025-07-21 00:00:00+05:30,986.6446826643673,998.5151670456409,985.7968170158388,997.7670288085938,22309078,0.0,0.0,HDFCBANK.NS,14481660837888,20.992638,1.16,1020.5,830.55
2025-07-22 00:00:00+05:30,1004.051390877723,1006.4953213272488,999.0139388595042,1001.058837890625,14836814,0.0,0.0,HDFCBANK.NS,14481660837888,20.992638,1.16,1020.5,830.55
2025-07-23 00:00:00+05:30,1003.0039954915454,1012.3806857402005,999.0139248978445,1009.6375122070312,13634916,0.0,0.0,HDFCBANK.NS,14481660837888,20.992638,1.16,1020.5,830.55
2025-07-24 00:00:00+05:30,1016.3208076773761,1016.3208076773761,1001.7072110041944,1004.5999755859375,19107176,0.0,0.0,HDFCBANK.NS,14481660837888,20.992638,1.16,1020.5,830.55
2025-07-25 00:00:00+05:30,1007.5,1007.5,999.5,1002.2999877929688,9306598,2.5,0.0,HDFCBANK.NS,14481660837888,20.992638,1.16,1020.5,830.55
2025-07-28 00:00:00+05:30,1001.5,1010.7000122070312,1000.25,1004.25,12059580,0.0,0.0,HDFCBANK.NS,14481660837888,20.992638,1.16,1020.5,830.55
2025-07-29 00:00:00+05:30,999.9500122070312,1013.25,998.1500244140625,1010.7999877929688,19895696,0.0,0.0,HDFCBANK.NS,14481660837888,20.992638,1.16,1020.5,830.55
2025-07-30 00:00:00+05:30,1014.0,1016.2999877929688,1008.5,1012.9000244140625,15154036,0.0,0.0,HDFCBANK.NS,14481660837888,20.992638,1.16,1020.5,830.55
2025-07-31 00:00:00+05:30,1007.2999877929688,1015.7000122070312,1004.0,1009.0999755859375,22183032,0.0,0.0,HDFCBANK.NS,14481660837888,20.992638,1.16,1020.5,830.55
2025-08-01 00:00:00+05:30,1007.0,1014.1500244140625,1004.6500244140625,1006.0999755859375,11317258,0.0,0.0,HDFCBANK.NS,14481660837888,20.992638,1.16,1020.5,830.55
2025-08-04 00:00:00+05:30,1005.0499877929688,1009.25,994.0499877929688,996.0,13933946,0.0,0.0,HDFCBANK.NS,14481660837888,20.992638,1.16,1020.5,830.55
2025-08-05 00:00:00+05:30,993.25,997.2000122070312,982.75,988.7999877929688,23978058,0.0,0.0,HDFCBANK.NS,14481660837888,20.992638,1.16,1020.5,830.55
2025-08-06 00:00:00+05:30,985.5499877929688,994.0,985.0,992.6500244140625,14080204,0.0,0.0,HDFCBANK.NS,14481660837888,20.992638,1.16,1020.5,830.55
2025-08-07 00:00:00+05:30,990.0499877929688,1000.7999877929688,988.4000244140625,997.7000122070312,13081186,0.0,0.0,HDFCBANK.NS,14481660837888,20.992638,1.16,1020.5,830.55
2025-08-08 00:00:00+05:30,993.5499877929688,996.4000244140625,985.0,986.9500122070312,13895264,0.0,0.0,HDFCBANK.NS,14481660837888,20.992638,1.16,1020.5,830.55
2025-08-11 00:00:00+05:30,987.9500122070312,998.7999877929688,986.5499877929688,997.7999877929688,9105854,0.0,0.0,HDFCBANK.NS,14481660837888,20.992638,1.16,1020.5,830.55
2025-08-12 00:00:00+05:30,995.9500122070312,998.0,983.75,984.9500122070312,12937802,0.0,0.0,HDFCBANK.NS,14481660837888,20.992638,1.16,1020.5,830.55
2025-08-13 00:00:00+05:30,997.0,997.0,984.5499877929688,990.1500244140625,13577396,0.0,0.0,HDFCBANK.NS,14481660837888,20.992638,1.16,1020.5,830.55
2025-08-14 00:00:00+05:30,989.0,998.0,985.5999755859375,995.5499877929688,17511716,0.0,0.0,HDFCBANK.NS,14481660837888,20.992638,1.16,1020.5,830.55
2025-08-18 00:00:00+05:30,1005.0,1013.2999877929688,997.7999877929688,1001.7999877929688,19284796,0.0,0.0,HDFCBANK.NS,14481660837888,20.992638,1.16,1020.5,830.55
2025-08-19 00:00:00+05:30,999.1500244140625,1003.0499877929688,993.3499755859375,995.5499877929688,12352438,0.0,0.0,HDFCBANK.NS,14481660837888,20.992638,1.16,1020.5,830.55
2025-08-20 00:00:00+05:30,993.5,996.0,989.5,994.0999755859375,9950228,0.0,0.0,HDFCBANK.NS,14481660837888,20.992638,1.16,1020.5,830.55
2025-08-21 00:00:00+05:30,998.75,998.75,991.5999755859375,995.5999755859375,12439850,0.0,0.0,HDFCBANK.NS,14481660837888,20.992638,1.16,1020.5,830.55
2025-08-22 00:00:00+05:30,994.9500122070312,998.0,978.5499877929688,982.2999877929688,19833502,0.0,0.0,HDFCBANK.NS,14481660837888,20.992638,1.16,1020.5,830.55
2025-08-25 00:00:00+05:30,980.0999755859375,988.7000122070312,978.5,982.0499877929688,17518044,0.0,0.0,HDFCBANK.NS,14481660837888,20.992638,1.16,1020.5,830.55
2025-08-26 00:00:00+05:30,979.5,985.7000122070312,968.0,973.4000244140625,16917731,0.0,2.0,HDFCBANK.NS,14481660837888,20.992638,1.16,1020.5,830.55
2025-08-28 00:00:00+05:30,967.0,972.2000122070312,955.0,957.7999877929688,25438255,0.0,0.0,HDFCBANK.NS,14481660837888,20.992638,1.16,1020.5,830.55
2025-08-29 00:00:00+05:30,954.0,963.2999877929688,950.0999755859375,951.5999755859375,14823813,0.0,0.0,HDFCBANK.NS,14481660837888,20.992638,1.16,1020.5,830.55
2025-09-01 00:00:00+05:30,949.5999755859375,957.4500122070312,946.3499755859375,950.5999755859375,20178344,0.0,0.0,HDFCBANK.NS,14481660837888,20.992638,1.16,1020.5,830.55
2025-09-02 00:00:00+05:30,951.0,954.7999877929688,944.0,944.5,14196320,0.0,0.0,HDFCBANK.NS,14481660837888,20.992638,1.16,1020.5,830.55
2025-09-03 00:00:00+05:30,945.0,956.2999877929688,940.0,954.4500122070312,16083481,0.0,0.0,HDFCBANK.NS,14481660837888,20.992638,1.16,1020.5,830.55
2025-09-04 00:00:00+05:30,960.2000122070312,965.7000122070312,956.25,961.25,17597657,0.0,0.0,HDFCBANK.NS,14481660837888,20.992638,1.16,1020.5,830.55
2025-09-05 00:00:00+05:30,967.5,967.5,954.0499877929688,963.4000244140625,11602111,0.0,0.0,HDFCBANK.NS,14481660837888,20.992638,1.16,1020.5,830.55
2025-09-08 00:00:00+05:30,969.0,973.1500244140625,960.4500122070312,966.0,11711307,0.0,0.0,HDFCBANK.NS,14481660837888,20.992638,1.16,1020.5,830.55
2025-09-09 00:00:00+05:30,974.0,974.4000244140625,962.7000122070312,965.1500244140625,13985539,0.0,0.0,HDFCBANK.NS,14481660837888,20.992638,1.16,1020.5,830.55
2025-09-10 00:00:00+05:30,973.9000244140625,973.9000244140625,961.7000122070312,965.9000244140625,18091100,0.0,0.0,HDFCBANK.NS,14481660837888,20.992638,1.16,1020.5,830.55
2025-09-11 00:00:00+05:30,960.2999877929688,969.25,959.9000244140625,967.7999877929688,15113633,0.0,0.0,HDFCBANK.NS,14481660837888,20.992638,1.16,1020.5,830.55
2025-09-12 00:00:00+05:30,969.9000244140625,970.75,962.25,967.2999877929688,14363519,0.0,0.0,HDFCBANK.NS,14481660837888,20.992638,1.16,1020.5,830.55
2025-09-15 00:00:00+05:30,969.5999755859375,972.3499755859375,965.0,967.0499877929688,14486377,0.0,0.0,HDFCBANK.NS,14481660837888,20.992638,1.16,1020.5,830.55
2025-09-16 00:00:00+05:30,961.2000122070312,969.3499755859375,961.2000122070312,966.8499755859375,18661794,0.0,0.0,HDFCBANK.NS,14481660837888,20.992638,1.16,1020.5,830.55
2025-09-17 00:00:00+05:30,965.1500244140625,974.4000244140625,964.3499755859375,966.5,17361476,0.0,0.0,HDFCBANK.NS,14481660837888,20.992638,1.16,1020.5,830.55
2025-09-18 00:00:00+05:30,973.2999877929688,979.6500244140625,969.25,976.9000244140625,17791598,0.0,0.0,HDFCBANK.NS,14481660837888,20.992638,1.16,1020.5,830.55
2025-09-19 00:00:00+05:30,974.9000244140625,976.7000122070312,962.0999755859375,966.9000244140625,31243267,0.0,0.0,HDFCBANK.NS,14481660837888,20.992638,1.16,1020.5,830.55
2025-09-22 00:00:00+05:30,964.0,971.2000122070312,961.9500122070312,964.2000122070312,10854415,0.0,0.0,HDFCBANK.NS,14481660837888,20.992638,1.16,1020.5,830.55
2025-09-23 00:00:00+05:30,967.0,968.2000122070312,955.5,957.2000122070312,21022298,0.0,0.0,HDFCBANK.NS,14481660837888,20.992638,1.16,1020.5,830.55
2025-09-24 00:00:00+05:30,952.2000122070312,956.4500122070312,943.0,951.0499877929688,15117220,0.0,0.0,HDFCBANK.NS,14481660837888,20.992638,1.16,1020.5,830.55
2025-09-25 00:00:00+05:30,952.5,958.0,947.4000244140625,949.8499755859375,31413279,0.0,0.0,HDFCBANK.NS,14481660837888,20.992638,1.16,1020.5,830.55
2025-09-26 00:00:00+05:30,945.0999755859375,951.4500122070312,941.2999877929688,945.0499877929688,14874656,0.0,0.0,HDFCBANK.NS,14481660837888,20.992638,1.16,1020.5,830.55
2025-09-29 00:00:00+05:30,946.0499877929688,956.7999877929688,939.0999755859375,950.2999877929688,32398179,0.0,0.0,HDFCBANK.NS,14481660837888,20.992638,1.16,1020.5,830.55
2025-09-30 00:00:00+05:30,958.0499877929688,960.0,946.2999877929688,951.0,28296687,0.0,0.0,HDFCBANK.NS,14481660837888,20.992638,1.16,1020.5,830.55
2025-10-01 00:00:00+05:30,952.7000122070312,969.5999755859375,946.0,965.25,25350832,0.0,0.0,HDFCBANK.NS,14481660837888,20.992638,1.16,1020.5,830.55
2025-10-03 00:00:00+05:30,952.0,966.75,952.0,965.1500244140625,26658296,0.0,0.0,HDFCBANK.NS,14481660837888,20.992638,1.16,1020.5,830.55
2025-10-06 00:00:00+05:30,971.9000244140625,977.4000244140625,962.0,973.4500122070312,18542683,0.0,0.0,HDFCBANK.NS,14481660837888,20.992638,1.16,1020.5,830.55
2025-10-07 00:00:00+05:30,974.0,989.8499755859375,971.0,982.5,25535736,0.0,0.0,HDFCBANK.NS,14481660837888,20.992638,1.16,1020.5,830.55
2025-10-08 00:00:00+05:30,976.0,985.9000244140625,974.5499877929688,978.7000122070312,15939710,0.0,0.0,HDFCBANK.NS,14481660837888,20.992638,1.16,1020.5,830.55
2025-10-09 00:00:00+05:30,974.5,979.0,970.1500244140625,977.0999755859375,15370950,0.0,0.0,HDFCBANK.NS,14481660837888,20.992638,1.16,1020.5,830.55
2025-10-10 00:00:00+05:30,979.0,986.2000122070312,978.0999755859375,980.9000244140625,13757080,0.0,0.0,HDFCBANK.NS,14481660837888,20.992638,1.16,1020.5,830.55
2025-10-13 00:00:00+05:30,974.2999877929688,981.0,972.0,977.0,18634254,0.0,0.0,HDFCBANK.NS,14481660837888,20.992638,1.16,1020.5,830.55
2025-10-14 00:00:00+05:30,970.0,980.4500122070312,967.0,977.1500244140625,22934382,0.0,0.0,HDFCBANK.NS,14481660837888,20.992638,1.16,1020.5,830.55
2025-10-15 00:00:00+05:30,975.0,984.9000244140625,973.3499755859375,978.25,23310447,0.0,0.0,HDFCBANK.NS,14481660837888,20.992638,1.16,1020.5,830.55
2025-10-16 00:00:00+05:30,982.6500244140625,996.5999755859375,981.5,994.3499755859375,22936566,0.0,0.0,HDFCBANK.NS,14481660837888,20.992638,1.16,1020.5,830.55
2025-10-17 00:00:00+05:30,993.9500122070312,1009.0,986.0,1002.5499877929688,25210511,0.0,0.0,HDFCBANK.NS,14481660837888,20.992638,1.16,1020.5,830.55
2025-10-20 00:00:00+05:30,997.0,1020.0,997.0,1002.9500122070312,22195202,0.0,0.0,HDFCBANK.NS,14481660837888,20.992638,1.16,1020.5,830.55
2025-10-21 00:00:00+05:30,1006.0,1010.0,1004.0,1007.7000122070312,3471600,0.0,0.0,HDFCBANK.NS,14481660837888,20.992638,1.16,1020.5,830.55
2025-10-23 00:00:00+05:30,1016.0,1020.5,1006.0,1008.7999877929688,43526526,0.0,0.0,HDFCBANK.NS,14481660837888,20.992638,1.16,1020.5,830.55
2025-10-24 00:00:00+05:30,1011.0,1011.9500122070312,991.2999877929688,994.75,17707768,0.0,0.0,HDFCBANK.NS,14481660837888,20.992638,1.16,1020.5,830.55
2025-10-27 00:00:00+05:30,996.5,1009.0499877929688,996.2000122070312,1002.9500122070312,15700796,0.0,0.0,HDFCBANK.NS,14481660837888,20.992638,1.16,1020.5,830.55
2025-10-28 00:00:00+05:30,997.6500244140625,1008.0,995.0,1003.5499877929688,33904289,0.0,0.0,HDFCBANK.NS,14481660837888,20.992638,1.16,1020.5,830.55
2025-10-29 00:00:00+05:30,1004.9000244140625,1012.5,1000.0,1007.8499755859375,17769445,0.0,0.0,HDFCBANK.NS,14481660837888,20.992638,1.16,1020.5,830.55
2025-10-30 00:00:00+05:30,1000.0,1009.5,997.0999755859375,998.1500244140625,19962917,0.0,0.0,HDFCBANK.NS,14481660837888,20.992638,1.16,1020.5,830.55
2025-10-31 00:00:00+05:30,994.0,1004.4500122070312,981.1500244140625,987.2999877929688,23221330,0.0,0.0,HDFCBANK.NS,14481660837888,20.992638,1.16,1020.5,830.55
2025-11-03 00:00:00+05:30,985.0,994.5499877929688,983.2999877929688,992.6500244140625,16607180,0.0,0.0,HDFCBANK.NS,14481660837888,20.992638,1.16,1020.5,830.55
2025-11-04 00:00:00+05:30,987.0,997.0,983.7000122070312,985.25,20024544,0.0,0.0,HDFCBANK.NS,14481660837888,20.992638,1.16,1020.5,830.55
2025-11-06 00:00:00+05:30,981.0,991.0499877929688,974.0,984.6500244140625,22279516,0.0,0.0,HDFCBANK.NS,14481660837888,20.992638,1.16,1020.5,830.55
2025-11-07 00:00:00+05:30,980.0,984.9000244140625,974.75,982.2999877929688,15004568,0.0,0.0,HDFCBANK.NS,14481660837888,20.992638,1.16,1020.5,830.55
2025-11-10 00:00:00+05:30,982.2999877929688,990.9500122070312,980.2000122070312,984.5,15988262,0.0,0.0,HDFCBANK.NS,14481660837888,20.992638,1.16,1020.5,830.55
2025-11-11 00:00:00+05:30,983.5,993.5,978.0,991.7000122070312,10200530,0.0,0.0,HDFCBANK.NS,14481660837888,20.992638,1.16,1020.5,830.55
2025-11-12 00:00:00+05:30,998.7999877929688,999.0,987.7000122070312,989.5,13137263,0.0,0.0,HDFCBANK.NS,14481660837888,20.992638,1.16,1020.5,830.55
2025-11-13 00:00:00+05:30,984.0,990.0999755859375,982.5999755859375,986.6500244140625,14124839,0.0,0.0,HDFCBANK.NS,14481660837888,20.992638,1.16,1020.5,830.55
2025-11-14 00:00:00+05:30,976.0499877929688,991.6500244140625,976.0499877929688,989.5999755859375,21386965,0.0,0.0,HDFCBANK.NS,14481660837888,20.992638,1.16,1020.5,830.55
2025-11-17 00:00:00+05:30,991.25,997.9500122070312,985.5999755859375,996.5499877929688,18396408,0.0,0.0,HDFCBANK.NS,14481660837888,20.992638,1.16,1020.5,830.55
2025-11-18 00:00:00+05:30,997.6500244140625,999.0,990.0,992.4500122070312,20002640,0.0,0.0,HDFCBANK.NS,14481660837888,20.992638,1.16,1020.5,830.55
2025-11-19 00:00:00+05:30,990.0,996.5499877929688,984.0,994.5999755859375,19813847,0.0,0.0,HDFCBANK.NS,14481660837888,20.992638,1.16,1020.5,830.55
2025-11-20 00:00:00+05:30,995.2999877929688,1011.5999755859375,992.4500122070312,1008.8499755859375,19850865,0.0,0.0,HDFCBANK.NS,14481660837888,20.992638,1.16,1020.5,830.55
2025-11-21 00:00:00+05:30,1003.0999755859375,1008.2999877929688,996.5499877929688,998.0499877929688,17499897,0.0,0.0,HDFCBANK.NS,14481660837888,20.992638,1.16,1020.5,830.55
2025-11-24 00:00:00+05:30,1000.0,1011.4500122070312,993.5999755859375,999.1500244140625,32204053,0.0,0.0,HDFCBANK.NS,14481660837888,20.992638,1.16,1020.5,830.55
2025-11-25 00:00:00+05:30,1004.0,1006.0999755859375,988.4000244140625,989.7999877929688,24989383,0.0,0.0,HDFCBANK.NS,14481660837888,20.992638,1.16,1020.5,830.55
2025-11-26 00:00:00+05:30,981.2999877929688,1006.9500122070312,981.2999877929688,1003.9000244140625,19494356,0.0,0.0,HDFCBANK.NS,14481660837888,20.992638,1.16,1020.5,830.55
2025-11-27 00:00:00+05:30,1002.0999755859375,1016.7999877929688,1001.0,1009.5,25536848,0.0,0.0,HDFCBANK.NS,14481660837888,20.992638,1.16,1020.5,830.55
2025-11-28 00:00:00+05:30,1007.0,1012.0499877929688,1004.2000122070312,1007.5999755859375,15988807,0.0,0.0,HDFCBANK.NS,14481660837888,20.992638,1.16,1020.5,830.55
2025-12-01 00:00:00+05:30,1017.5,1017.5,999.2999877929688,1002.0999755859375,16746566,0.0,0.0,HDFCBANK.NS,14481660837888,20.992638,1.16,1020.5,830.55
2025-12-02 00:00:00+05:30,988.0,994.4000244140625,985.0,989.7999877929688,27316662,0.0,0.0,HDFCBANK.NS,14481660837888,20.992638,1.16,1020.5,830.55
2025-12-03 00:00:00+05:30,986.0,1002.2999877929688,986.0,1000.5,15448777,0.0,0.0,HDFCBANK.NS,14481660837888,20.992638,1.16,1020.5,830.55
2025-12-04 00:00:00+05:30,1000.0,1004.7000122070312,993.0,997.2000122070312,14528169,0.0,0.0,HDFCBANK.NS,14481660837888,20.992638,1.16,1020.5,830.55
2025-12-05 00:00:00+05:30,992.0,1008.0,990.2000122070312,1003.2999877929688,12843366,0.0,0.0,HDFCBANK.NS,14481660837888,20.992638,1.16,1020.5,830.55
2025-12-08 00:00:00+05:30,1000.0,1006.5,997.5,1003.0999755859375,12901022,0.0,0.0,HDFCBANK.NS,14481660837888,20.992638,1.16,1020.5,830.55
2025-12-09 00:00:00+05:30,994.9000244140625,1002.7999877929688,994.0,997.0999755859375,15294322,0.0,0.0,HDFCBANK.NS,14481660837888,20.992638,1.16,1020.5,830.55
2025-12-10 00:00:00+05:30,997.5,998.5,985.2999877929688,989.7999877929688,15322830,0.0,0.0,HDFCBANK.NS,14481660837888,20.992638,1.16,1020.5,830.55
2025-12-11 00:00:00+05:30,990.0,1002.7000122070312,988.5,1000.2999877929688,11844809,0.0,0.0,HDFCBANK.NS,14481660837888,20.992638,1.16,1020.5,830.55
2025-12-12 00:00:00+05:30,1003.0,1004.7000122070312,998.2000122070312,1001.5,11988618,0.0,0.0,HDFCBANK.NS,14481660837888,20.992638,1.16,1020.5,830.55
2025-12-15 00:00:00+05:30,992.0,1001.7999877929688,992.0,996.0999755859375,9790060,0.0,0.0,HDFCBANK.NS,14481660837888,20.992638,1.16,1020.5,830.55
2025-12-16 00:00:00+05:30,990.0999755859375,998.7000122070312,990.0999755859375,994.2999877929688,20049088,0.0,0.0,HDFCBANK.NS,14481660837888,20.992638,1.16,1020.5,830.55
2025-12-17 00:00:00+05:30,996.0,996.0,980.7999877929688,984.0,19080922,0.0,0.0,HDFCBANK.NS,14481660837888,20.992638,1.16,1020.5,830.55
2025-12-18 00:00:00+05:30,973.2999877929688,987.4000244140625,973.2999877929688,979.7000122070312,14912404,0.0,0.0,HDFCBANK.NS,14481660837888,20.992638,1.16,1020.5,830.55
2025-12-19 00:00:00+05:30,987.0,988.0,978.7000122070312,985.5,25952384,0.0,0.0,HDFCBANK.NS,14481660837888,20.992638,1.16,1020.5,830.55
2025-12-22 00:00:00+05:30,988.0,992.9000244140625,983.9000244140625,987.7000122070312,13540411,0.0,0.0,HDFCBANK.NS,14481660837888,20.992638,1.16,1020.5,830.55
2025-12-23 00:00:00+05:30,990.5,998.9000244140625,987.7000122070312,996.5999755859375,17927849,0.0,0.0,HDFCBANK.NS,14481660837888,20.992638,1.16,1020.5,830.55
2025-12-24 00:00:00+05:30,993.0,999.4000244140625,993.0,997.2000122070312,13699996,0.0,0.0,HDFCBANK.NS,14481660837888,20.992638,1.16,1020.5,830.55
2025-12-26 00:00:00+05:30,996.0,997.2000122070312,987.7000122070312,992.0999755859375,9360853,0.0,0.0,HDFCBANK.NS,14481660837888,20.992638,1.16,1020.5,830.55
2025-12-29 00:00:00+05:30,993.0999755859375,997.4000244140625,987.2000122070312,991.7000122070312,13545749,0.0,0.0,HDFCBANK.NS,14481660837888,20.992638,1.16,1020.5,830.55
2025-12-30 00:00:00+05:30,990.2000122070312,995.0,982.2000122070312,990.9000244140625,33155849,0.0,0.0,HDFCBANK.NS,14481660837888,20.992638,1.16,1020.5,830.55
2025-12-31 00:00:00+05:30,991.0,997.5999755859375,987.5999755859375,991.2000122070312,10963454,0.0,0.0,HDFCBANK.NS,14481660837888,20.992638,1.16,1020.5,830.55
2026-01-01 00:00:00+05:30,993.5,997.5499877929688,989.5,991.1500244140625,7132074,0.0,0.0,HDFCBANK.NS,14481660837888,20.992638,1.16,1020.5,830.55
2026-01-02 00:00:00+05:30,991.1500244140625,1003.2000122070312,988.7999877929688,1001.5999755859375,11751459,0.0,0.0,HDFCBANK.NS,14481660837888,20.992638,1.16,1020.5,830.55
2026-01-05 00:00:00+05:30,1005.75,1006.4000244140625,976.2999877929688,977.5,27647379,0.0,0.0,HDFCBANK.NS,14481660837888,20.992638,1.16,1020.5,830.55
2026-01-06 00:00:00+05:30,962.7000122070312,966.7000122070312,956.0,962.2000122070312,31988783,0.0,0.0,HDFCBANK.NS,14481660837888,20.992638,1.16,1020.5,830.55
2026-01-07 00:00:00+05:30,956.0,956.4500122070312,946.0,949.0499877929688,52884712,0.0,0.0,HDFCBANK.NS,14481660837888,20.992638,1.16,1020.5,830.55
2026-01-08 00:00:00+05:30,944.7000122070312,953.0,941.4000244140625,946.7000122070312,21928849,0.0,0.0,HDFCBANK.NS,14481660837888,20.992638,1.16,1020.5,830.55
2026-01-09 00:00:00+05:30,945.0,950.5999755859375,933.2999877929688,939.0,38183839,0.0,0.0,HDFCBANK.NS,14481660837888,20.992638,1.16,1020.5,830.55
2026-01-12 00:00:00+05:30,937.5,942.0,929.5999755859375,936.9500122070312,21071666,0.0,0.0,HDFCBANK.NS,14481660837888,20.992638,1.16,1020.5,830.55
2026-01-13 00:00:00+05:30,947.7000122070312,947.7000122070312,932.5999755859375,937.3499755859375,32042827,0.0,0.0,HDFCBANK.NS,14481660837888,20.992638,1.16,1020.5,830.55
2026-01-14 00:00:00+05:30,930.0,940.0499877929688,920.2000122070312,925.4500122070312,36688248,0.0,0.0,HDFCBANK.NS,14481660837888,20.992638,1.16,1020.5,830.55
2026-01-15 00:00:00+05:30,925.4500122070312,925.4500122070312,925.4500122070312,925.4500122070312,0,0.0,0.0,HDFCBANK.NS,14481660837888,20.992638,1.16,1020.5,830.55
2026-01-16 00:00:00+05:30,922.0,935.9500122070312,919.2000122070312,931.0999755859375,37780235,0.0,0.0,HDFCBANK.NS,14481660837888,20.992638,1.16,1020.5,830.55
2026-01-19 00:00:00+05:30,935.9000244140625,936.1500244140625,919.5,927.9000244140625,38191942,0.0,0.0,HDFCBANK.NS,14481660837888,20.992638,1.16,1020.5,830.55
2026-01-20 00:00:00+05:30,929.2999877929688,934.5,919.5999755859375,931.2000122070312,36022727,0.0,0.0,HDFCBANK.NS,14481660837888,20.992638,1.16,1020.5,830.55
2026-01-21 00:00:00+05:30,925.0,932.1500244140625,915.5,920.3499755859375,32766854,0.0,0.0,HDFCBANK.NS,14481660837888,20.992638,1.16,1020.5,830.55
2026-01-22 00:00:00+05:30,928.0,928.2999877929688,913.2000122070312,918.7000122070312,44444755,0.0,0.0,HDFCBANK.NS,14481660837888,20.992638,1.16,1020.5,830.55
2026-01-23 00:00:00+05:30,920.0,926.0999755859375,909.25,916.0999755859375,30985247,0.0,0.0,HDFCBANK.NS,14481660837888,20.992638,1.16,1020.5,830.55
2026-01-27 00:00:00+05:30,906.0,931.2000122070312,905.0,926.4000244140625,44753093,0.0,0.0,HDFCBANK.NS,14481660837888,20.992638,1.16,1020.5,830.55
2026-01-28 00:00:00+05:30,932.5,941.4500122070312,928.4000244140625,932.7000122070312,35347138,0.0,0.0,HDFCBANK.NS,14481660837888,20.992638,1.16,1020.5,830.55
2026-01-29 00:00:00+05:30,930.0999755859375,939.2999877929688,924.3499755859375,935.5,37175628,0.0,0.0,HDFCBANK.NS,14481660837888,20.992638,1.16,1020.5,830.55
2026-01-30 00:00:00+05:30,930.0,938.9000244140625,927.75,929.25,29691233,0.0,0.0,HDFCBANK.NS,14481660837888,20.992638,1.16,1020.5,830.55
2026-02-02 00:00:00+05:30,915.0,929.7999877929688,909.2999877929688,928.0999755859375,28032106,0.0,0.0,HDFCBANK.NS,14481660837888,20.992638,1.16,1020.5,830.55
2026-02-03 00:00:00+05:30,983.75,994.0,945.0,948.7000122070312,50336968,0.0,0.0,HDFCBANK.NS,14481660837888,20.992638,1.16,1020.5,830.55
2026-02-04 00:00:00+05:30,952.5,957.2000122070312,947.9500122070312,953.0999755859375,24366770,0.0,0.0,HDFCBANK.NS,14481660837888,20.992638,1.16,1020.5,830.55
2026-02-05 00:00:00+05:30,956.0,956.0499877929688,946.7000122070312,949.7000122070312,28103169,0.0,0.0,HDFCBANK.NS,14481660837888,20.992638,1.16,1020.5,830.55
2026-02-06 00:00:00+05:30,945.0,948.0999755859375,937.5999755859375,941.0999755859375,18119162,0.0,0.0,HDFCBANK.NS,14481660837888,20.992638,1.16,1020.5,830.55
2024-02-06 00:00:00+05:30,1007.0432159063025,1018.2102106949073,1000.3037097510473,1009.8472900390625,12886927,0.0,0.0,ICICIBANK.NS,10058266050560,19.177578,0.79,1500.0,1200.1
2024-02-07 00:00:00+05:30,1011.4214656725248,1014.9142629380416,996.6633703562916,1005.6658325195312,16410895,0.0,0.0,ICICIBANK.NS,10058266050560,19.177578,0.79,1500.0,1200.1
2024-02-08 00:00:00+05:30,1007.5843506463148,1011.6674477599702,969.3609072749921,973.3455810546875,20565502,0.0,0.0,ICICIBANK.NS,10058266050560,19.177578,0.79,1500.0,1200.1
2024-02-09 00:00:00+05:30,972.9028503266528,997.401313514954,969.6068995994941,994.4005126953125,12799837,0.0,0.0,ICICIBANK.NS,10058266050560,19.177578,0.79,1500.0,1200.1
2024-02-12 00:00:00+05:30,994.105320862232,995.876280283492,969.360890452768,980.035888671875,8050066,0.0,0.0,ICICIBANK.NS,10058266050560,19.177578,0.79,1500.0,1200.1
2024-02-13 00:00:00+05:30,989.7762629977263,1010.4868382114652,984.1681747459204,1003.3536987304688,18706292,0.0,0.0,ICICIBANK.NS,10058266050560,19.177578,0.79,1500.0,1200.1
2024-02-14 00:00:00+05:30,993.2690157159769,1018.997259686499,991.3012696355923,1006.2069702148438,17878720,0.0,0.0,ICICIBANK.NS,10058266050560,19.177578,0.79,1500.0,1200.1
2024-02-15 00:00:00+05:30,1006.3544812043777,1010.0932466717068,990.3665448403932,1000.2545166015625,10069878,0.0,0.0,ICICIBANK.NS,10058266050560,19.177578,0.79,1500.0,1200.1
2024-02-16 00:00:00+05:30,1006.6989262673613,1009.650485394361,1000.5005380040549,1006.7481079101562,7159395,0.0,0.0,ICICIBANK.NS,10058266050560,19.177578,0.79,1500.0,1200.1
2024-02-19 00:00:00+05:30,1006.8464465307476,1029.1311947979043,1006.8464465307476,1026.91748046875,9388255,0.0,0.0,ICICIBANK.NS,10058266050560,19.177578,0.79,1500.0,1200.1
2024-02-20 00:00:00+05:30,1024.2610180558977,1035.6739206502066,1016.5867607398595,1031.8367919921875,11293528,0.0,0.0,ICICIBANK.NS,10058266050560,19.177578,0.79,1500.0,1200.1
2024-02-21 00:00:00+05:30,1039.7569873370444,1046.8408245754547,1031.0988572886058,1034.985107421875,15946325,0.0,0.0,ICICIBANK.NS,10058266050560,19.177578,0.79,1500.0,1200.1
2024-02-22 00:00:00+05:30,1038.969987954932,1048.808718901475,1023.5232284095382,1045.5618896484375,13432573,0.0,0.0,ICICIBANK.NS,10058266050560,19.177578,0.79,1500.0,1200.1
2024-02-23 00:00:00+05:30,1052.744218252001,1052.744218252001,1040.5934094728898,1044.1845703125,13142759,0.0,0.0,ICICIBANK.NS,10058266050560,19.177578,0.79,1500.0,1200.1
2024-02-26 00:00:00+05:30,1036.1166162761153,1045.1683197973161,1033.558570535963,1037.1988525390625,7875941,0.0,0.0,ICICIBANK.NS,10058266050560,19.177578,0.79,1500.0,1200.1
2024-02-27 00:00:00+05:30,1033.8046204513494,1049.0054112267308,1029.6231599356051,1043.1021728515625,10580973,0.0,0.0,ICICIBANK.NS,10058266050560,19.177578,0.79,1500.0,1200.1
2024-02-28 00:00:00+05:30,1045.8569952406344,1047.6771362637548,1025.3432672847086,1029.327880859375,7730332,0.0,0.0,ICICIBANK.NS,10058266050560,19.177578,0.79,1500.0,1200.1
2024-02-29 00:00:00+05:30,1026.22885861961,1043.5941223069317,1021.7521880889905,1035.231201171875,20944844,0.0,0.0,ICICIBANK.NS,10058266050560,19.177578,0.79,1500.0,1200.1
2024-03-01 00:00:00+05:30,1037.986009477885,1072.3723226042753,1037.0021364831193,1069.37158203125,14909562,0.0,0.0,ICICIBANK.NS,10058266050560,19.177578,0.79,1500.0,1200.1
2024-03-04 00:00:00+05:30,1063.5667080999103,1077.3409300364494,1062.6811983836533,1074.733642578125,11424581,0.0,0.0,ICICIBANK.NS,10058266050560,19.177578,0.79,1500.0,1200.1
2024-03-05 00:00:00+05:30,1068.6829125129027,1081.7684727754213,1059.1393914895327,1070.503173828125,9222544,0.0,0.0,ICICIBANK.NS,10058266050560,19.177578,0.79,1500.0,1200.1
2024-03-06 00:00:00+05:30,1062.878109231162,1095.5918883060335,1062.878109231162,1079.4071044921875,21796484,0.0,0.0,ICICIBANK.NS,10058266050560,19.177578,0.79,1500.0,1200.1
2024-03-07 00:00:00+05:30,1077.2917746056637,1077.3410163000535,1065.2393294461426,1070.4046630859375,9963926,0.0,0.0,ICICIBANK.NS,10058266050560,19.177578,0.79,1500.0,1200.1
2024-03-11 00:00:00+05:30,1070.404535791999,1070.404535791999,1059.3852067115477,1061.3037109375,13310362,0.0,0.0,ICICIBANK.NS,10058266050560,19.177578,0.79,1500.0,1200.1
2024-03-12 00:00:00+05:30,1059.6804892440682,1077.1442354316735,1038.625582496139,1059.483642578125,21785435,0.0,0.0,ICICIBANK.NS,10058266050560,19.177578,0.79,1500.0,1200.1
2024-03-13 00:00:00+05:30,1059.77885170946,1072.0772645081547,1055.8433596138777,1066.4691162109375,24855870,0.0,0.0,ICICIBANK.NS,10058266050560,19.177578,0.79,1500.0,1200.1
2024-03-14 00:00:00+05:30,1062.5828370894137,1079.4070413229927,1057.7127137934276,1066.124755859375,14231421,0.0,0.0,ICICIBANK.NS,10058266050560,19.177578,0.79,1500.0,1200.1
2024-03-15 00:00:00+05:30,1054.7119299877845,1068.7321212212976,1052.7441838497475,1062.92724609375,66192734,0.0,0.0,ICICIBANK.NS,10058266050560,19.177578,0.79,1500.0,1200.1
2024-03-18 00:00:00+05:30,1057.7128263089558,1067.3055890531218,1042.9547297794695,1063.7635498046875,8769440,0.0,0.0,ICICIBANK.NS,10058266050560,19.177578,0.79,1500.0,1200.1
2024-03-19 00:00:00+05:30,1061.0578145795118,1071.1917547663113,1057.9094689437209,1066.4691162109375,16708715,0.0,0.0,ICICIBANK.NS,10058266050560,19.177578,0.79,1500.0,1200.1
2024-03-20 00:00:00+05:30,1062.5829470306016,1072.4216780216257,1050.2845332918216,1067.0103759765625,18725251,0.0,0.0,ICICIBANK.NS,10058266050560,19.177578,0.79,1500.0,1200.1
2024-03-21 00:00:00+05:30,1074.3893386064215,1082.2603227720363,1061.7465943107402,1064.3538818359375,19992607,0.0,0.0,ICICIBANK.NS,10058266050560,19.177578,0.79,1500.0,1200.1
2024-03-22 00:00:00+05:30,1063.7143347625467,1076.061869046459,1061.303773813482,1072.716796875,17214415,0.0,0.0,ICICIBANK.NS,10058266050560,19.177578,0.79,1500.0,1200.1
2024-03-26 00:00:00+05:30,1063.5667354159368,1071.585324555275,1059.58200164128,1066.22314453125,13367635,0.0,0.0,ICICIBANK.NS,10058266050560,19.177578,0.79,1500.0,1200.1
2024-03-27 00:00:00+05:30,1066.223219242338,1074.8813504721743,1062.1402420015347,1066.2724609375,26907245,0.0,0.0,ICICIBANK.NS,10058266050560,19.177578,0.79,1500.0,1200.1
2024-03-28 00:00:00+05:30,1067.5022626495677,1087.2289654055658,1067.5022626495677,1075.66845703125,22070566,0.0,0.0,ICICIBANK.NS,10058266050560,19.177578,0.79,1500.0,1200.1
2024-04-01 00:00:00+05:30,1078.3740966909645,1085.162724605495,1076.7998037410023,1081.916015625,10848191,0.0,0.0,ICICIBANK.NS,10058266050560,19.177578,0.79,1500.0,1200.1
2024-04-02 00:00:00+05:30,1076.7998684057336,1076.7998684057336,1061.845045296533,1063.7635498046875,14380396,0.0,0.0,ICICIBANK.NS,10058266050560,19.177578,0.79,1500.0,1200.1
2024-04-03 00:00:00+05:30,1057.6634084362693,1066.1739333709988,1054.9577578565486,1059.827880859375,15477184,0.0,0.0,ICICIBANK.NS,10058266050560,19.177578,0.79,1500.0,1200.1
2024-04-04 00:00:00+05:30,1067.2562910312008,1068.2894057744195,1046.2997470246664,1061.451416015625,21419689,0.0,0.0,ICICIBANK.NS,10058266050560,19.177578,0.79,1500.0,1200.1
2024-04-05 00:00:00+05:30,1052.7441775200211,1068.4861465296663,1050.235253168432,1065.9281005859375,15340637,0.0,0.0,ICICIBANK.NS,10058266050560,19.177578,0.79,1500.0,1200.1
2024-04-08 00:00:00+05:30,1060.9594232885527,1074.1433454810406,1058.9425557038237,1069.6175537109375,8023461,0.0,0.0,ICICIBANK.NS,10058266050560,19.177578,0.79,1500.0,1200.1
2024-04-09 00:00:00+05:30,1074.340076856861,1097.2643658518941,1070.7490364796934,1089.1966552734375,12298463,0.0,0.0,ICICIBANK.NS,10058266050560,19.177578,0.79,1500.0,1200.1
2024-04-10 00:00:00+05:30,1093.0337202336968,1098.5435054120717,1087.3273285870816,1091.5087890625,10598000,0.0,0.0,ICICIBANK.NS,10058266050560,19.177578,0.79,1500.0,1200.1
2024-04-12 00:00:00+05:30,1085.7038457563601,1093.9191612122947,1078.1280717650227,1086.58935546875,12216657,0.0,0.0,ICICIBANK.NS,10058266050560,19.177578,0.79,1500.0,1200.1
2024-04-15 00:00:00+05:30,1082.4570746408115,1088.3111913118553,1059.2376948297706,1060.95947265625,10526597,0.0,0.0,ICICIBANK.NS,10058266050560,19.177578,0.79,1500.0,1200.1
2024-04-16 00:00:00+05:30,1053.2853525855292,1057.2699664181264,1045.561852981989,1049.841796875,11278092,0.0,0.0,ICICIBANK.NS,10058266050560,19.177578,0.79,1500.0,1200.1
2024-04-18 00:00:00+05:30,1056.67972736376,1060.66446152718,1033.5094674241823,1038.4288330078125,16564216,0.0,0.0,ICICIBANK.NS,10058266050560,19.177578,0.79,1500.0,1200.1
2024-04-19 00:00:00+05:30,1035.9691407376135,1054.7119714804403,1031.1973801854901,1050.03857421875,11284433,0.0,0.0,ICICIBANK.NS,10058266050560,19.177578,0.79,1500.0,1200.1
2024-04-22 00:00:00+05:30,1061.4023525762484,1071.1426002239434,1053.088552786897,1069.125732421875,10346714,0.0,0.0,ICICIBANK.NS,10058266050560,19.177578,0.79,1500.0,1200.1
2024-04-23 00:00:00+05:30,1082.2603648639933,1082.2603648639933,1065.239312903183,1072.6676025390625,9848215,0.0,0.0,ICICIBANK.NS,10058266050560,19.177578,0.79,1500.0,1200.1
2024-04-24 00:00:00+05:30,1074.6353155118281,1080.686158658188,1071.4377281688085,1079.062744140625,5461309,0.0,0.0,ICICIBANK.NS,10058266050560,19.177578,0.79,1500.0,1200.1
2024-04-25 00:00:00+05:30,1072.4215900322672,1107.4966871577883,1072.3723483406734,1095.78857421875,19905338,0.0,0.0,ICICIBANK.NS,10058266050560,19.177578,0.79,1500.0,1200.1
2024-04-26 00:00:00+05:30,1094.2144193811591,1101.9377986819404,1084.9659888361693,1090.032958984375,14190059,0.0,0.0,ICICIBANK.NS,10058266050560,19.177578,0.79,1500.0,1200.1
2024-04-29 00:00:00+05:30,1090.1313056288498,1144.6870165205935,1090.032942347235,1141.4403076171875,28578063,0.0,0.0,ICICIBANK.NS,10058266050560,19.177578,0.79,1500.0,1200.1
2024-04-30 00:00:00+05:30,1141.2434493596547,1150.6887263324581,1128.2563736745785,1131.8475341796875,29568491,0.0,0.0,ICICIBANK.NS,10058266050560,19.177578,0.79,1500.0,1200.1
2024-05-02 00:00:00+05:30,1124.5668940413143,1136.8653071432534,1114.9741318218018,1121.0740966796875,25118334,0.0,0.0,ICICIBANK.NS,10058266050560,19.177578,0.79,1500.0,1200.1
2024-05-03 00:00:00+05:30,1122.8944193922243,1138.7347523146345,1117.1386656639672,1123.63232421875,19933604,0.0,0.0,ICICIBANK.NS,10058266050560,19.177578,0.79,1500.0,1200.1
2024-05-06 00:00:00+05:30,1123.1403237344898,1139.767682131019,1119.7458896646774,1127.813720703125,14970524,0.0,0.0,ICICIBANK.NS,10058266050560,19.177578,0.79,1500.0,1200.1
2024-05-07 00:00:00+05:30,1129.4369636309043,1134.1596020771042,1108.1362092373274,1113.6458740234375,15097728,0.0,0.0,ICICIBANK.NS,10058266050560,19.177578,0.79,1500.0,1200.1
2024-05-08 00:00:00+05:30,1108.3823240237211,1113.7443845482246,1098.0516561458446,1104.8895263671875,19913090,0.0,0.0,ICICIBANK.NS,10058266050560,19.177578,0.79,1500.0,1200.1
2024-05-09 00:00:00+05:30,1102.4790338657724,1110.6451084134283,1092.0991247743116,1097.7071533203125,12229853,0.0,0.0,ICICIBANK.NS,10058266050560,19.177578,0.79,1500.0,1200.1
2024-05-10 00:00:00+05:30,1099.9700317150034,1110.6942716080541,1094.1160353113987,1099.035400390625,8573656,0.0,0.0,ICICIBANK.NS,10058266050560,19.177578,0.79,1500.0,1200.1
2024-05-13 00:00:00+05:30,1094.4604418124766,1112.4161255815404,1088.8522931770124,1109.808837890625,9707983,0.0,0.0,ICICIBANK.NS,10058266050560,19.177578,0.79,1500.0,1200.1
2024-05-14 00:00:00+05:30,1107.7427007496667,1109.7104468669584,1100.5112577889583,1102.47900390625,8944262,0.0,0.0,ICICIBANK.NS,10058266050560,19.177578,0.79,1500.0,1200.1
2024-05-15 00:00:00+05:30,1104.003936981434,1109.612085486358,1095.5426526828924,1106.2176513671875,10743423,0.0,0.0,ICICIBANK.NS,10058266050560,19.177578,0.79,1500.0,1200.1
2024-05-16 00:00:00+05:30,1114.7281968433215,1118.2209943092364,1094.8540087178606,1112.8096923828125,14265565,0.0,0.0,ICICIBANK.NS,10058266050560,19.177578,0.79,1500.0,1200.1
2024-05-17 00:00:00+05:30,1112.8096108108375,1125.5507181902365,1102.528065843281,1112.2684326171875,8641784,0.0,0.0,ICICIBANK.NS,10058266050560,19.177578,0.79,1500.0,1200.1
2024-05-21 00:00:00+05:30,1104.1022778238569,1115.5153011731006,1098.2482812745363,1102.8724365234375,10452900,0.0,0.0,ICICIBANK.NS,10058266050560,19.177578,0.79,1500.0,1200.1
2024-05-22 00:00:00+05:30,1106.857133236162,1107.742642963088,1080.3909253188892,1093.1812744140625,17527411,0.0,0.0,ICICIBANK.NS,10058266050560,19.177578,0.79,1500.0,1200.1
2024-05-23 00:00:00+05:30,1097.5596331640875,1118.6636621265907,1093.4765359706398,1116.2039794921875,13787687,0.0,0.0,ICICIBANK.NS,10058266050560,19.177578,0.79,1500.0,1200.1
2024-05-24 00:00:00+05:30,1111.7765639224867,1116.6959292495774,1106.0209305101291,1113.695068359375,6312670,0.0,0.0,ICICIBANK.NS,10058266050560,19.177578,0.79,1500.0,1200.1
2024-05-27 00:00:00+05:30,1113.6459433951586,1129.2895491082788,1103.4628812192523,1111.579833984375,11599857,0.0,0.0,ICICIBANK.NS,10058266050560,19.177578,0.79,1500.0,1200.1
2024-05-28 00:00:00+05:30,1114.2361779831701,1116.8925870555686,1106.8571304468578,1108.775634765625,9311718,0.0,0.0,ICICIBANK.NS,10058266050560,19.177578,0.79,1500.0,1200.1
2024-05-29 00:00:00+05:30,1097.067741329381,1105.4306626270395,1080.7845935856149,1084.2281494140625,19268547,0.0,0.0,ICICIBANK.NS,10058266050560,19.177578,0.79,1500.0,1200.1
2024-05-30 00:00:00+05:30,1079.308747806472,1102.9217012680538,1079.2103845207203,1095.7393798828125,15255387,0.0,0.0,ICICIBANK.NS,10058266050560,19.177578,0.79,1500.0,1200.1
2024-05-31 00:00:00+05:30,1099.970086377496,1112.366862972861,1093.328943190512,1102.970947265625,26197718,0.0,0.0,ICICIBANK.NS,10058266050560,19.177578,0.79,1500.0,1200.1
2024-06-03 00:00:00+05:30,1151.1314549939386,1154.0830741093077,1117.974981638635,1141.292724609375,25699977,0.0,0.0,ICICIBANK.NS,10058266050560,19.177578,0.79,1500.0,1200.1
2024-06-04 00:00:00+05:30,1139.2265453107807,1140.702354777864,1036.5594240710273,1054.170654296875,43476837,0.0,0.0,ICICIBANK.NS,10058266050560,19.177578,0.79,1500.0,1200.1
2024-06-05 00:00:00+05:30,1067.5022525173526,1105.1353964425034,1034.0998107211954,1090.7708740234375,42172104,0.0,0.0,ICICIBANK.NS,10058266050560,19.177578,0.79,1500.0,1200.1
2024-06-06 00:00:00+05:30,1099.970087057546,1099.970087057546,1078.9151794387894,1092.49267578125,18574162,0.0,0.0,ICICIBANK.NS,10058266050560,19.177578,0.79,1500.0,1200.1
2024-06-07 00:00:00+05:30,1092.4926581643756,1110.104009770429,1085.8022733872265,1103.6103515625,17197635,0.0,0.0,ICICIBANK.NS,10058266050560,19.177578,0.79,1500.0,1200.1
2024-06-10 00:00:00+05:30,1098.0022563128857,1114.9248236920885,1097.1167466019742,1105.676513671875,10851455,0.0,0.0,ICICIBANK.NS,10058266050560,19.177578,0.79,1500.0,1200.1
2024-06-11 00:00:00+05:30,1101.6919214874545,1110.8419895056586,1093.0830317236544,1100.1668701171875,12250002,0.0,0.0,ICICIBANK.NS,10058266050560,19.177578,0.79,1500.0,1200.1
2024-06-12 00:00:00+05:30,1102.9216850641683,1115.1217348604168,1094.0668276461688,1101.4951171875,16096514,0.0,0.0,ICICIBANK.NS,10058266050560,19.177578,0.79,1500.0,1200.1
2024-06-13 00:00:00+05:30,1104.1021886675976,1105.0860616284854,1087.1796217809997,1089.49169921875,12494254,0.0,0.0,ICICIBANK.NS,10058266050560,19.177578,0.79,1500.0,1200.1
2024-06-14 00:00:00+05:30,1096.0345294527124,1096.0345294527124,1081.719129164698,1087.8192138671875,11377979,0.0,0.0,ICICIBANK.NS,10058266050560,19.177578,0.79,1500.0,1200.1
2024-06-18 00:00:00+05:30,1095.9853271941342,1116.7451444635597,1083.4409459075023,1104.7418212890625,18306176,0.0,0.0,ICICIBANK.NS,10058266050560,19.177578,0.79,1500.0,1200.1
2024-06-19 00:00:00+05:30,1109.75950368303,1146.75322461017,1107.9886043418487,1125.993408203125,34309514,0.0,0.0,ICICIBANK.NS,10058266050560,19.177578,0.79,1500.0,1200.1
2024-06-20 00:00:00+05:30,1135.4386364718932,1141.2926325377728,1117.1877450402078,1138.144287109375,15475933,0.0,0.0,ICICIBANK.NS,10058266050560,19.177578,0.79,1500.0,1200.1
2024-06-21 00:00:00+05:30,1144.7854792681483,1151.033048809149,1132.0934935247788,1139.9644775390625,69259425,0.0,0.0,ICICIBANK.NS,10058266050560,19.177578,0.79,1500.0,1200.1
2024-06-24 00:00:00+05:30,1136.0289470067053,1156.6902793435293,1134.0612010698649,1151.229736328125,12210295,0.0,0.0,ICICIBANK.NS,10058266050560,19.177578,0.79,1500.0,1200.1
2024-06-25 00:00:00+05:30,1151.3773811074136,1186.5508409447048,1148.8193353214021,1178.630615234375,27309845,0.0,0.0,ICICIBANK.NS,10058266050560,19.177578,0.79,1500.0,1200.1
2024-06-26 00:00:00+05:30,1182.6154524579229,1203.1291823342124,1174.59686276576,1198.357421875,25403461,0.0,0.0,ICICIBANK.NS,10058266050560,19.177578,0.79,1500.0,1200.1
2024-06-27 00:00:00+05:30,1208.5403632954783,1215.083142699582,1189.6008082372055,1200.2266845703125,20516632,0.0,0.0,ICICIBANK.NS,10058266050560,19.177578,0.79,1500.0,1200.1
2024-06-28 00:00:00+05:30,1207.2122974343558,1207.2122974343558,1177.0565628057336,1180.254150390625,12507092,0.0,0.0,ICICIBANK.NS,10058266050560,19.177578,0.79,1500.0,1200.1
2024-07-01 00:00:00+05:30,1180.25407382428,1195.7500741919466,1172.8259044392062,1192.3065185546875,8636894,0.0,0.0,ICICIBANK.NS,10058266050560,19.177578,0.79,1500.0,1200.1
2024-07-02 00:00:00+05:30,1197.3734411453652,1197.3734411453652,1166.4306833322826,1171.399169921875,16153925,0.0,0.0,ICICIBANK.NS,10058266050560,19.177578,0.79,1500.0,1200.1
2024-07-03 00:00:00+05:30,1177.54840489326,1196.24199235147,1160.428990253299,1182.2218017578125,22330897,0.0,0.0,ICICIBANK.NS,10058266050560,19.177578,0.79,1500.0,1200.1
2024-07-04 00:00:00+05:30,1209.179986290108,1215.033982934888,1194.7171004020095,1213.115478515625,15275791,0.0,0.0,ICICIBANK.NS,10058266050560,19.177578,0.79,1500.0,1200.1
2024-07-05 00:00:00+05:30,1205.2444756355717,1222.5606171427328,1201.1613784936928,1213.509033203125,9535575,0.0,0.0,ICICIBANK.NS,10058266050560,19.177578,0.79,1500.0,1200.1
2024-07-08 00:00:00+05:30,1209.0816030717467,1219.5106332770943,1197.2751265898385,1215.1324462890625,6617190,0.0,0.0,ICICIBANK.NS,10058266050560,19.177578,0.79,1500.0,1200.1
2024-07-09 00:00:00+05:30,1215.0339475267522,1230.038011199292,1209.4751610015549,1228.1195068359375,13366874,0.0,0.0,ICICIBANK.NS,10058266050560,19.177578,0.79,1500.0,1200.1
2024-07-10 00:00:00+05:30,1232.5469141994527,1232.5469141994527,1216.4113728030459,1223.15087890625,18226503,0.0,0.0,ICICIBANK.NS,10058266050560,19.177578,0.79,1500.0,1200.1
2024-07-11 00:00:00+05:30,1226.2501602309792,1237.5155787915146,1205.2937361837155,1218.4775390625,11307116,0.0,0.0,ICICIBANK.NS,10058266050560,19.177578,0.79,1500.0,1200.1
2024-07-12 00:00:00+05:30,1215.9687089511149,1232.6945505595163,1210.2621973028672,1213.01708984375,12208290,0.0,0.0,ICICIBANK.NS,10058266050560,19.177578,0.79,1500.0,1200.1
2024-07-15 00:00:00+05:30,1213.213848187686,1218.4775450466864,1204.309869041595,1210.1146240234375,15612671,0.0,0.0,ICICIBANK.NS,10058266050560,19.177578,0.79,1500.0,1200.1
2024-07-16 00:00:00+05:30,1210.1638079399554,1224.9219031587354,1209.1799349253702,1219.9041748046875,12320605,0.0,0.0,ICICIBANK.NS,10058266050560,19.177578,0.79,1500.0,1200.1
2024-07-18 00:00:00+05:30,1214.9849267751276,1236.1873202209238,1211.8364607641408,1230.1365966796875,10999632,0.0,0.0,ICICIBANK.NS,10058266050560,19.177578,0.79,1500.0,1200.1
2024-07-19 00:00:00+05:30,1223.9380279933182,1230.3332025768846,1220.2485041951068,1228.5130615234375,7958817,0.0,0.0,ICICIBANK.NS,10058266050560,19.177578,0.79,1500.0,1200.1
2024-07-22 00:00:00+05:30,1220.0026771573469,1225.2172527697476,1213.0172019778342,1221.1341552734375,9958965,0.0,0.0,ICICIBANK.NS,10058266050560,19.177578,0.79,1500.0,1200.1
2024-07-23 00:00:00+05:30,1221.1341050565184,1228.5131532036169,1192.9461171142627,1206.96630859375,19369832,0.0,0.0,ICICIBANK.NS,10058266050560,19.177578,0.79,1500.0,1200.1
2024-07-24 00:00:00+05:30,1205.2444794873966,1213.7550053424823,1182.6646411572679,1203.2767333984375,20122521,0.0,0.0,ICICIBANK.NS,10058266050560,19.177578,0.79,1500.0,1200.1
2024-07-25 00:00:00+05:30,1186.0589540798987,1198.6033353860112,1171.3992217096722,1178.58154296875,14154461,0.0,0.0,ICICIBANK.NS,10058266050560,19.177578,0.79,1500.0,1200.1
2024-07-26 00:00:00+05:30,1170.808877642708,1200.3250678353813,1166.824143926023,1187.7314453125,19309265,0.0,0.0,ICICIBANK.NS,10058266050560,19.177578,0.79,1500.0,1200.1
2024-07-29 00:00:00+05:30,1195.5533833447412,1222.7082560181059,1184.7307795900044,1193.142822265625,28458261,0.0,0.0,ICICIBANK.NS,10058266050560,19.177578,0.79,1500.0,1200.1
2024-07-30 00:00:00+05:30,1193.4379877337221,1211.0000973333736,1184.976703679443,1189.9451904296875,23972277,0.0,0.0,ICICIBANK.NS,10058266050560,19.177578,0.79,1500.0,1200.1
2024-07-31 00:00:00+05:30,1199.3412284660044,1204.9001351285349,1191.4702441938732,1195.307373046875,22297629,0.0,0.0,ICICIBANK.NS,10058266050560,19.177578,0.79,1500.0,1200.1
2024-08-01 00:00:00+05:30,1192.946036063854,1202.9323712314479,1187.4363711753606,1190.584716796875,8725046,0.0,0.0,ICICIBANK.NS,10058266050560,19.177578,0.79,1500.0,1200.1
2024-08-02 00:00:00+05:30,1177.6959907114142,1182.2710242194773,1170.9072429350965,1177.2532958984375,10735395,0.0,0.0,ICICIBANK.NS,10058266050560,19.177578,0.79,1500.0,1200.1
2024-08-05 00:00:00+05:30,1162.937883324056,1169.7266310287719,1148.1797883580148,1153.689453125,14306771,0.0,0.0,ICICIBANK.NS,10058266050560,19.177578,0.79,1500.0,1200.1
2024-08-06 00:00:00+05:30,1156.0508158159441,1168.5459553164283,1142.768529846995,1148.0322265625,13575619,0.0,0.0,ICICIBANK.NS,10058266050560,19.177578,0.79,1500.0,1200.1
2024-08-07 00:00:00+05:30,1159.9370447242293,1160.7734328695763,1142.8668719088475,1153.5418701171875,15753644,0.0,0.0,ICICIBANK.NS,10058266050560,19.177578,0.79,1500.0,1200.1
2024-08-08 00:00:00+05:30,1148.1305589944793,1155.4604849673224,1140.2104533386794,1145.8184814453125,10806438,0.0,0.0,ICICIBANK.NS,10058266050560,19.177578,0.79,1500.0,1200.1
2024-08-09 00:00:00+05:30,1157.5758097480823,1161.9047548052447,1150.1475206629223,1152.70556640625,8687307,0.0,0.0,ICICIBANK.NS,10058266050560,19.177578,0.79,1500.0,1200.1
2024-08-12 00:00:00+05:30,1162.0336803927066,1169.228167312303,1147.1485350418181,1163.8199462890625,10860455,10.0,0.0,ICICIBANK.NS,10058266050560,19.177578,0.79,1500.0,1200.1
2024-08-13 00:00:00+05:30,1174.1402001247322,1180.143923785119,1154.6903013699869,1159.4039306640625,13117927,0.0,0.0,ICICIBANK.NS,10058266050560,19.177578,0.79,1500.0,1200.1
2024-08-14 00:00:00+05:30,1158.0642597488902,1161.090954297597,1144.1714580038308,1152.7552490234375,13431801,0.0,0.0,ICICIBANK.NS,10058266050560,19.177578,0.79,1500.0,1200.1
2024-08-16 00:00:00+05:30,1161.0412636212889,1183.8651517095705,1156.7245959708455,1178.1591796875,10961370,0.0,0.0,ICICIBANK.NS,10058266050560,19.177578,0.79,1500.0,1200.1
2024-08-19 00:00:00+05:30,1181.8804727263328,1186.5941018157116,1164.3160506791048,1166.8961181640625,6686394,0.0,0.0,ICICIBANK.NS,10058266050560,19.177578,0.79,1500.0,1200.1
2024-08-20 00:00:00+05:30,1165.2091443736933,1180.6897926432184,1161.041352076898,1170.4189453125,10427061,0.0,0.0,ICICIBANK.NS,10058266050560,19.177578,0.79,1500.0,1200.1
2024-08-21 00:00:00+05:30,1167.9876876109618,1169.625077755297,1156.178781920312,1165.8541259765625,17234142,0.0,0.0,ICICIBANK.NS,10058266050560,19.177578,0.79,1500.0,1200.1
2024-08-22 00:00:00+05:30,1172.9494391539793,1183.468250844818,1167.5907626667606,1181.979736328125,8564142,0.0,0.0,ICICIBANK.NS,10058266050560,19.177578,0.79,1500.0,1200.1
2024-08-23 00:00:00+05:30,1183.8651886303296,1195.7733045260243,1179.449310773257,1194.2847900390625,7518309,0.0,0.0,ICICIBANK.NS,10058266050560,19.177578,0.79,1500.0,1200.1
2024-08-26 00:00:00+05:30,1196.3191076607097,1205.647034605679,1191.8535643266057,1204.009765625,10920226,0.0,0.0,ICICIBANK.NS,10058266050560,19.177578,0.79,1500.0,1200.1
2024-08-27 00:00:00+05:30,1204.0098351320562,1223.0627726699063,1199.6435016150756,1216.9598388671875,16295325,0.0,0.0,ICICIBANK.NS,10058266050560,19.177578,0.79,1500.0,1200.1
2024-08-28 00:00:00+05:30,1213.2882407138438,1217.009527109644,1207.9792296829603,1214.47900390625,12291305,0.0,0.0,ICICIBANK.NS,10058266050560,19.177578,0.79,1500.0,1200.1
2024-08-29 00:00:00+05:30,1209.6164607584685,1225.5436144859966,1207.681440347739,1212.5439453125,10806748,0.0,0.0,ICICIBANK.NS,10058266050560,19.177578,0.79,1500.0,1200.1
2024-08-30 00:00:00+05:30,1220.5818867193016,1226.0894388087463,1209.5669036760319,1219.7879638671875,21211148,0.0,0.0,ICICIBANK.NS,10058266050560,19.177578,0.79,1500.0,1200.1
2024-09-02 00:00:00+05:30,1229.5129791826912,1229.7113993287953,1213.1393196536237,1220.5322265625,12516759,0.0,0.0,ICICIBANK.NS,10058266050560,19.177578,0.79,1500.0,1200.1
2024-09-03 00:00:00+05:30,1217.8033299887798,1241.371477184039,1211.055469999512,1238.1463623046875,19114907,0.0,0.0,ICICIBANK.NS,10058266050560,19.177578,0.79,1500.0,1200.1
2024-09-04 00:00:00+05:30,1230.3565014424944,1234.176997942738,1223.3605556490777,1226.88330078125,13505843,0.0,0.0,ICICIBANK.NS,10058266050560,19.177578,0.79,1500.0,1200.1
2024-09-05 00:00:00+05:30,1228.5206798050983,1235.3182053814185,1221.8720299114532,1226.486328125,9142811,0.0,0.0,ICICIBANK.NS,10058266050560,19.177578,0.79,1500.0,1200.1
2024-09-06 00:00:00+05:30,1216.5628019074484,1224.4520011114125,1195.7732653744783,1198.899169921875,10170479,0.0,0.0,ICICIBANK.NS,10058266050560,19.177578,0.79,1500.0,1200.1
2024-09-09 00:00:00+05:30,1193.6893937018356,1228.8183593866072,1191.2580807218426,1225.5435791015625,13863250,0.0,0.0,ICICIBANK.NS,10058266050560,19.177578,0.79,1500.0,1200.1
2024-09-10 00:00:00+05:30,1227.4786328440832,1231.844966297702,1217.6048683884173,1227.8260498046875,15545130,0.0,0.0,ICICIBANK.NS,10058266050560,19.177578,0.79,1500.0,1200.1
2024-09-11 00:00:00+05:30,1222.0704612349368,1229.8107854485313,1217.009535927106,1226.88330078125,11993242,0.0,0.0,ICICIBANK.NS,10058266050560,19.177578,0.79,1500.0,1200.1
2024-09-12 00:00:00+05:30,1228.520699503871,1247.3752175091806,1216.9598787103319,1242.5623779296875,15376442,0.0,0.0,ICICIBANK.NS,10058266050560,19.177578,0.79,1500.0,1200.1
2024-09-13 00:00:00+05:30,1242.4133910945052,1246.333097348584,1232.5396270556282,1240.7760009765625,9877288,0.0,0.0,ICICIBANK.NS,10058266050560,19.177578,0.79,1500.0,1200.1
2024-09-16 00:00:00+05:30,1241.4210578615323,1255.9092410243197,1235.169248684242,1253.1802978515625,8973335,0.0,0.0,ICICIBANK.NS,10058266050560,19.177578,0.79,1500.0,1200.1
2024-09-17 00:00:00+05:30,1250.302517024621,1262.508384404533,1248.7644580527592,1258.39013671875,11513121,0.0,0.0,ICICIBANK.NS,10058266050560,19.177578,0.79,1500.0,1200.1
2024-09-18 00:00:00+05:30,1252.3368930345305,1285.4315085718288,1252.3368930345305,1278.485107421875,12466597,0.0,0.0,ICICIBANK.NS,10058266050560,19.177578,0.79,1500.0,1200.1
2024-09-19 00:00:00+05:30,1278.4851014958492,1290.0459218689532,1275.5080724453824,1282.107177734375,13172268,0.0,0.0,ICICIBANK.NS,10058266050560,19.177578,0.79,1500.0,1200.1
2024-09-20 00:00:00+05:30,1285.0841618950908,1351.9184375163336,1281.6606270608918,1328.201416015625,73257767,0.0,0.0,ICICIBANK.NS,10058266050560,19.177578,0.79,1500.0,1200.1
2024-09-23 00:00:00+05:30,1320.80849505564,1321.60241788708,1298.4807781970735,1311.7781982421875,11380409,0.0,0.0,ICICIBANK.NS,10058266050560,19.177578,0.79,1500.0,1200.1
2024-09-24 00:00:00+05:30,1310.8850653274296,1321.2054564579635,1305.377513381459,1308.50341796875,13886037,0.0,0.0,ICICIBANK.NS,10058266050560,19.177578,0.79,1500.0,1200.1
2024-09-25 00:00:00+05:30,1300.7135877579847,1317.583418764573,1300.0685405806087,1313.7132568359375,8728019,0.0,0.0,ICICIBANK.NS,10058266050560,19.177578,0.79,1500.0,1200.1
2024-09-26 00:00:00+05:30,1309.892782398436,1323.1405374478413,1306.8165432729581,1318.87353515625,11100869,0.0,0.0,ICICIBANK.NS,10058266050560,19.177578,0.79,1500.0,1200.1
2024-09-27 00:00:00+05:30,1322.793216287465,1322.793216287465,1293.8663936696585,1296.5953369140625,17117379,0.0,0.0,ICICIBANK.NS,10058266050560,19.177578,0.79,1500.0,1200.1
2024-09-30 00:00:00+05:30,1282.2064133181361,1286.870498271365,1261.168789397214,1263.252685546875,12622212,0.0,0.0,ICICIBANK.NS,10058266050560,19.177578,0.79,1500.0,1200.1
2024-10-01 00:00:00+05:30,1260.0772141126831,1270.4471502080723,1257.8939867892805,1264.6419677734375,10972413,0.0,0.0,ICICIBANK.NS,10058266050560,19.177578,0.79,1500.0,1200.1
2024-10-03 00:00:00+05:30,1244.0011592918727,1256.0581509565811,1238.5929384016897,1246.7301025390625,17648551,0.0,0.0,ICICIBANK.NS,10058266050560,19.177578,0.79,1500.0,1200.1
2024-10-04 00:00:00+05:30,1237.5508987809962,1254.7184806872842,1226.734336136113,1230.2572021484375,13488887,0.0,0.0,ICICIBANK.NS,10058266050560,19.177578,0.79,1500.0,1200.1
2024-10-07 00:00:00+05:30,1232.0434743858432,1253.2795172340534,1215.6201496244253,1224.4520263671875,20667247,0.0,0.0,ICICIBANK.NS,10058266050560,19.177578,0.79,1500.0,1200.1
2024-10-08 00:00:00+05:30,1231.4976811477177,1238.245662101406,1220.3338222332038,1227.13134765625,12219259,0.0,0.0,ICICIBANK.NS,10058266050560,19.177578,0.79,1500.0,1200.1
2024-10-09 00:00:00+05:30,1233.5319821121263,1255.4130720043904,1223.2115909568488,1234.62353515625,14765997,0.0,0.0,ICICIBANK.NS,10058266050560,19.177578,0.79,1500.0,1200.1
2024-10-10 00:00:00+05:30,1237.2036303622588,1245.0927087268437,1228.520629146562,1233.978515625,9118195,0.0,0.0,ICICIBANK.NS,10058266050560,19.177578,0.79,1500.0,1200.1
2024-10-11 00:00:00+05:30,1227.528300150437,1231.299252032795,1212.6431550394777,1213.635498046875,8472512,0.0,0.0,ICICIBANK.NS,10058266050560,19.177578,0.79,1500.0,1200.1
2024-10-14 00:00:00+05:30,1211.6507942721546,1228.4214150784755,1208.0783837250117,1222.3184814453125,11833929,0.0,0.0,ICICIBANK.NS,10058266050560,19.177578,0.79,1500.0,1200.1
2024-10-15 00:00:00+05:30,1229.4632721003522,1248.6652054451272,1225.9405272443164,1245.8865966796875,11657338,0.0,0.0,ICICIBANK.NS,10058266050560,19.177578,0.79,1500.0,1200.1
2024-10-16 00:00:00+05:30,1238.9402364127245,1245.340800313192,1232.0930454805564,1233.6312255859375,7869727,0.0,0.0,ICICIBANK.NS,10058266050560,19.177578,0.79,1500.0,1200.1
2024-10-17 00:00:00+05:30,1239.8829828601924,1247.3255557801638,1215.024861988864,1221.8223876953125,8459497,0.0,0.0,ICICIBANK.NS,10058266050560,19.177578,0.79,1500.0,1200.1
2024-10-18 00:00:00+05:30,1218.547563181441,1259.1840825393742,1215.8682854811916,1254.8177490234375,11018126,0.0,0.0,ICICIBANK.NS,10058266050560,19.177578,0.79,1500.0,1200.1
2024-10-21 00:00:00+05:30,1254.8177669815936,1262.607635574402,1240.9746301061532,1249.4095458984375,7742775,0.0,0.0,ICICIBANK.NS,10058266050560,19.177578,0.79,1500.0,1200.1
2024-10-22 00:00:00+05:30,1256.9016668439735,1275.0615928812024,1250.1041412654479,1257.7947998046875,20090801,0.0,0.0,ICICIBANK.NS,10058266050560,19.177578,0.79,1500.0,1200.1
2024-10-23 00:00:00+05:30,1251.3445279562577,1258.2412633793258,1233.5320194899548,1242.0164794921875,14055447,0.0,0.0,ICICIBANK.NS,10058266050560,19.177578,0.79,1500.0,1200.1
2024-10-24 00:00:00+05:30,1240.6768573006573,1250.7987076222266,1231.547349996325,1243.15771484375,12223031,0.0,0.0,ICICIBANK.NS,10058266050560,19.177578,0.79,1500.0,1200.1
2024-10-25 00:00:00+05:30,1237.6998715609657,1259.184122863092,1224.7497462785968,1245.8370361328125,13546055,0.0,0.0,ICICIBANK.NS,10058266050560,19.177578,0.79,1500.0,1200.1
2024-10-28 00:00:00+05:30,1275.6569864282283,1297.7862848220739,1270.794481272672,1282.95068359375,24096412,0.0,0.0,ICICIBANK.NS,10058266050560,19.177578,0.79,1500.0,1200.1
2024-10-29 00:00:00+05:30,1291.3855165608227,1325.1251779791885,1289.3016205238707,1321.6519775390625,20656117,0.0,0.0,ICICIBANK.NS,10058266050560,19.177578,0.79,1500.0,1200.1
2024-10-30 00:00:00+05:30,1313.8621457191011,1320.7093367177222,1295.6030101013187,1302.1029052734375,15055031,0.0,0.0,ICICIBANK.NS,10058266050560,19.177578,0.79,1500.0,1200.1
2024-10-31 00:00:00+05:30,1297.2403694104125,1308.8507339009743,1278.6836040126998,1282.355224609375,23497314,0.0,0.0,ICICIBANK.NS,10058266050560,19.177578,0.79,1500.0,1200.1
2024-11-01 00:00:00+05:30,1280.0727600114117,1286.2749035463628,1276.4011394929669,1281.90869140625,1007022,0.0,0.0,ICICIBANK.NS,10058266050560,19.177578,0.79,1500.0,1200.1
2024-11-04 00:00:00+05:30,1280.221658871375,1281.908714624808,1260.3252547322475,1267.42041015625,14309121,0.0,0.0,ICICIBANK.NS,10058266050560,19.177578,0.79,1500.0,1200.1
2024-11-05 00:00:00+05:30,1263.2526375453915,1291.3359928673021,1253.4284176295798,1286.7711181640625,16431920,0.0,0.0,ICICIBANK.NS,10058266050560,19.177578,0.79,1500.0,1200.1
2024-11-06 00:00:00+05:30,1290.2940335374446,1304.9310933295442,1282.8017951557133,1292.3779296875,12037405,0.0,0.0,ICICIBANK.NS,10058266050560,19.177578,0.79,1500.0,1200.1
2024-11-07 00:00:00+05:30,1287.2177364325325,1292.824498565034,1265.4854006783698,1268.908935546875,9909035,0.0,0.0,ICICIBANK.NS,10058266050560,19.177578,0.79,1500.0,1200.1
2024-11-08 00:00:00+05:30,1260.2755859661174,1265.2373008714958,1243.108003939261,1249.2109375,11195808,0.0,0.0,ICICIBANK.NS,10058266050560,19.177578,0.79,1500.0,1200.1
2024-11-11 00:00:00+05:30,1252.3369021242906,1266.1304944492979,1237.1044608620273,1259.5810546875,8387780,0.0,0.0,ICICIBANK.NS,10058266050560,19.177578,0.79,1500.0,1200.1
2024-11-12 00:00:00+05:30,1266.3785236970411,1285.084164724792,1254.817703702316,1260.8709716796875,13486168,0.0,0.0,ICICIBANK.NS,10058266050560,19.177578,0.79,1500.0,1200.1
2024-11-13 00:00:00+05:30,1260.8709623351128,1266.477724382224,1240.4287212362626,1244.100341796875,12260404,0.0,0.0,ICICIBANK.NS,10058266050560,19.177578,0.79,1500.0,1200.1
2024-11-14 00:00:00+05:30,1244.149990424334,1257.993126310203,1233.5319691696748,1247.325439453125,9506892,0.0,0.0,ICICIBANK.NS,10058266050560,19.177578,0.79,1500.0,1200.1
2024-11-18 00:00:00+05:30,1250.3521900785158,1252.9322576721884,1239.8333784208526,1243.852294921875,6195554,0.0,0.0,ICICIBANK.NS,10058266050560,19.177578,0.79,1500.0,1200.1
2024-11-19 00:00:00+05:30,1247.4248442373848,1251.3445507199667,1231.3488145998942,1239.53564453125,11537317,0.0,0.0,ICICIBANK.NS,10058266050560,19.177578,0.79,1500.0,1200.1
2024-11-21 00:00:00+05:30,1238.9899233393824,1247.2759633109613,1223.1124350544421,1240.974609375,9593870,0.0,0.0,ICICIBANK.NS,10058266050560,19.177578,0.79,1500.0,1200.1
2024-11-22 00:00:00+05:30,1248.3675121917486,1271.588362957257,1246.3828261628269,1268.2640380859375,11604338,0.0,0.0,ICICIBANK.NS,10058266050560,19.177578,0.79,1500.0,1200.1
2024-11-25 00:00:00+05:30,1286.0765977985961,1301.160163762971,1280.1225394754547,1290.9886474609375,22717581,0.0,0.0,ICICIBANK.NS,10058266050560,19.177578,0.79,1500.0,1200.1
2024-11-26 00:00:00+05:30,1300.5647702425501,1304.1868465830694,1292.4771502005863,1294.9580078125,7646955,0.0,0.0,ICICIBANK.NS,10058266050560,19.177578,0.79,1500.0,1200.1
2024-11-27 00:00:00+05:30,1288.5573723920809,1300.812784090288,1287.9123252215186,1290.740478515625,21938082,0.0,0.0,ICICIBANK.NS,10058266050560,19.177578,0.79,1500.0,1200.1
2024-11-28 00:00:00+05:30,1291.0878806767676,1300.4654733696732,1272.4814498292426,1276.5003662109375,22803745,0.0,0.0,ICICIBANK.NS,10058266050560,19.177578,0.79,1500.0,1200.1
2024-11-29 00:00:00+05:30,1273.275310189296,1293.2710463550777,1273.275310189296,1290.1451416015625,11397228,0.0,0.0,ICICIBANK.NS,10058266050560,19.177578,0.79,1500.0,1200.1
2024-12-02 00:00:00+05:30,1289.946649219065,1300.5151260626694,1279.2789623057151,1294.6602783203125,9626400,0.0,0.0,ICICIBANK.NS,10058266050560,19.177578,0.79,1500.0,1200.1
2024-12-03 00:00:00+05:30,1293.9655928118616,1302.747925178162,1286.1757245707627,1298.381591796875,11509276,0.0,0.0,ICICIBANK.NS,10058266050560,19.177578,0.79,1500.0,1200.1
2024-12-04 00:00:00+05:30,1292.625936747851,1309.8927287632168,1291.7328038420255,1305.9730224609375,11570281,0.0,0.0,ICICIBANK.NS,10058266050560,19.177578,0.79,1500.0,1200.1
2024-12-05 00:00:00+05:30,1306.171532833215,1332.6174992065928,1298.5800843127004,1326.2664794921875,19210697,0.0,0.0,ICICIBANK.NS,10058266050560,19.177578,0.79,1500.0,1200.1
2024-12-06 00:00:00+05:30,1332.2205223736623,1336.7852761002946,1316.5414539912906,1318.5758056640625,8942672,0.0,0.0,ICICIBANK.NS,10058266050560,19.177578,0.79,1500.0,1200.1
2024-12-09 00:00:00+05:30,1311.9766296210685,1318.8734860133875,1310.1408193352056,1312.1751708984375,8000764,0.0,0.0,ICICIBANK.NS,10058266050560,19.177578,0.79,1500.0,1200.1
2024-12-10 00:00:00+05:30,1308.9004164217674,1321.8008754160685,1305.1791301734115,1320.2626953125,8218214,0.0,0.0,ICICIBANK.NS,10058266050560,19.177578,0.79,1500.0,1200.1
2024-12-11 00:00:00+05:30,1314.5567183054773,1321.0566133833202,1305.9233826947975,1317.3353271484375,8138066,0.0,0.0,ICICIBANK.NS,10058266050560,19.177578,0.79,1500.0,1200.1
2024-12-12 00:00:00+05:30,1311.4309069614158,1328.4991576758143,1311.4309069614158,1319.0718994140625,9076896,0.0,0.0,ICICIBANK.NS,10058266050560,19.177578,0.79,1500.0,1200.1
2024-12-13 00:00:00+05:30,1315.201818050664,1336.8349446817394,1303.4425773055236,1334.6021728515625,13536684,0.0,0.0,ICICIBANK.NS,10058266050560,19.177578,0.79,1500.0,1200.1
2024-12-16 00:00:00+05:30,1334.6020835708346,1340.1095143687996,1329.7892443970975,1335.7928466796875,9071006,0.0,0.0,ICICIBANK.NS,10058266050560,19.177578,0.79,1500.0,1200.1
2024-12-17 00:00:00+05:30,1331.7243053318298,1337.7775734016686,1315.8964829440192,1323.5374755859375,9879257,0.0,0.0,ICICIBANK.NS,10058266050560,19.177578,0.79,1500.0,1200.1
2024-12-18 00:00:00+05:30,1315.1026301384318,1324.728309292061,1297.4388753521955,1304.087646484375,8510595,0.0,0.0,ICICIBANK.NS,10058266050560,19.177578,0.79,1500.0,1200.1
2024-12-19 00:00:00+05:30,1276.1531316977298,1293.0229631431896,1274.614951552865,1277.0462646484375,11517304,0.0,0.0,ICICIBANK.NS,10058266050560,19.177578,0.79,1500.0,1200.1
2024-12-20 00:00:00+05:30,1274.1187908536028,1287.8131731856893,1262.657301485049,1278.5347900390625,58491181,0.0,0.0,ICICIBANK.NS,10058266050560,19.177578,0.79,1500.0,1200.1
2024-12-23 00:00:00+05:30,1284.736921667357,1296.992333800165,1277.1951389037538,1286.8704833984375,6827512,0.0,0.0,ICICIBANK.NS,10058266050560,19.177578,0.79,1500.0,1200.1
2024-12-24 00:00:00+05:30,1286.8705106850512,1294.5115036860577,1280.3706152786017,1287.3170166015625,7138516,0.0,0.0,ICICIBANK.NS,10058266050560,19.177578,0.79,1500.0,1200.1
2024-12-26 00:00:00+05:30,1296.9922716557783,1302.6982437766815,1279.3285182011693,1287.4161376953125,7338444,0.0,0.0,ICICIBANK.NS,10058266050560,19.177578,0.79,1500.0,1200.1
2024-12-27 00:00:00+05:30,1288.6071205266592,1305.8737927483876,1288.6071205266592,1297.5382080078125,4756066,0.0,0.0,ICICIBANK.NS,10058266050560,19.177578,0.79,1500.0,1200.1
2024-12-30 00:00:00+05:30,1294.957999087405,1316.343040012265,1279.576681997175,1284.7369384765625,14207425,0.0,0.0,ICICIBANK.NS,10058266050560,19.177578,0.79,1500.0,1200.1
2024-12-31 00:00:00+05:30,1277.0462265132433,1280.0727999714104,1270.2982456823183,1271.83642578125,8449607,0.0,0.0,ICICIBANK.NS,10058266050560,19.177578,0.79,1500.0,1200.1
2025-01-01 00:00:00+05:30,1271.8364809130148,1283.0995501851953,1257.3978412327829,1273.8211669921875,4705399,0.0,0.0,ICICIBANK.NS,10058266050560,19.177578,0.79,1500.0,1200.1
2025-01-02 00:00:00+05:30,1275.26000882058,1283.4965044573805,1268.6113589467466,1280.7178955078125,7433222,0.0,0.0,ICICIBANK.NS,10058266050560,19.177578,0.79,1500.0,1200.1
2025-01-03 00:00:00+05:30,1276.3514823434055,1278.1377481475479,1252.5849166143184,1255.363525390625,11194997,0.0,0.0,ICICIBANK.NS,10058266050560,19.177578,0.79,1500.0,1200.1
2025-01-06 00:00:00+05:30,1258.3406039432266,1267.9662826986646,1247.3751652140256,1254.4207763671875,7504047,0.0,0.0,ICICIBANK.NS,10058266050560,19.177578,0.79,1500.0,1200.1
2025-01-07 00:00:00+05:30,1256.8024602237333,1279.0805130186131,1256.8024602237333,1269.454833984375,7539758,0.0,0.0,ICICIBANK.NS,10058266050560,19.177578,0.79,1500.0,1200.1
2025-01-08 00:00:00+05:30,1270.7448974492877,1275.1607754157394,1242.7607517198803,1254.073486328125,7566309,0.0,0.0,ICICIBANK.NS,10058266050560,19.177578,0.79,1500.0,1200.1
2025-01-09 00:00:00+05:30,1248.3675530849682,1255.0658686519982,1238.543332692866,1252.73388671875,8684920,0.0,0.0,ICICIBANK.NS,10058266050560,19.177578,0.79,1500.0,1200.1
2025-01-10 00:00:00+05:30,1249.359870144571,1255.264262696962,1233.5815917988612,1240.2799072265625,7854524,0.0,0.0,ICICIBANK.NS,10058266050560,19.177578,0.79,1500.0,1200.1
2025-01-13 00:00:00+05:30,1225.4444532249365,1234.4250851207983,1215.5210227528514,1220.3338623046875,9669336,0.0,0.0,ICICIBANK.NS,10058266050560,19.177578,0.79,1500.0,1200.1
2025-01-14 00:00:00+05:30,1223.9062438907645,1235.3181886617992,1218.0513958245872,1230.8031005859375,10342698,0.0,0.0,ICICIBANK.NS,10058266050560,19.177578,0.79,1500.0,1200.1
2025-01-15 00:00:00+05:30,1224.551219155373,1234.8716102214069,1220.5818472942535,1228.7686767578125,5355382,0.0,0.0,ICICIBANK.NS,10058266050560,19.177578,0.79,1500.0,1200.1
2025-01-16 00:00:00+05:30,1235.56627244332,1245.8866640990627,1230.1580514277643,1239.53564453125,11895924,0.0,0.0,ICICIBANK.NS,10058266050560,19.177578,0.79,1500.0,1200.1
2025-01-17 00:00:00+05:30,1233.8296138721637,1239.4363759086416,1208.6737436803246,1216.066650390625,9790533,0.0,0.0,ICICIBANK.NS,10058266050560,19.177578,0.79,1500.0,1200.1
2025-01-20 00:00:00+05:30,1214.5286456993424,1232.2419443689244,1205.944854354206,1223.50927734375,7676418,0.0,0.0,ICICIBANK.NS,10058266050560,19.177578,0.79,1500.0,1200.1
2025-01-21 00:00:00+05:30,1227.4786100806577,1229.4632960558952,1183.567432878532,1186.9910888671875,20520898,0.0,0.0,ICICIBANK.NS,10058266050560,19.177578,0.79,1500.0,1200.1
2025-01-22 00:00:00+05:30,1191.8038937223043,1198.2541229556057,1182.6743869540314,1191.258056640625,10377123,0.0,0.0,ICICIBANK.NS,10058266050560,19.177578,0.79,1500.0,1200.1
2025-01-23 00:00:00+05:30,1188.0826742078204,1198.6511515402387,1176.9188152937772,1192.5482177734375,8770650,0.0,0.0,ICICIBANK.NS,10058266050560,19.177578,0.79,1500.0,1200.1
2025-01-24 00:00:00+05:30,1193.8878937592276,1208.6738293636251,1192.7963406363526,1199.941162109375,9216792,0.0,0.0,ICICIBANK.NS,10058266050560,19.177578,0.79,1500.0,1200.1
2025-01-27 00:00:00+05:30,1185.8499521739243,1225.1963785798748,1183.9644761399952,1218.547607421875,16164687,0.0,0.0,ICICIBANK.NS,10058266050560,19.177578,0.79,1500.0,1200.1
2025-01-28 00:00:00+05:30,1237.7990449684048,1254.3215805212242,1226.535975889425,1237.3525390625,18066499,0.0,0.0,ICICIBANK.NS,10058266050560,19.177578,0.79,1500.0,1200.1
2025-01-29 00:00:00+05:30,1242.4134579383835,1246.1844098592185,1233.5320363858045,1242.066162109375,7666777,0.0,0.0,ICICIBANK.NS,10058266050560,19.177578,0.79,1500.0,1200.1
2025-01-30 00:00:00+05:30,1240.428743300886,1250.203297570973,1230.0091418571585,1245.98583984375,11921041,0.0,0.0,ICICIBANK.NS,10058266050560,19.177578,0.79,1500.0,1200.1
2025-01-31 00:00:00+05:30,1244.8943321590757,1246.3828467053002,1229.6122252573796,1243.2073974609375,10195417,0.0,0.0,ICICIBANK.NS,10058266050560,19.177578,0.79,1500.0,1200.1
2025-02-01 00:00:00+05:30,1241.5699459496786,1251.6917959101459,1224.3528194419691,1245.936279296875,3011914,0.0,0.0,ICICIBANK.NS,10058266050560,19.177578,0.79,1500.0,1200.1
2025-02-03 00:00:00+05:30,1237.3028281264465,1250.3521626222068,1228.3221967826344,1243.40576171875,6176831,0.0,0.0,ICICIBANK.NS,10058266050560,19.177578,0.79,1500.0,1200.1
2025-02-04 00:00:00+05:30,1253.1308244391428,1270.6952475836679,1250.3522155059911,1258.4893798828125,14839077,0.0,0.0,ICICIBANK.NS,10058266050560,19.177578,0.79,1500.0,1200.1
2025-02-05 00:00:00+05:30,1260.4740215455731,1267.966259598702,1255.462762111137,1257.9931640625,6840709,0.0,0.0,ICICIBANK.NS,10058266050560,19.177578,0.79,1500.0,1200.1
2025-02-06 00:00:00+05:30,1265.2372940723083,1269.2066659752802,1253.5275985042942,1262.6572265625,8396554,0.0,0.0,ICICIBANK.NS,10058266050560,19.177578,0.79,1500.0,1200.1
2025-02-07 00:00:00+05:30,1262.2603567708522,1265.2373859141799,1239.9823038025354,1247.2760009765625,7382039,0.0,0.0,ICICIBANK.NS,10058266050560,19.177578,0.79,1500.0,1200.1
2025-02-10 00:00:00+05:30,1247.5735745348811,1255.3138984101563,1239.7837061908433,1252.9322509765625,5740361,0.0,0.0,ICICIBANK.NS,10058266050560,19.177578,0.79,1500.0,1200.1
2025-02-11 00:00:00+05:30,1246.2339539700604,1252.188012073483,1238.8410469458931,1243.15771484375,6586627,0.0,0.0,ICICIBANK.NS,10058266050560,19.177578,0.79,1500.0,1200.1
2025-02-12 00:00:00+05:30,1247.5735208959845,1260.0274734986122,1235.119689428972,1242.2149658203125,8809352,0.0,0.0,ICICIBANK.NS,10058266050560,19.177578,0.79,1500.0,1200.1
2025-02-13 00:00:00+05:30,1242.9592342670746,1256.3061987457909,1236.3601292961446,1239.337158203125,7263785,0.0,0.0,ICICIBANK.NS,10058266050560,19.177578,0.79,1500.0,1200.1
2025-02-14 00:00:00+05:30,1242.5126718509223,1253.8254065127483,1234.9212235163006,1250.451416015625,10368438,0.0,0.0,ICICIBANK.NS,10058266050560,19.177578,0.79,1500.0,1200.1
2025-02-17 00:00:00+05:30,1241.5699462890625,1248.5163471638045,1223.8069826822411,1241.5699462890625,8386151,0.0,0.0,ICICIBANK.NS,10058266050560,19.177578,0.79,1500.0,1200.1
2025-02-18 00:00:00+05:30,1243.3065364897366,1247.9705000138076,1227.5779245772142,1233.531982421875,8135042,0.0,0.0,ICICIBANK.NS,10058266050560,19.177578,0.79,1500.0,1200.1
2025-02-19 00:00:00+05:30,1225.3947820253827,1254.7681118615644,1220.8300282561831,1251.9896240234375,10683412,0.0,0.0,ICICIBANK.NS,10058266050560,19.177578,0.79,1500.0,1200.1
2025-02-20 00:00:00+05:30,1245.7378271028595,1254.3216187366877,1237.203701075922,1240.379150390625,8398849,0.0,0.0,ICICIBANK.NS,10058266050560,19.177578,0.79,1500.0,1200.1
2025-02-21 00:00:00+05:30,1231.5968971791747,1235.1693078219741,1215.173692889092,1223.50927734375,7786428,0.0,0.0,ICICIBANK.NS,10058266050560,19.177578,0.79,1500.0,1200.1
2025-02-24 00:00:00+05:30,1217.3071583182455,1222.467414805944,1200.9831637697991,1209.0211181640625,11522480,0.0,0.0,ICICIBANK.NS,10058266050560,19.177578,0.79,1500.0,1200.1
2025-02-25 00:00:00+05:30,1217.2079253456668,1222.2193060560244,1211.6508286551266,1214.7767333984375,11059417,0.0,0.0,ICICIBANK.NS,10058266050560,19.177578,0.79,1500.0,1200.1
2025-02-27 00:00:00+05:30,1215.769120615194,1225.3947998146707,1209.1203494513463,1213.0897216796875,12008162,0.0,0.0,ICICIBANK.NS,10058266050560,19.177578,0.79,1500.0,1200.1
2025-02-28 00:00:00+05:30,1206.6891556122284,1215.620243112648,1190.9108768010287,1194.8802490234375,20215075,0.0,0.0,ICICIBANK.NS,10058266050560,19.177578,0.79,1500.0,1200.1
2025-03-03 00:00:00+05:30,1201.2312348006667,1207.6814644794808,1194.929880803104,1196.964111328125,8158881,0.0,0.0,ICICIBANK.NS,10058266050560,19.177578,0.79,1500.0,1200.1
2025-03-04 00:00:00+05:30,1197.9068433475454,1207.334101585249,1197.0137104452713,1201.1319580078125,9574490,0.0,0.0,ICICIBANK.NS,10058266050560,19.177578,0.79,1500.0,1200.1
2025-03-05 00:00:00+05:30,1207.6814517983407,1216.5628733470458,1202.0251450551775,1206.391357421875,9052846,0.0,0.0,ICICIBANK.NS,10058266050560,19.177578,0.79,1500.0,1200.1
2025-03-06 00:00:00+05:30,1218.5476101118768,1218.5476101118768,1199.7427576093883,1208.7235107421875,11949475,0.0,0.0,ICICIBANK.NS,10058266050560,19.177578,0.79,1500.0,1200.1
2025-03-07 00:00:00+05:30,1201.8265880949464,1208.5249033729367,1197.0634143564148,1205.250244140625,6620284,0.0,0.0,ICICIBANK.NS,10058266050560,19.177578,0.79,1500.0,1200.1
2025-03-10 00:00:00+05:30,1198.7503263397664,1216.4140799337886,1198.7503263397664,1205.5478515625,7363437,0.0,0.0,ICICIBANK.NS,10058266050560,19.177578,0.79,1500.0,1200.1
2025-03-11 00:00:00+05:30,1207.8798680000234,1238.4440812807522,1207.8798680000234,1235.864013671875,10927950,0.0,0.0,ICICIBANK.NS,10058266050560,19.177578,0.79,1500.0,1200.1
2025-03-12 00:00:00+05:30,1237.4020778822246,1242.3637929723905,1225.8413786306357,1234.425048828125,11548372,0.0,0.0,ICICIBANK.NS,10058266050560,19.177578,0.79,1500.0,1200.1
2025-03-13 00:00:00+05:30,1241.4707365370484,1245.9858244254206,1235.7647643884725,1240.4783935546875,8132940,0.0,0.0,ICICIBANK.NS,10058266050560,19.177578,0.79,1500.0,1200.1
2025-03-17 00:00:00+05:30,1247.4248742515454,1264.1953748180651,1245.1424367918191,1259.2833251953125,11164812,0.0,0.0,ICICIBANK.NS,10058266050560,19.177578,0.79,1500.0,1200.1
2025-03-18 00:00:00+05:30,1259.2833251953125,1259.2833251953125,1259.2833251953125,1259.2833251953125,0,0.0,0.0,ICICIBANK.NS,10058266050560,19.177578,0.79,1500.0,1200.1
2025-03-19 00:00:00+05:30,1295.6029599370165,1308.2057883620175,1292.1794251380722,1303.0455322265625,11278014,0.0,0.0,ICICIBANK.NS,10058266050560,19.177578,0.79,1500.0,1200.1
2025-03-20 00:00:00+05:30,1309.8927772461004,1314.1102350516276,1301.0113557334153,1311.5797119140625,10886735,0.0,0.0,ICICIBANK.NS,10058266050560,19.177578,0.79,1500.0,1200.1
2025-03-21 00:00:00+05:30,1305.923445707521,1338.6707661545943,1301.5571120874529,1332.81591796875,60494318,0.0,0.0,ICICIBANK.NS,10058266050560,19.177578,0.79,1500.0,1200.1
2025-03-24 00:00:00+05:30,1345.5675050388625,1362.4870024308004,1334.7510627437973,1347.750732421875,9352280,0.0,0.0,ICICIBANK.NS,10058266050560,19.177578,0.79,1500.0,1200.1
2025-03-25 00:00:00+05:30,1348.5941513991709,1353.3574463042776,1319.8658696966822,1333.4112548828125,16419207,0.0,0.0,ICICIBANK.NS,10058266050560,19.177578,0.79,1500.0,1200.1
2025-03-26 00:00:00+05:30,1333.7586400786652,1347.6017762925185,1321.304687138062,1325.6710205078125,10859639,0.0,0.0,ICICIBANK.NS,10058266050560,19.177578,0.79,1500.0,1200.1
2025-03-27 00:00:00+05:30,1322.9420827344788,1341.1515523929718,1322.9420827344788,1326.415283203125,15109614,0.0,0.0,ICICIBANK.NS,10058266050560,19.177578,0.79,1500.0,1200.1
2025-03-28 00:00:00+05:30,1325.7702231722565,1347.5521031600986,1317.0375564815454,1338.025634765625,8266544,0.0,0.0,ICICIBANK.NS,10058266050560,19.177578,0.79,1500.0,1200.1
2025-04-01 00:00:00+05:30,1329.739654923708,1341.995067068455,1305.328040709696,1308.3546142578125,14288024,0.0,0.0,ICICIBANK.NS,10058266050560,19.177578,0.79,1500.0,1200.1
2025-04-02 00:00:00+05:30,1312.026343402594,1327.705290380845,1312.026343402594,1321.056640625,8042214,0.0,0.0,ICICIBANK.NS,10058266050560,19.177578,0.79,1500.0,1200.1
2025-04-03 00:00:00+05:30,1311.8278468858045,1322.7932860458366,1311.1332552048473,1319.3697509765625,4591008,0.0,0.0,ICICIBANK.NS,10058266050560,19.177578,0.79,1500.0,1200.1
2025-04-04 00:00:00+05:30,1319.3697112264526,1328.3007984100484,1311.9766830431024,1325.07568359375,8648542,0.0,0.0,ICICIBANK.NS,10058266050560,19.177578,0.79,1500.0,1200.1
2025-04-07 00:00:00+05:30,1285.3322768617725,1314.854481252151,1255.3139009690346,1277.6912841796875,19185012,0.0,0.0,ICICIBANK.NS,10058266050560,19.177578,0.79,1500.0,1200.1
2025-04-08 00:00:00+05:30,1289.8969896705237,1300.0189606799747,1277.4927025037578,1289.9466552734375,13085762,0.0,0.0,ICICIBANK.NS,10058266050560,19.177578,0.79,1500.0,1200.1
2025-04-09 00:00:00+05:30,1294.9579703581671,1295.106846037701,1274.6646041339118,1290.83984375,13005622,0.0,0.0,ICICIBANK.NS,10058266050560,19.177578,0.79,1500.0,1200.1
2025-04-11 00:00:00+05:30,1295.1067945023049,1314.8544439632922,1295.1067945023049,1301.606689453125,13064247,0.0,0.0,ICICIBANK.NS,10058266050560,19.177578,0.79,1500.0,1200.1
2025-04-15 00:00:00+05:30,1340.655373037739,1343.9301533432258,1325.9686484021752,1339.8614501953125,15202603,0.0,0.0,ICICIBANK.NS,10058266050560,19.177578,0.79,1500.0,1200.1
2025-04-16 00:00:00+05:30,1346.6094196449503,1349.2886972283168,1332.6174078978706,1346.0140380859375,14039073,0.0,0.0,ICICIBANK.NS,10058266050560,19.177578,0.79,1500.0,1200.1
2025-04-17 00:00:00+05:30,1351.5711498907554,1398.112060263163,1349.6856739861041,1395.9288330078125,17490424,0.0,0.0,ICICIBANK.NS,10058266050560,19.177578,0.79,1500.0,1200.1
2025-04-21 00:00:00+05:30,1425.004587897116,1425.004587897116,1393.9442026732427,1399.0052490234375,16882426,0.0,0.0,ICICIBANK.NS,10058266050560,19.177578,0.79,1500.0,1200.1
2025-04-22 00:00:00+05:30,1401.9823098324273,1407.9363681338637,1388.1887172069748,1405.6539306640625,16135274,0.0,0.0,ICICIBANK.NS,10058266050560,19.177578,0.79,1500.0,1200.1
2025-04-23 00:00:00+05:30,1418.0581618237188,1418.9512947601793,1400.4937389943566,1413.493408203125,13990764,0.0,0.0,ICICIBANK.NS,10058266050560,19.177578,0.79,1500.0,1200.1
2025-04-24 00:00:00+05:30,1405.4554343163697,1410.3178180904442,1388.0894318786184,1391.95947265625,15678099,0.0,0.0,ICICIBANK.NS,10058266050560,19.177578,0.79,1500.0,1200.1
2025-04-25 00:00:00+05:30,1399.2035920369979,1403.966886762009,1377.769008045682,1394.04345703125,11705093,0.0,0.0,ICICIBANK.NS,10058266050560,19.177578,0.79,1500.0,1200.1
2025-04-28 00:00:00+05:30,1394.8373106964493,1424.0122194189871,1393.0511659597357,1417.8597412109375,10948561,0.0,0.0,ICICIBANK.NS,10058266050560,19.177578,0.79,1500.0,1200.1
2025-04-29 00:00:00+05:30,1417.8597077945897,1427.2869661678633,1411.7071085959242,1418.85205078125,10786910,0.0,0.0,ICICIBANK.NS,10058266050560,19.177578,0.79,1500.0,1200.1
2025-04-30 00:00:00+05:30,1422.0275444346203,1422.7221360927958,1389.2802248488963,1416.073486328125,14192027,0.0,0.0,ICICIBANK.NS,10058266050560,19.177578,0.79,1500.0,1200.1
2025-05-02 00:00:00+05:30,1415.9742091510598,1435.5233172200462,1413.6917718641512,1419.149658203125,8842434,0.0,0.0,ICICIBANK.NS,10058266050560,19.177578,0.79,1500.0,1200.1
2025-05-05 00:00:00+05:30,1428.9738894731652,1435.7218701832576,1415.081087769954,1418.455078125,4565705,0.0,0.0,ICICIBANK.NS,10058266050560,19.177578,0.79,1500.0,1200.1
2025-05-06 00:00:00+05:30,1418.0581160771362,1422.7220796211836,1409.5239906903596,1420.63818359375,6301690,0.0,0.0,ICICIBANK.NS,10058266050560,19.177578,0.79,1500.0,1200.1
2025-05-07 00:00:00+05:30,1414.0887881642996,1430.9586193213472,1410.119416127347,1424.4091796875,10480453,0.0,0.0,ICICIBANK.NS,10058266050560,19.177578,0.79,1500.0,1200.1
2025-05-08 00:00:00+05:30,1427.5846620245352,1437.8058437113664,1415.1803741209164,1424.5084228515625,15306490,0.0,0.0,ICICIBANK.NS,10058266050560,19.177578,0.79,1500.0,1200.1
2025-05-09 00:00:00+05:30,1404.3638078003796,1409.0278927234135,1376.379782804671,1378.2652587890625,13491197,0.0,0.0,ICICIBANK.NS,10058266050560,19.177578,0.79,1500.0,1200.1
2025-05-12 00:00:00+05:30,1398.6082269981746,1441.8743569081432,1393.249550653154,1437.4088134765625,9925445,0.0,0.0,ICICIBANK.NS,10058266050560,19.177578,0.79,1500.0,1200.1
2025-05-13 00:00:00+05:30,1429.0731325397105,1436.8134564073198,1416.4704248722041,1419.6458740234375,12475424,0.0,0.0,ICICIBANK.NS,10058266050560,19.177578,0.79,1500.0,1200.1
2025-05-14 00:00:00+05:30,1418.9512828044426,1429.6685145448027,1406.4477852062123,1415.279541015625,8026837,0.0,0.0,ICICIBANK.NS,10058266050560,19.177578,0.79,1500.0,1200.1
2025-05-15 00:00:00+05:30,1414.9819190581854,1445.3475908699352,1404.6615275498752,1439.6912841796875,18209264,0.0,0.0,ICICIBANK.NS,10058266050560,19.177578,0.79,1500.0,1200.1
2025-05-16 00:00:00+05:30,1442.172107583965,1447.5306627908633,1435.920298328426,1442.86669921875,6439208,0.0,0.0,ICICIBANK.NS,10058266050560,19.177578,0.79,1500.0,1200.1
2025-05-19 00:00:00+05:30,1435.4241717584057,1448.5230511072755,1432.7448940711074,1437.905029296875,6005334,0.0,0.0,ICICIBANK.NS,10058266050560,19.177578,0.79,1500.0,1200.1
2025-05-20 00:00:00+05:30,1439.0957378026826,1447.8284044606678,1424.5083444847762,1427.1876220703125,11352383,0.0,0.0,ICICIBANK.NS,10058266050560,19.177578,0.79,1500.0,1200.1
2025-05-21 00:00:00+05:30,1431.8517946649677,1440.1875004165765,1427.485461067875,1433.637939453125,5510460,0.0,0.0,ICICIBANK.NS,10058266050560,19.177578,0.79,1500.0,1200.1
2025-05-22 00:00:00+05:30,1430.0655182967434,1434.2334317099203,1416.867428660744,1431.057861328125,7245933,0.0,0.0,ICICIBANK.NS,10058266050560,19.177578,0.79,1500.0,1200.1
2025-05-23 00:00:00+05:30,1431.1570706662649,1440.6836606711147,1423.4168677068544,1438.698974609375,5203706,0.0,0.0,ICICIBANK.NS,10058266050560,19.177578,0.79,1500.0,1200.1
2025-05-26 00:00:00+05:30,1446.8360701649403,1460.331910515487,1443.8590412139838,1449.4161376953125,5608725,0.0,0.0,ICICIBANK.NS,10058266050560,19.177578,0.79,1500.0,1200.1
2025-05-27 00:00:00+05:30,1441.3782192942826,1451.7978208795425,1424.7068083036186,1435.324951171875,14842959,0.0,0.0,ICICIBANK.NS,10058266050560,19.177578,0.79,1500.0,1200.1
2025-05-28 00:00:00+05:30,1436.5157355383742,1446.836127202333,1431.454810349359,1442.6683349609375,8618343,0.0,0.0,ICICIBANK.NS,10058266050560,19.177578,0.79,1500.0,1200.1
2025-05-29 00:00:00+05:30,1445.4467442494526,1451.698553407669,1433.9355900375203,1445.3475341796875,15545514,0.0,0.0,ICICIBANK.NS,10058266050560,19.177578,0.79,1500.0,1200.1
2025-05-30 00:00:00+05:30,1448.7216268807567,1449.7139699197687,1433.2410996992944,1434.7296142578125,11803975,0.0,0.0,ICICIBANK.NS,10058266050560,19.177578,0.79,1500.0,1200.1
2025-06-02 00:00:00+05:30,1430.9586389930196,1448.8208134048605,1421.8291316367724,1439.3935546875,9458990,0.0,0.0,ICICIBANK.NS,10058266050560,19.177578,0.79,1500.0,1200.1
2025-06-03 00:00:00+05:30,1443.7598455387374,1443.8590556109682,1421.035166759386,1426.8900146484375,11167345,0.0,0.0,ICICIBANK.NS,10058266050560,19.177578,0.79,1500.0,1200.1
2025-06-04 00:00:00+05:30,1426.3938661679927,1429.0731438395549,1415.4780930628378,1420.0428466796875,8025388,0.0,0.0,ICICIBANK.NS,10058266050560,19.177578,0.79,1500.0,1200.1
2025-06-05 00:00:00+05:30,1419.9436226094324,1447.8284366760695,1416.3712120373557,1443.66064453125,11385668,0.0,0.0,ICICIBANK.NS,10058266050560,19.177578,0.79,1500.0,1200.1
2025-06-06 00:00:00+05:30,1437.5080878919146,1450.2101271201,1431.0578582020253,1448.5230712890625,11580994,0.0,0.0,ICICIBANK.NS,10058266050560,19.177578,0.79,1500.0,1200.1
2025-06-09 00:00:00+05:30,1453.7825541382838,1455.5688200651953,1422.4245382897982,1423.8138427734375,11022031,0.0,0.0,ICICIBANK.NS,10058266050560,19.177578,0.79,1500.0,1200.1
2025-06-10 00:00:00+05:30,1427.9815809293386,1430.660858582463,1405.6538633679,1412.0048828125,12905272,0.0,0.0,ICICIBANK.NS,10058266050560,19.177578,0.79,1500.0,1200.1
2025-06-11 00:00:00+05:30,1410.9133394459884,1423.5160472131458,1407.737769134025,1420.0428466796875,7136877,0.0,0.0,ICICIBANK.NS,10058266050560,19.177578,0.79,1500.0,1200.1
2025-06-12 00:00:00+05:30,1419.5466979345517,1425.5007560873705,1409.127096167119,1414.2872314453125,7953247,0.0,0.0,ICICIBANK.NS,10058266050560,19.177578,0.79,1500.0,1200.1
2025-06-13 00:00:00+05:30,1392.8526699787633,1410.6156346634868,1392.8526699787633,1405.2569580078125,7573103,0.0,0.0,ICICIBANK.NS,10058266050560,19.177578,0.79,1500.0,1200.1
2025-06-16 00:00:00+05:30,1405.7530618658518,1418.0581392255135,1403.3714144517853,1415.9742431640625,5451137,0.0,0.0,ICICIBANK.NS,10058266050560,19.177578,0.79,1500.0,1200.1
2025-06-17 00:00:00+05:30,1415.9742319665809,1418.8520508551696,1406.9439350146247,1412.302490234375,6970098,0.0,0.0,ICICIBANK.NS,10058266050560,19.177578,0.79,1500.0,1200.1
2025-06-18 00:00:00+05:30,1406.150024814166,1421.0351697486842,1399.402043989603,1401.78369140625,6751745,0.0,0.0,ICICIBANK.NS,10058266050560,19.177578,0.79,1500.0,1200.1
2025-06-19 00:00:00+05:30,1397.2189939427594,1403.8676438261634,1393.9442134714564,1400.4937744140625,8849883,0.0,0.0,ICICIBANK.NS,10058266050560,19.177578,0.79,1500.0,1200.1
2025-06-20 00:00:00+05:30,1400.4937821267788,1422.3253290273638,1399.4021078732494,1416.1727294921875,12408178,0.0,0.0,ICICIBANK.NS,10058266050560,19.177578,0.79,1500.0,1200.1
2025-06-23 00:00:00+05:30,1406.1500791810931,1412.3025575376569,1401.0891539348067,1409.226318359375,5514384,0.0,0.0,ICICIBANK.NS,10058266050560,19.177578,0.79,1500.0,1200.1
2025-06-24 00:00:00+05:30,1416.7680893764307,1424.9053748687675,1405.6538959425357,1413.1956787109375,11188438,0.0,0.0,ICICIBANK.NS,10058266050560,19.177578,0.79,1500.0,1200.1
2025-06-25 00:00:00+05:30,1411.1117385952273,1417.9589294864209,1404.463088984364,1414.8826904296875,7527388,0.0,0.0,ICICIBANK.NS,10058266050560,19.177578,0.79,1500.0,1200.1
2025-06-26 00:00:00+05:30,1413.8903780949927,1436.4165161110168,1410.814017835929,1428.080810546875,13617435,0.0,0.0,ICICIBANK.NS,10058266050560,19.177578,0.79,1500.0,1200.1
2025-06-27 00:00:00+05:30,1427.882386711014,1454.774858156496,1426.0961208320166,1451.00390625,22532899,0.0,0.0,ICICIBANK.NS,10058266050560,19.177578,0.79,1500.0,1200.1
2025-06-30 00:00:00+05:30,1450.6071028820047,1450.706312958781,1431.2564136212704,1434.7296142578125,6325073,0.0,0.0,ICICIBANK.NS,10058266050560,19.177578,0.79,1500.0,1200.1
2025-07-01 00:00:00+05:30,1434.6302067068036,1436.5156826077227,1418.653508855977,1421.03515625,7761449,0.0,0.0,ICICIBANK.NS,10058266050560,19.177578,0.79,1500.0,1200.1
2025-07-02 00:00:00+05:30,1421.2336440793872,1439.8897415628453,1411.707175185214,1416.867431640625,13372280,0.0,0.0,ICICIBANK.NS,10058266050560,19.177578,0.79,1500.0,1200.1
2025-07-03 00:00:00+05:30,1421.1344118511029,1435.027214103107,1412.798706272776,1414.98193359375,10177738,0.0,0.0,ICICIBANK.NS,10058266050560,19.177578,0.79,1500.0,1200.1
2025-07-04 00:00:00+05:30,1416.0734952431667,1433.3402880878325,1410.2186471744621,1431.7525634765625,5066503,0.0,0.0,ICICIBANK.NS,10058266050560,19.177578,0.79,1500.0,1200.1
2025-07-07 00:00:00+05:30,1425.9968814549877,1429.8670433562065,1418.6535190770169,1424.706787109375,5177477,0.0,0.0,ICICIBANK.NS,10058266050560,19.177578,0.79,1500.0,1200.1
2025-07-08 00:00:00+05:30,1421.035188079707,1433.935647189369,1419.050502062836,1430.9586181640625,5315847,0.0,0.0,ICICIBANK.NS,10058266050560,19.177578,0.79,1500.0,1200.1
2025-07-09 00:00:00+05:30,1425.2030375827696,1427.683895203639,1415.6765685457565,1420.93603515625,8827347,0.0,0.0,ICICIBANK.NS,10058266050560,19.177578,0.79,1500.0,1200.1
2025-07-10 00:00:00+05:30,1425.7985078190466,1427.981614021397,1411.2109926594833,1413.1956787109375,7795964,0.0,0.0,ICICIBANK.NS,10058266050560,19.177578,0.79,1500.0,1200.1
2025-07-11 00:00:00+05:30,1411.111783317687,1417.0658414751456,1403.7684206963636,1411.0125732421875,7158015,0.0,0.0,ICICIBANK.NS,10058266050560,19.177578,0.79,1500.0,1200.1
2025-07-14 00:00:00+05:30,1413.9896019530586,1413.9896019530586,1405.2569348701418,1412.1041259765625,5846154,0.0,0.0,ICICIBANK.NS,10058266050560,19.177578,0.79,1500.0,1200.1
2025-07-15 00:00:00+05:30,1410.218682168871,1422.8215115677394,1408.134785993891,1419.844482421875,6041457,0.0,0.0,ICICIBANK.NS,10058266050560,19.177578,0.79,1500.0,1200.1
2025-07-16 00:00:00+05:30,1415.081187967311,1418.25663727007,1408.2339967016344,1415.4781494140625,5649093,0.0,0.0,ICICIBANK.NS,10058266050560,19.177578,0.79,1500.0,1200.1
2025-07-17 00:00:00+05:30,1410.1194736013367,1412.3025798563917,1398.7075285299677,1407.8370361328125,12927394,0.0,0.0,ICICIBANK.NS,10058266050560,19.177578,0.79,1500.0,1200.1
2025-07-18 00:00:00+05:30,1404.9592604817603,1418.0581395587762,1397.7151081655259,1414.8826904296875,11297246,0.0,0.0,ICICIBANK.NS,10058266050560,19.177578,0.79,1500.0,1200.1
2025-07-21 00:00:00+05:30,1436.9126621837045,1456.4617708047458,1425.9968891975022,1454.576416015625,13867136,0.0,0.0,ICICIBANK.NS,10058266050560,19.177578,0.79,1500.0,1200.1
2025-07-22 00:00:00+05:30,1462.8128219007424,1470.6523559877205,1458.4464883845856,1462.316650390625,8930165,0.0,0.0,ICICIBANK.NS,10058266050560,19.177578,0.79,1500.0,1200.1
2025-07-23 00:00:00+05:30,1471.5454755170424,1478.5910866693491,1461.3242940475627,1477.2017822265625,11974174,0.0,0.0,ICICIBANK.NS,10058266050560,19.177578,0.79,1500.0,1200.1
2025-07-24 00:00:00+05:30,1476.3086281822896,1477.3009711792895,1466.782159638216,1472.0416259765625,6700578,0.0,0.0,ICICIBANK.NS,10058266050560,19.177578,0.79,1500.0,1200.1
2025-07-25 00:00:00+05:30,1488.5144734435703,1488.5144734435703,1462.31659448384,1465.789794921875,8696077,0.0,0.0,ICICIBANK.NS,10058266050560,19.177578,0.79,1500.0,1200.1
2025-07-28 00:00:00+05:30,1465.7898930637602,1482.3620946590604,1465.7898930637602,1477.00341796875,7507479,0.0,0.0,ICICIBANK.NS,10058266050560,19.177578,0.79,1500.0,1200.1
2025-07-29 00:00:00+05:30,1468.5685019046516,1478.3927223132807,1464.1029581857863,1474.8201904296875,9776027,0.0,0.0,ICICIBANK.NS,10058266050560,19.177578,0.79,1500.0,1200.1
2025-07-30 00:00:00+05:30,1476.308661728485,1477.1025845983731,1465.9883912336757,1471.04931640625,7238625,0.0,0.0,ICICIBANK.NS,10058266050560,19.177578,0.79,1500.0,1200.1
2025-07-31 00:00:00+05:30,1458.6450618514623,1483.0566764606926,1452.7902136757805,1470.0570068359375,12406146,0.0,0.0,ICICIBANK.NS,10058266050560,19.177578,0.79,1500.0,1200.1
2025-08-01 00:00:00+05:30,1469.0645758820863,1473.7285394467383,1458.5457644921182,1460.3319091796875,4416771,0.0,0.0,ICICIBANK.NS,10058266050560,19.177578,0.79,1500.0,1200.1
2025-08-04 00:00:00+05:30,1465.492177404952,1467.4768633867377,1450.1108610461113,1451.9962158203125,6140054,0.0,0.0,ICICIBANK.NS,10058266050560,19.177578,0.79,1500.0,1200.1
2025-08-05 00:00:00+05:30,1441.8743352750153,1450.3092505192255,1429.96621963613,1433.3402099609375,14799343,0.0,0.0,ICICIBANK.NS,10058266050560,19.177578,0.79,1500.0,1200.1
2025-08-06 00:00:00+05:30,1431.2564134495642,1442.866778550362,1430.561700640964,1432.54638671875,7805252,0.0,0.0,ICICIBANK.NS,10058266050560,19.177578,0.79,1500.0,1200.1
2025-08-07 00:00:00+05:30,1430.0655302659995,1436.8135113901221,1418.1574137897542,1429.271728515625,7432535,0.0,0.0,ICICIBANK.NS,10058266050560,19.177578,0.79,1500.0,1200.1
2025-08-08 00:00:00+05:30,1434.8288259088201,1436.5157606227415,1421.0352334242946,1424.9053955078125,5415511,0.0,0.0,ICICIBANK.NS,10058266050560,19.177578,0.79,1500.0,1200.1
2025-08-11 00:00:00+05:30,1416.9666396615337,1427.3862414978396,1409.5240669213151,1425.5999755859375,8492484,0.0,0.0,ICICIBANK.NS,10058266050560,19.177578,0.79,1500.0,1200.1
2025-08-12 00:00:00+05:30,1431.0,1433.800048828125,1420.0999755859375,1422.0,5913947,11.0,0.0,ICICIBANK.NS,10058266050560,19.177578,0.79,1500.0,1200.1
2025-08-13 00:00:00+05:30,1424.5999755859375,1427.699951171875,1415.199951171875,1420.800048828125,9009465,0.0,0.0,ICICIBANK.NS,10058266050560,19.177578,0.79,1500.0,1200.1
2025-08-14 00:00:00+05:30,1412.0,1431.0999755859375,1412.0,1427.300048828125,7577793,0.0,0.0,ICICIBANK.NS,10058266050560,19.177578,0.79,1500.0,1200.1
2025-08-18 00:00:00+05:30,1450.0,1452.4000244140625,1431.0,1434.5999755859375,6908844,0.0,0.0,ICICIBANK.NS,10058266050560,19.177578,0.79,1500.0,1200.1
2025-08-19 00:00:00+05:30,1431.0999755859375,1438.5,1426.300048828125,1436.300048828125,6709554,0.0,0.0,ICICIBANK.NS,10058266050560,19.177578,0.79,1500.0,1200.1
2025-08-20 00:00:00+05:30,1432.5999755859375,1435.9000244140625,1423.0,1430.5999755859375,5817858,0.0,0.0,ICICIBANK.NS,10058266050560,19.177578,0.79,1500.0,1200.1
2025-08-21 00:00:00+05:30,1440.0999755859375,1447.800048828125,1436.4000244140625,1446.0,6238645,0.0,0.0,ICICIBANK.NS,10058266050560,19.177578,0.79,1500.0,1200.1
2025-08-22 00:00:00+05:30,1444.300048828125,1446.0,1429.4000244140625,1436.4000244140625,6657207,0.0,0.0,ICICIBANK.NS,10058266050560,19.177578,0.79,1500.0,1200.1
2025-08-25 00:00:00+05:30,1435.9000244140625,1435.9000244140625,1424.0,1433.199951171875,6738427,0.0,0.0,ICICIBANK.NS,10058266050560,19.177578,0.79,1500.0,1200.1
2025-08-26 00:00:00+05:30,1427.9000244140625,1427.9000244140625,1413.0999755859375,1416.5999755859375,8720155,0.0,0.0,ICICIBANK.NS,10058266050560,19.177578,0.79,1500.0,1200.1
2025-08-28 00:00:00+05:30,1408.0,1411.800048828125,1396.300048828125,1399.0999755859375,12990789,0.0,0.0,ICICIBANK.NS,10058266050560,19.177578,0.79,1500.0,1200.1
2025-08-29 00:00:00+05:30,1392.0999755859375,1405.0,1392.0999755859375,1397.800048828125,8519507,0.0,0.0,ICICIBANK.NS,10058266050560,19.177578,0.79,1500.0,1200.1
2025-09-01 00:00:00+05:30,1398.0999755859375,1412.4000244140625,1398.0999755859375,1411.0,4927348,0.0,0.0,ICICIBANK.NS,10058266050560,19.177578,0.79,1500.0,1200.1
2025-09-02 00:00:00+05:30,1413.9000244140625,1413.9000244140625,1390.0,1394.199951171875,7163073,0.0,0.0,ICICIBANK.NS,10058266050560,19.177578,0.79,1500.0,1200.1
2025-09-03 00:00:00+05:30,1389.0,1400.0,1384.199951171875,1397.0,9813382,0.0,0.0,ICICIBANK.NS,10058266050560,19.177578,0.79,1500.0,1200.1
2025-09-04 00:00:00+05:30,1409.9000244140625,1415.0999755859375,1401.9000244140625,1405.5,10564859,0.0,0.0,ICICIBANK.NS,10058266050560,19.177578,0.79,1500.0,1200.1
2025-09-05 00:00:00+05:30,1411.0,1411.5,1387.699951171875,1402.800048828125,6621077,0.0,0.0,ICICIBANK.NS,10058266050560,19.177578,0.79,1500.0,1200.1
2025-09-08 00:00:00+05:30,1402.199951171875,1410.5999755859375,1397.5999755859375,1402.699951171875,5880943,0.0,0.0,ICICIBANK.NS,10058266050560,19.177578,0.79,1500.0,1200.1
2025-09-09 00:00:00+05:30,1399.0,1407.5,1395.199951171875,1403.699951171875,6470679,0.0,0.0,ICICIBANK.NS,10058266050560,19.177578,0.79,1500.0,1200.1
2025-09-10 00:00:00+05:30,1410.0,1413.699951171875,1402.0999755859375,1403.9000244140625,7452347,0.0,0.0,ICICIBANK.NS,10058266050560,19.177578,0.79,1500.0,1200.1
2025-09-11 00:00:00+05:30,1398.0,1408.0,1396.0,1401.5999755859375,10192026,0.0,0.0,ICICIBANK.NS,10058266050560,19.177578,0.79,1500.0,1200.1
2025-09-12 00:00:00+05:30,1405.0999755859375,1419.699951171875,1400.0999755859375,1417.699951171875,7770038,0.0,0.0,ICICIBANK.NS,10058266050560,19.177578,0.79,1500.0,1200.1
2025-09-15 00:00:00+05:30,1422.0,1426.800048828125,1416.300048828125,1419.4000244140625,5845637,0.0,0.0,ICICIBANK.NS,10058266050560,19.177578,0.79,1500.0,1200.1
2025-09-16 00:00:00+05:30,1414.0,1424.9000244140625,1413.699951171875,1421.5999755859375,8213151,0.0,0.0,ICICIBANK.NS,10058266050560,19.177578,0.79,1500.0,1200.1
2025-09-17 00:00:00+05:30,1420.0999755859375,1426.0999755859375,1416.4000244140625,1419.199951171875,7484283,0.0,0.0,ICICIBANK.NS,10058266050560,19.177578,0.79,1500.0,1200.1
2025-09-18 00:00:00+05:30,1431.0999755859375,1432.800048828125,1415.300048828125,1421.699951171875,8130537,0.0,0.0,ICICIBANK.NS,10058266050560,19.177578,0.79,1500.0,1200.1
2025-09-19 00:00:00+05:30,1416.0999755859375,1418.0,1400.199951171875,1402.199951171875,13457344,0.0,0.0,ICICIBANK.NS,10058266050560,19.177578,0.79,1500.0,1200.1
2025-09-22 00:00:00+05:30,1403.9000244140625,1409.9000244140625,1397.199951171875,1401.5,8847948,0.0,0.0,ICICIBANK.NS,10058266050560,19.177578,0.79,1500.0,1200.1
2025-09-23 00:00:00+05:30,1391.0,1403.300048828125,1391.0,1394.300048828125,12827524,0.0,0.0,ICICIBANK.NS,10058266050560,19.177578,0.79,1500.0,1200.1
2025-09-24 00:00:00+05:30,1386.4000244140625,1390.9000244140625,1376.5,1382.699951171875,9735678,0.0,0.0,ICICIBANK.NS,10058266050560,19.177578,0.79,1500.0,1200.1
2025-09-25 00:00:00+05:30,1377.0,1391.5,1371.800048828125,1375.800048828125,21613389,0.0,0.0,ICICIBANK.NS,10058266050560,19.177578,0.79,1500.0,1200.1
2025-09-26 00:00:00+05:30,1368.0,1372.699951171875,1357.0,1359.5999755859375,18342280,0.0,0.0,ICICIBANK.NS,10058266050560,19.177578,0.79,1500.0,1200.1
2025-09-29 00:00:00+05:30,1359.5999755859375,1366.5,1346.199951171875,1348.0999755859375,20563163,0.0,0.0,ICICIBANK.NS,10058266050560,19.177578,0.79,1500.0,1200.1
2025-09-30 00:00:00+05:30,1353.699951171875,1356.5999755859375,1342.5999755859375,1348.0,20166871,0.0,0.0,ICICIBANK.NS,10058266050560,19.177578,0.79,1500.0,1200.1
2025-10-01 00:00:00+05:30,1348.0,1379.4000244140625,1347.0999755859375,1372.0,20952632,0.0,0.0,ICICIBANK.NS,10058266050560,19.177578,0.79,1500.0,1200.1
2025-10-03 00:00:00+05:30,1371.9000244140625,1371.9000244140625,1361.300048828125,1365.199951171875,12163695,0.0,0.0,ICICIBANK.NS,10058266050560,19.177578,0.79,1500.0,1200.1
2025-10-06 00:00:00+05:30,1371.0,1372.5999755859375,1359.0999755859375,1363.4000244140625,14314283,0.0,0.0,ICICIBANK.NS,10058266050560,19.177578,0.79,1500.0,1200.1
2025-10-07 00:00:00+05:30,1363.5999755859375,1383.0999755859375,1363.5999755859375,1375.9000244140625,16126464,0.0,0.0,ICICIBANK.NS,10058266050560,19.177578,0.79,1500.0,1200.1
2025-10-08 00:00:00+05:30,1372.300048828125,1381.5999755859375,1364.300048828125,1370.300048828125,8100832,0.0,0.0,ICICIBANK.NS,10058266050560,19.177578,0.79,1500.0,1200.1
2025-10-09 00:00:00+05:30,1369.800048828125,1378.699951171875,1365.0999755859375,1376.199951171875,7909575,0.0,0.0,ICICIBANK.NS,10058266050560,19.177578,0.79,1500.0,1200.1
2025-10-10 00:00:00+05:30,1370.300048828125,1385.0,1370.300048828125,1380.300048828125,7673816,0.0,0.0,ICICIBANK.NS,10058266050560,19.177578,0.79,1500.0,1200.1
2025-10-13 00:00:00+05:30,1373.0999755859375,1386.4000244140625,1373.0999755859375,1379.4000244140625,8923018,0.0,0.0,ICICIBANK.NS,10058266050560,19.177578,0.79,1500.0,1200.1
2025-10-14 00:00:00+05:30,1389.0,1389.0,1375.0999755859375,1384.0999755859375,10610855,0.0,0.0,ICICIBANK.NS,10058266050560,19.177578,0.79,1500.0,1200.1
2025-10-15 00:00:00+05:30,1386.5,1400.4000244140625,1385.5,1398.4000244140625,8988550,0.0,0.0,ICICIBANK.NS,10058266050560,19.177578,0.79,1500.0,1200.1
2025-10-16 00:00:00+05:30,1401.0,1418.9000244140625,1399.4000244140625,1417.300048828125,12185032,0.0,0.0,ICICIBANK.NS,10058266050560,19.177578,0.79,1500.0,1200.1
2025-10-17 00:00:00+05:30,1412.0,1439.5999755859375,1410.9000244140625,1436.5999755859375,17037215,0.0,0.0,ICICIBANK.NS,10058266050560,19.177578,0.79,1500.0,1200.1
2025-10-20 00:00:00+05:30,1442.0,1445.0,1389.199951171875,1390.300048828125,23330227,0.0,0.0,ICICIBANK.NS,10058266050560,19.177578,0.79,1500.0,1200.1
2025-10-21 00:00:00+05:30,1384.5,1387.5999755859375,1375.9000244140625,1382.0,3415560,0.0,0.0,ICICIBANK.NS,10058266050560,19.177578,0.79,1500.0,1200.1
2025-10-23 00:00:00+05:30,1385.0,1389.800048828125,1360.0999755859375,1363.699951171875,21124942,0.0,0.0,ICICIBANK.NS,10058266050560,19.177578,0.79,1500.0,1200.1
2025-10-24 00:00:00+05:30,1368.0999755859375,1381.5999755859375,1368.0999755859375,1377.699951171875,10570263,0.0,0.0,ICICIBANK.NS,10058266050560,19.177578,0.79,1500.0,1200.1
2025-10-27 00:00:00+05:30,1382.0999755859375,1386.800048828125,1374.0,1377.5999755859375,11499836,0.0,0.0,ICICIBANK.NS,10058266050560,19.177578,0.79,1500.0,1200.1
2025-10-28 00:00:00+05:30,1373.0,1375.800048828125,1356.199951171875,1363.0999755859375,26477914,0.0,0.0,ICICIBANK.NS,10058266050560,19.177578,0.79,1500.0,1200.1
2025-10-29 00:00:00+05:30,1364.5999755859375,1371.699951171875,1358.4000244140625,1370.4000244140625,16129382,0.0,0.0,ICICIBANK.NS,10058266050560,19.177578,0.79,1500.0,1200.1
2025-10-30 00:00:00+05:30,1362.4000244140625,1370.199951171875,1361.300048828125,1362.4000244140625,9324401,0.0,0.0,ICICIBANK.NS,10058266050560,19.177578,0.79,1500.0,1200.1
2025-10-31 00:00:00+05:30,1357.0,1362.0,1343.300048828125,1345.300048828125,15926798,0.0,0.0,ICICIBANK.NS,10058266050560,19.177578,0.79,1500.0,1200.1
2025-11-03 00:00:00+05:30,1340.5,1351.5999755859375,1337.9000244140625,1346.4000244140625,11071450,0.0,0.0,ICICIBANK.NS,10058266050560,19.177578,0.79,1500.0,1200.1
2025-11-04 00:00:00+05:30,1342.5999755859375,1349.800048828125,1333.199951171875,1336.9000244140625,15211183,0.0,0.0,ICICIBANK.NS,10058266050560,19.177578,0.79,1500.0,1200.1
2025-11-06 00:00:00+05:30,1330.0,1342.199951171875,1317.4000244140625,1320.4000244140625,24221853,0.0,0.0,ICICIBANK.NS,10058266050560,19.177578,0.79,1500.0,1200.1
2025-11-07 00:00:00+05:30,1320.4000244140625,1344.300048828125,1318.5999755859375,1343.0,7719245,0.0,0.0,ICICIBANK.NS,10058266050560,19.177578,0.79,1500.0,1200.1
2025-11-10 00:00:00+05:30,1342.9000244140625,1349.5999755859375,1341.0,1348.0,8542340,0.0,0.0,ICICIBANK.NS,10058266050560,19.177578,0.79,1500.0,1200.1
2025-11-11 00:00:00+05:30,1349.0,1360.4000244140625,1346.199951171875,1358.300048828125,8305184,0.0,0.0,ICICIBANK.NS,10058266050560,19.177578,0.79,1500.0,1200.1
2025-11-12 00:00:00+05:30,1370.0,1370.0,1355.4000244140625,1358.9000244140625,9736761,0.0,0.0,ICICIBANK.NS,10058266050560,19.177578,0.79,1500.0,1200.1
2025-11-13 00:00:00+05:30,1358.9000244140625,1390.4000244140625,1358.5,1385.9000244140625,18296626,0.0,0.0,ICICIBANK.NS,10058266050560,19.177578,0.79,1500.0,1200.1
2025-11-14 00:00:00+05:30,1374.0,1381.199951171875,1363.199951171875,1373.0,9694498,0.0,0.0,ICICIBANK.NS,10058266050560,19.177578,0.79,1500.0,1200.1
2025-11-17 00:00:00+05:30,1375.0999755859375,1382.5,1373.5999755859375,1379.0,7660717,0.0,0.0,ICICIBANK.NS,10058266050560,19.177578,0.79,1500.0,1200.1
2025-11-18 00:00:00+05:30,1380.199951171875,1382.800048828125,1369.0999755859375,1373.4000244140625,9529560,0.0,0.0,ICICIBANK.NS,10058266050560,19.177578,0.79,1500.0,1200.1
2025-11-19 00:00:00+05:30,1373.5,1384.0,1371.5999755859375,1383.0999755859375,10393918,0.0,0.0,ICICIBANK.NS,10058266050560,19.177578,0.79,1500.0,1200.1
2025-11-20 00:00:00+05:30,1380.0999755859375,1388.300048828125,1375.4000244140625,1383.0,10131863,0.0,0.0,ICICIBANK.NS,10058266050560,19.177578,0.79,1500.0,1200.1
2025-11-21 00:00:00+05:30,1373.0,1376.0,1364.5999755859375,1369.5,11483595,0.0,0.0,ICICIBANK.NS,10058266050560,19.177578,0.79,1500.0,1200.1
2025-11-24 00:00:00+05:30,1373.300048828125,1377.0,1361.5,1368.4000244140625,15896003,0.0,0.0,ICICIBANK.NS,10058266050560,19.177578,0.79,1500.0,1200.1
2025-11-25 00:00:00+05:30,1365.0,1376.9000244140625,1354.300048828125,1357.800048828125,12235000,0.0,0.0,ICICIBANK.NS,10058266050560,19.177578,0.79,1500.0,1200.1
2025-11-26 00:00:00+05:30,1360.0,1377.0,1359.9000244140625,1375.0,9659004,0.0,0.0,ICICIBANK.NS,10058266050560,19.177578,0.79,1500.0,1200.1
2025-11-27 00:00:00+05:30,1379.0,1394.0,1375.699951171875,1392.199951171875,15158741,0.0,0.0,ICICIBANK.NS,10058266050560,19.177578,0.79,1500.0,1200.1
2025-11-28 00:00:00+05:30,1392.0,1398.5,1385.5999755859375,1388.800048828125,7683986,0.0,0.0,ICICIBANK.NS,10058266050560,19.177578,0.79,1500.0,1200.1
2025-12-01 00:00:00+05:30,1394.0,1400.0,1385.4000244140625,1390.0999755859375,8867593,0.0,0.0,ICICIBANK.NS,10058266050560,19.177578,0.79,1500.0,1200.1
2025-12-02 00:00:00+05:30,1381.800048828125,1381.800048828125,1370.5999755859375,1373.0,12126396,0.0,0.0,ICICIBANK.NS,10058266050560,19.177578,0.79,1500.0,1200.1
2025-12-03 00:00:00+05:30,1367.0,1394.199951171875,1367.0,1391.5,7955933,0.0,0.0,ICICIBANK.NS,10058266050560,19.177578,0.79,1500.0,1200.1
2025-12-04 00:00:00+05:30,1387.0,1391.5999755859375,1379.9000244140625,1386.699951171875,7373909,0.0,0.0,ICICIBANK.NS,10058266050560,19.177578,0.79,1500.0,1200.1
2025-12-05 00:00:00+05:30,1381.0,1395.300048828125,1381.0,1392.5,4942638,0.0,0.0,ICICIBANK.NS,10058266050560,19.177578,0.79,1500.0,1200.1
2025-12-08 00:00:00+05:30,1387.0,1394.9000244140625,1383.300048828125,1389.5999755859375,7826227,0.0,0.0,ICICIBANK.NS,10058266050560,19.177578,0.79,1500.0,1200.1
2025-12-09 00:00:00+05:30,1379.9000244140625,1384.300048828125,1373.4000244140625,1375.199951171875,10492030,0.0,0.0,ICICIBANK.NS,10058266050560,19.177578,0.79,1500.0,1200.1
2025-12-10 00:00:00+05:30,1377.9000244140625,1379.4000244140625,1357.9000244140625,1363.5999755859375,8725381,0.0,0.0,ICICIBANK.NS,10058266050560,19.177578,0.79,1500.0,1200.1
2025-12-11 00:00:00+05:30,1363.699951171875,1366.5999755859375,1352.800048828125,1360.0,6734750,0.0,0.0,ICICIBANK.NS,10058266050560,19.177578,0.79,1500.0,1200.1
2025-12-12 00:00:00+05:30,1368.0,1370.699951171875,1363.300048828125,1366.0,3890885,0.0,0.0,ICICIBANK.NS,10058266050560,19.177578,0.79,1500.0,1200.1
2025-12-15 00:00:00+05:30,1356.0999755859375,1370.0,1356.0999755859375,1365.199951171875,5342530,0.0,0.0,ICICIBANK.NS,10058266050560,19.177578,0.79,1500.0,1200.1
2025-12-16 00:00:00+05:30,1364.0,1368.699951171875,1355.5,1366.0,12359741,0.0,0.0,ICICIBANK.NS,10058266050560,19.177578,0.79,1500.0,1200.1
2025-12-17 00:00:00+05:30,1365.0,1365.0,1343.0999755859375,1352.4000244140625,9440391,0.0,0.0,ICICIBANK.NS,10058266050560,19.177578,0.79,1500.0,1200.1
2025-12-18 00:00:00+05:30,1346.300048828125,1369.5,1345.5,1356.800048828125,7314573,0.0,0.0,ICICIBANK.NS,10058266050560,19.177578,0.79,1500.0,1200.1
2025-12-19 00:00:00+05:30,1354.0,1360.4000244140625,1350.800048828125,1354.0999755859375,14318512,0.0,0.0,ICICIBANK.NS,10058266050560,19.177578,0.79,1500.0,1200.1
2025-12-22 00:00:00+05:30,1358.0,1371.300048828125,1354.800048828125,1368.5,9375294,0.0,0.0,ICICIBANK.NS,10058266050560,19.177578,0.79,1500.0,1200.1
2025-12-23 00:00:00+05:30,1361.0999755859375,1365.0,1357.0,1363.0,9105467,0.0,0.0,ICICIBANK.NS,10058266050560,19.177578,0.79,1500.0,1200.1
2025-12-24 00:00:00+05:30,1363.800048828125,1368.199951171875,1357.5999755859375,1359.800048828125,8955140,0.0,0.0,ICICIBANK.NS,10058266050560,19.177578,0.79,1500.0,1200.1
2025-12-26 00:00:00+05:30,1356.5,1362.0,1348.5,1350.4000244140625,2812144,0.0,0.0,ICICIBANK.NS,10058266050560,19.177578,0.79,1500.0,1200.1
2025-12-29 00:00:00+05:30,1352.0999755859375,1355.699951171875,1341.5,1343.300048828125,6057201,0.0,0.0,ICICIBANK.NS,10058266050560,19.177578,0.79,1500.0,1200.1
2025-12-30 00:00:00+05:30,1343.300048828125,1347.0999755859375,1338.0999755859375,1342.5,18621277,0.0,0.0,ICICIBANK.NS,10058266050560,19.177578,0.79,1500.0,1200.1
2025-12-31 00:00:00+05:30,1342.800048828125,1350.0,1339.5,1342.9000244140625,6150634,0.0,0.0,ICICIBANK.NS,10058266050560,19.177578,0.79,1500.0,1200.1
2026-01-01 00:00:00+05:30,1343.9000244140625,1348.4000244140625,1336.0,1338.0,4179311,0.0,0.0,ICICIBANK.NS,10058266050560,19.177578,0.79,1500.0,1200.1
2026-01-02 00:00:00+05:30,1338.0,1356.9000244140625,1336.300048828125,1355.4000244140625,8226205,0.0,0.0,ICICIBANK.NS,10058266050560,19.177578,0.79,1500.0,1200.1
2026-01-05 00:00:00+05:30,1354.199951171875,1375.5,1352.5999755859375,1371.5,6920565,0.0,0.0,ICICIBANK.NS,10058266050560,19.177578,0.79,1500.0,1200.1
2026-01-06 00:00:00+05:30,1372.0,1413.5999755859375,1366.0,1411.199951171875,17260416,0.0,0.0,ICICIBANK.NS,10058266050560,19.177578,0.79,1500.0,1200.1
2026-01-07 00:00:00+05:30,1408.0,1429.9000244140625,1404.199951171875,1427.699951171875,15813795,0.0,0.0,ICICIBANK.NS,10058266050560,19.177578,0.79,1500.0,1200.1
2026-01-08 00:00:00+05:30,1429.0,1442.199951171875,1423.300048828125,1435.0,14861699,0.0,0.0,ICICIBANK.NS,10058266050560,19.177578,0.79,1500.0,1200.1
2026-01-09 00:00:00+05:30,1427.0999755859375,1429.5,1401.5,1404.300048828125,12555636,0.0,0.0,ICICIBANK.NS,10058266050560,19.177578,0.79,1500.0,1200.1
2026-01-12 00:00:00+05:30,1399.9000244140625,1424.300048828125,1391.699951171875,1413.0999755859375,10923811,0.0,0.0,ICICIBANK.NS,10058266050560,19.177578,0.79,1500.0,1200.1
2026-01-13 00:00:00+05:30,1420.0,1441.800048828125,1411.0999755859375,1437.0,14295581,0.0,0.0,ICICIBANK.NS,10058266050560,19.177578,0.79,1500.0,1200.1
2026-01-14 00:00:00+05:30,1425.5999755859375,1443.9000244140625,1414.9000244140625,1418.4000244140625,13832255,0.0,0.0,ICICIBANK.NS,10058266050560,19.177578,0.79,1500.0,1200.1
2026-01-15 00:00:00+05:30,1418.4000244140625,1418.4000244140625,1418.4000244140625,1418.4000244140625,0,0.0,0.0,ICICIBANK.NS,10058266050560,19.177578,0.79,1500.0,1200.1
2026-01-16 00:00:00+05:30,1417.9000244140625,1429.0,1400.199951171875,1410.800048828125,12530886,0.0,0.0,ICICIBANK.NS,10058266050560,19.177578,0.79,1500.0,1200.1
2026-01-19 00:00:00+05:30,1399.9000244140625,1400.0,1360.0,1380.5999755859375,23302883,0.0,0.0,ICICIBANK.NS,10058266050560,19.177578,0.79,1500.0,1200.1
2026-01-20 00:00:00+05:30,1374.699951171875,1387.800048828125,1371.5,1375.800048828125,15012785,0.0,0.0,ICICIBANK.NS,10058266050560,19.177578,0.79,1500.0,1200.1
2026-01-21 00:00:00+05:30,1367.5,1371.5,1339.5,1349.0,21766068,0.0,0.0,ICICIBANK.NS,10058266050560,19.177578,0.79,1500.0,1200.1
2026-01-22 00:00:00+05:30,1355.0999755859375,1358.0,1338.0,1345.5,17179765,0.0,0.0,ICICIBANK.NS,10058266050560,19.177578,0.79,1500.0,1200.1
2026-01-23 00:00:00+05:30,1340.5,1355.199951171875,1335.699951171875,1343.4000244140625,14056524,0.0,0.0,ICICIBANK.NS,10058266050560,19.177578,0.79,1500.0,1200.1
2026-01-27 00:00:00+05:30,1340.0,1369.0999755859375,1328.5999755859375,1361.4000244140625,25263634,0.0,0.0,ICICIBANK.NS,10058266050560,19.177578,0.79,1500.0,1200.1
2026-01-28 00:00:00+05:30,1362.5999755859375,1380.4000244140625,1362.5999755859375,1367.699951171875,13242696,0.0,0.0,ICICIBANK.NS,10058266050560,19.177578,0.79,1500.0,1200.1
2026-01-29 00:00:00+05:30,1359.0,1387.699951171875,1354.4000244140625,1383.5999755859375,23118234,0.0,0.0,ICICIBANK.NS,10058266050560,19.177578,0.79,1500.0,1200.1
2026-01-30 00:00:00+05:30,1368.199951171875,1381.9000244140625,1353.199951171875,1355.0,24013717,0.0,0.0,ICICIBANK.NS,10058266050560,19.177578,0.79,1500.0,1200.1
2026-02-02 00:00:00+05:30,1329.9000244140625,1354.4000244140625,1329.0999755859375,1352.800048828125,12800245,0.0,0.0,ICICIBANK.NS,10058266050560,19.177578,0.79,1500.0,1200.1
2026-02-03 00:00:00+05:30,1412.0,1417.0,1373.4000244140625,1389.699951171875,24896698,0.0,0.0,ICICIBANK.NS,10058266050560,19.177578,0.79,1500.0,1200.1
2026-02-04 00:00:00+05:30,1387.0,1414.0,1386.9000244140625,1408.4000244140625,11080683,0.0,0.0,ICICIBANK.NS,10058266050560,19.177578,0.79,1500.0,1200.1
2026-02-05 00:00:00+05:30,1414.0,1414.0,1393.199951171875,1396.5,8982761,0.0,0.0,ICICIBANK.NS,10058266050560,19.177578,0.79,1500.0,1200.1
2026-02-06 00:00:00+05:30,1396.699951171875,1410.5,1394.699951171875,1406.0999755859375,10850946,0.0,0.0,ICICIBANK.NS,10058266050560,19.177578,0.79,1500.0,1200.1
